Date,State Name,DistrictName,Average Soilmoisture Level (at 15cm),Average SoilMoisture Volume (at 15cm),Aggregate Soilmoisture Percentage (at 15cm),Volume Soilmoisture percentage (at 15cm)
2020/01/31,ARUNACHAL PRADESH,UPPER SUBANSIRI,0,832.16,0,25.32003753
2020/01/31,ARUNACHAL PRADESH,TIRAP,0,357.27,0,34.44978633
2020/01/31,ARUNACHAL PRADESH,KURUNG KUMEY,0,945.77,0,27.23247482
2020/01/31,ARUNACHAL PRADESH,EAST KAMENG,0,823.74,0,26.84305534
2020/01/31,ARUNACHAL PRADESH,CHANGLANG,0,774.18,0,30.05851116
2020/01/31,ARUNACHAL PRADESH,TAWANG,0,167.98,0,13.93287831
2020/01/31,ARUNACHAL PRADESH,LOWER DIBANG VALLEY,0.03,718.32,0.15,24.6460222
2020/01/31,ARUNACHAL PRADESH,DIBANG VALLEY,0,634.38,0.03,16.67907764
2020/01/31,ARUNACHAL PRADESH,PAPUM PARE,0,563.18,0,29.15184689
2020/01/31,ARUNACHAL PRADESH,LOWER SUBANSIRI,0,347.31,0.02,27.39559788
2020/01/31,ARUNACHAL PRADESH,WEST KAMENG,0.03,530.74,0.34,19.72252553
2020/01/31,ARUNACHAL PRADESH,EAST SIANG,0,579.14,0,30.24187121
2020/01/31,ARUNACHAL PRADESH,UPPER SIANG,0,838.11,0,24.14292091
2020/01/31,ARUNACHAL PRADESH,LOHIT,0.01,498.33,0.03,25.0101371
2020/01/31,ARUNACHAL PRADESH,ANJAW,0,651.19,0,19.53166128
2020/01/31,ARUNACHAL PRADESH,WEST SIANG,0,1232.73,0.03,30.31023507
2020/01/30,ARUNACHAL PRADESH,UPPER SUBANSIRI,0,837.79,0.02,25.49131088
2020/01/30,ARUNACHAL PRADESH,TIRAP,0.11,379.67,0.66,36.61008474
2020/01/30,ARUNACHAL PRADESH,KURUNG KUMEY,0,947.06,0,27.2694497
2020/01/30,ARUNACHAL PRADESH,EAST KAMENG,0.3,877.32,2.08,28.58893266
2020/01/30,ARUNACHAL PRADESH,CHANGLANG,0.04,788.46,0.22,30.61320518
2020/01/30,ARUNACHAL PRADESH,TAWANG,0,168.37,0,13.96503915
2020/01/30,ARUNACHAL PRADESH,LOWER DIBANG VALLEY,0.12,740.31,0.72,25.40047499
2020/01/30,ARUNACHAL PRADESH,DIBANG VALLEY,0.01,636.06,0.07,16.72343749
2020/01/30,ARUNACHAL PRADESH,PAPUM PARE,0.05,583.08,0.44,30.1819187
2020/01/30,ARUNACHAL PRADESH,LOWER SUBANSIRI,0,347.92,0.02,27.44375823
2020/01/30,ARUNACHAL PRADESH,WEST KAMENG,0.03,536.14,0.4,19.92295999
2020/01/30,ARUNACHAL PRADESH,EAST SIANG,0.01,591.54,0.07,30.88941956
2020/01/30,ARUNACHAL PRADESH,UPPER SIANG,0.01,843.55,0.06,24.29944485
2020/01/30,ARUNACHAL PRADESH,LOHIT,0.02,503.13,0.1,25.25118157
2020/01/30,ARUNACHAL PRADESH,ANJAW,0,653.82,0,19.61062203
2020/01/30,ARUNACHAL PRADESH,WEST SIANG,0.01,1250.66,0.09,30.75127811
2020/01/29,ARUNACHAL PRADESH,UPPER SUBANSIRI,0,811.92,0,24.70415085
2020/01/29,ARUNACHAL PRADESH,TIRAP,0,318.26,0,30.68866581
2020/01/29,ARUNACHAL PRADESH,KURUNG KUMEY,0,948.32,0,27.30593195
2020/01/29,ARUNACHAL PRADESH,EAST KAMENG,0,769.22,0,25.06634054
2020/01/29,ARUNACHAL PRADESH,CHANGLANG,0,743.51,0,28.8678556
2020/01/29,ARUNACHAL PRADESH,TAWANG,0,168.83,0,14.0033278
2020/01/29,ARUNACHAL PRADESH,LOWER DIBANG VALLEY,0.02,680.25,0.09,23.33969333
2020/01/29,ARUNACHAL PRADESH,DIBANG VALLEY,0,622.91,0,16.3774974
2020/01/29,ARUNACHAL PRADESH,PAPUM PARE,0,537.79,0,27.8373892
2020/01/29,ARUNACHAL PRADESH,LOWER SUBANSIRI,0,347.14,0.02,27.38259136
2020/01/29,ARUNACHAL PRADESH,WEST KAMENG,0.02,504.61,0.31,18.75139576
2020/01/29,ARUNACHAL PRADESH,EAST SIANG,0,573.63,0,29.95430931
2020/01/29,ARUNACHAL PRADESH,UPPER SIANG,0,822.14,0,23.68290798
2020/01/29,ARUNACHAL PRADESH,LOHIT,0,492.75,0.02,24.73052697
2020/01/29,ARUNACHAL PRADESH,ANJAW,0,654.92,0,19.64373056
2020/01/29,ARUNACHAL PRADESH,WEST SIANG,0,1211.36,0.03,29.78483215
2020/01/28,ARUNACHAL PRADESH,UPPER SUBANSIRI,0,798.48,0,24.29518235
2020/01/28,ARUNACHAL PRADESH,TIRAP,0,317.87,0,30.65085907
2020/01/28,ARUNACHAL PRADESH,KURUNG KUMEY,0,942.1,0,27.12669148
2020/01/28,ARUNACHAL PRADESH,EAST KAMENG,0,774.16,0,25.22728152
2020/01/28,ARUNACHAL PRADESH,CHANGLANG,0,745.24,0,28.93486301
2020/01/28,ARUNACHAL PRADESH,TAWANG,0,169.6,0,14.06681005
2020/01/28,ARUNACHAL PRADESH,LOWER DIBANG VALLEY,0.01,679.15,0.07,23.30211479
2020/01/28,ARUNACHAL PRADESH,DIBANG VALLEY,0,610.76,0,16.05814631
2020/01/28,ARUNACHAL PRADESH,PAPUM PARE,0.06,565.97,0.4,29.29616456
2020/01/28,ARUNACHAL PRADESH,LOWER SUBANSIRI,0,340,0,26.81967912
2020/01/28,ARUNACHAL PRADESH,WEST KAMENG,0.02,506.61,0.32,18.82566803
2020/01/28,ARUNACHAL PRADESH,EAST SIANG,0,577.39,0,30.15086278
2020/01/28,ARUNACHAL PRADESH,UPPER SIANG,0,820.99,0,23.64967499
2020/01/28,ARUNACHAL PRADESH,LOHIT,0,496.25,0.02,24.90596188
2020/01/28,ARUNACHAL PRADESH,ANJAW,0,650.25,0,19.50368017
2020/01/28,ARUNACHAL PRADESH,WEST SIANG,0,1209.29,0.02,29.73385313
2020/01/27,ARUNACHAL PRADESH,UPPER SUBANSIRI,0,791.03,0,24.06866377
2020/01/27,ARUNACHAL PRADESH,TIRAP,0,317.86,0,30.64984624
2020/01/27,ARUNACHAL PRADESH,KURUNG KUMEY,0,938.75,0,27.03038177
2020/01/27,ARUNACHAL PRADESH,EAST KAMENG,0,769.67,0,25.08094673
2020/01/27,ARUNACHAL PRADESH,CHANGLANG,0,751,0,29.15858015
2020/01/27,ARUNACHAL PRADESH,TAWANG,0,169.38,0,14.04896778
2020/01/27,ARUNACHAL PRADESH,LOWER DIBANG VALLEY,0.01,682.74,0.08,23.42518168
2020/01/27,ARUNACHAL PRADESH,DIBANG VALLEY,0,610.84,0,16.06037822
2020/01/27,ARUNACHAL PRADESH,PAPUM PARE,0,536.78,0,27.78515624
2020/01/27,ARUNACHAL PRADESH,LOWER SUBANSIRI,0,337.99,0,26.66096053
2020/01/27,ARUNACHAL PRADESH,WEST KAMENG,0.02,504.92,0.33,18.76298089
2020/01/27,ARUNACHAL PRADESH,EAST SIANG,0,582.82,0,30.4339785
2020/01/27,ARUNACHAL PRADESH,UPPER SIANG,0,823.62,0,23.72537874
2020/01/27,ARUNACHAL PRADESH,LOHIT,0.01,500.78,0.03,25.13355342
2020/01/27,ARUNACHAL PRADESH,ANJAW,0,651.32,0,19.53574829
2020/01/27,ARUNACHAL PRADESH,WEST SIANG,0,1211.54,0.02,29.78921444
2020/01/26,ARUNACHAL PRADESH,UPPER SUBANSIRI,0,791.99,0,24.09769586
2020/01/26,ARUNACHAL PRADESH,TIRAP,0,319.69,0,30.82614619
2020/01/26,ARUNACHAL PRADESH,KURUNG KUMEY,0,939.66,0,27.05649448
2020/01/26,ARUNACHAL PRADESH,EAST KAMENG,0,775.29,0,25.26423797
2020/01/26,ARUNACHAL PRADESH,CHANGLANG,0,758.68,0,29.45677193
2020/01/26,ARUNACHAL PRADESH,TAWANG,0,169.6,0,14.06713603
2020/01/26,ARUNACHAL PRADESH,LOWER DIBANG VALLEY,0.02,687.83,0.1,23.59973066
2020/01/26,ARUNACHAL PRADESH,DIBANG VALLEY,0,613.53,0.01,16.1308432
2020/01/26,ARUNACHAL PRADESH,PAPUM PARE,0,541.24,0,28.01619837
2020/01/26,ARUNACHAL PRADESH,LOWER SUBANSIRI,0,338.37,0,26.69051519
2020/01/26,ARUNACHAL PRADESH,WEST KAMENG,0.02,506.48,0.34,18.8209976
2020/01/26,ARUNACHAL PRADESH,EAST SIANG,0,589.07,0,30.76046408
2020/01/26,ARUNACHAL PRADESH,UPPER SIANG,0,828.76,0,23.87351701
2020/01/26,ARUNACHAL PRADESH,LOHIT,0.01,505.76,0.04,25.3832238
2020/01/26,ARUNACHAL PRADESH,ANJAW,0,655.22,0,19.65250494
2020/01/26,ARUNACHAL PRADESH,WEST SIANG,0,1217.92,0.02,29.94603757
2020/01/25,ARUNACHAL PRADESH,UPPER SUBANSIRI,0,806.71,0,24.54558147
2020/01/25,ARUNACHAL PRADESH,TIRAP,0,322.58,0,31.10549418
2020/01/25,ARUNACHAL PRADESH,KURUNG KUMEY,0,950.02,0,27.35474105
2020/01/25,ARUNACHAL PRADESH,EAST KAMENG,0,784.91,0,25.5775302
2020/01/25,ARUNACHAL PRADESH,CHANGLANG,0,767.65,0,29.80490242
2020/01/25,ARUNACHAL PRADESH,TAWANG,0,170.67,0,14.15612186
2020/01/25,ARUNACHAL PRADESH,LOWER DIBANG VALLEY,0.02,693.78,0.13,23.80414239
2020/01/25,ARUNACHAL PRADESH,DIBANG VALLEY,0,620.14,0.02,16.30470089
2020/01/25,ARUNACHAL PRADESH,PAPUM PARE,0,546.95,0,28.31146657
2020/01/25,ARUNACHAL PRADESH,LOWER SUBANSIRI,0,340.95,0,26.89425417
2020/01/25,ARUNACHAL PRADESH,WEST KAMENG,0.03,516.17,0.35,19.180981
2020/01/25,ARUNACHAL PRADESH,EAST SIANG,0,596.68,0,31.15789148
2020/01/25,ARUNACHAL PRADESH,UPPER SIANG,0,837.67,0,24.1301581
2020/01/25,ARUNACHAL PRADESH,LOHIT,0.01,510.6,0.06,25.6262019
2020/01/25,ARUNACHAL PRADESH,ANJAW,0,664.26,0,19.92393827
2020/01/25,ARUNACHAL PRADESH,WEST SIANG,0,1231.75,0.03,30.28625926
2020/01/24,ARUNACHAL PRADESH,UPPER SUBANSIRI,0,807.25,0,24.5621858
2020/01/24,ARUNACHAL PRADESH,TIRAP,0,325.32,0,31.36935914
2020/01/24,ARUNACHAL PRADESH,KURUNG KUMEY,0,951.27,0,27.39064094
2020/01/24,ARUNACHAL PRADESH,EAST KAMENG,0,794.86,0,25.90184272
2020/01/24,ARUNACHAL PRADESH,CHANGLANG,0,778.15,0,30.21275639
2020/01/24,ARUNACHAL PRADESH,TAWANG,0,170.95,0,14.17919107
2020/01/24,ARUNACHAL PRADESH,LOWER DIBANG VALLEY,0.03,700.33,0.15,24.02867434
2020/01/24,ARUNACHAL PRADESH,DIBANG VALLEY,0,623.19,0.02,16.38495892
2020/01/24,ARUNACHAL PRADESH,PAPUM PARE,0,553.81,0,28.6668212
2020/01/24,ARUNACHAL PRADESH,LOWER SUBANSIRI,0,341.25,0,26.9180788
2020/01/24,ARUNACHAL PRADESH,WEST KAMENG,0.03,519.72,0.37,19.31283793
2020/01/24,ARUNACHAL PRADESH,EAST SIANG,0,605.88,0,31.63844201
2020/01/24,ARUNACHAL PRADESH,UPPER SIANG,0,845.14,0,24.34519531
2020/01/24,ARUNACHAL PRADESH,LOHIT,0.02,516.71,0.07,25.93271323
2020/01/24,ARUNACHAL PRADESH,ANJAW,0,669,0,20.06596139
2020/01/24,ARUNACHAL PRADESH,WEST SIANG,0,1244.5,0.03,30.59970427
2020/01/23,ARUNACHAL PRADESH,UPPER SUBANSIRI,0,808.07,0,24.58702159
2020/01/23,ARUNACHAL PRADESH,TIRAP,0,328.31,0,31.65805855
2020/01/23,ARUNACHAL PRADESH,KURUNG KUMEY,0,952.96,0,27.43926676
2020/01/23,ARUNACHAL PRADESH,EAST KAMENG,0.08,816.57,0.5,26.60949273
2020/01/23,ARUNACHAL PRADESH,CHANGLANG,0,794.98,0.02,30.8663134
2020/01/23,ARUNACHAL PRADESH,TAWANG,0,171.19,0,14.19877473
2020/01/23,ARUNACHAL PRADESH,LOWER DIBANG VALLEY,0.03,707.75,0.18,24.28324418
2020/01/23,ARUNACHAL PRADESH,DIBANG VALLEY,0.01,626.69,0.03,16.47688632
2020/01/23,ARUNACHAL PRADESH,PAPUM PARE,0.04,567.01,0.26,29.35021426
2020/01/23,ARUNACHAL PRADESH,LOWER SUBANSIRI,0,341.64,0,26.94848258
2020/01/23,ARUNACHAL PRADESH,WEST KAMENG,0.03,525.06,0.41,19.51110007
2020/01/23,ARUNACHAL PRADESH,EAST SIANG,0,620.12,0.03,32.38205492
2020/01/23,ARUNACHAL PRADESH,UPPER SIANG,0,854.37,0,24.61129309
2020/01/23,ARUNACHAL PRADESH,LOHIT,0.02,523.39,0.09,26.26823767
2020/01/23,ARUNACHAL PRADESH,ANJAW,0,672.96,0,20.18465968
2020/01/23,ARUNACHAL PRADESH,WEST SIANG,0,1272.9,0.03,31.29805565
2020/01/22,ARUNACHAL PRADESH,UPPER SUBANSIRI,0,807.91,0,24.58211981
2020/01/22,ARUNACHAL PRADESH,TIRAP,0,333.56,0,32.16421532
2020/01/22,ARUNACHAL PRADESH,KURUNG KUMEY,0,953.52,0,27.45561167
2020/01/22,ARUNACHAL PRADESH,EAST KAMENG,0,798.07,0,26.00656385
2020/01/22,ARUNACHAL PRADESH,CHANGLANG,0,787.04,0,30.55809706
2020/01/22,ARUNACHAL PRADESH,TAWANG,0,170.59,0,14.14904912
2020/01/22,ARUNACHAL PRADESH,LOWER DIBANG VALLEY,0.04,722.64,0.26,24.79432325
2020/01/22,ARUNACHAL PRADESH,DIBANG VALLEY,0.01,635.22,0.05,16.70128114
2020/01/22,ARUNACHAL PRADESH,PAPUM PARE,0,512.29,0,26.51760564
2020/01/22,ARUNACHAL PRADESH,LOWER SUBANSIRI,0,352.71,0,27.82226446
2020/01/22,ARUNACHAL PRADESH,WEST KAMENG,0.03,523.9,0.39,19.4683174
2020/01/22,ARUNACHAL PRADESH,EAST SIANG,0,614.18,0,32.07161883
2020/01/22,ARUNACHAL PRADESH,UPPER SIANG,0,859.66,0,24.76348815
2020/01/22,ARUNACHAL PRADESH,LOHIT,0.02,530.77,0.11,26.63860062
2020/01/22,ARUNACHAL PRADESH,ANJAW,0,680.28,0,20.40436743
2020/01/22,ARUNACHAL PRADESH,WEST SIANG,0,1233.17,0.04,30.32119031
2020/01/21,ARUNACHAL PRADESH,UPPER SUBANSIRI,0,808.9,0,24.61230904
2020/01/21,ARUNACHAL PRADESH,TIRAP,0,337.31,0,32.52587694
2020/01/21,ARUNACHAL PRADESH,KURUNG KUMEY,0,953.25,0,27.4477054
2020/01/21,ARUNACHAL PRADESH,EAST KAMENG,0,798.14,0,26.00871718
2020/01/21,ARUNACHAL PRADESH,CHANGLANG,0,801.92,0,31.13565094
2020/01/21,ARUNACHAL PRADESH,TAWANG,0,170.95,0,14.17905057
2020/01/21,ARUNACHAL PRADESH,LOWER DIBANG VALLEY,0.05,734.66,0.31,25.20680835
2020/01/21,ARUNACHAL PRADESH,DIBANG VALLEY,0.01,637.87,0.07,16.77097536
2020/01/21,ARUNACHAL PRADESH,PAPUM PARE,0,510.54,0,26.42716677
2020/01/21,ARUNACHAL PRADESH,LOWER SUBANSIRI,0,347.22,0,27.38867445
2020/01/21,ARUNACHAL PRADESH,WEST KAMENG,0.03,525.97,0.41,19.5451336
2020/01/21,ARUNACHAL PRADESH,EAST SIANG,0,627.59,0,32.77225308
2020/01/21,ARUNACHAL PRADESH,UPPER SIANG,0,874.39,0,25.1880151
2020/01/21,ARUNACHAL PRADESH,LOHIT,0.03,540.77,0.14,27.14017512
2020/01/21,ARUNACHAL PRADESH,ANJAW,0,686.03,0,20.57668179
2020/01/21,ARUNACHAL PRADESH,WEST SIANG,0,1243.59,0.04,30.57739642
2020/01/20,ARUNACHAL PRADESH,UPPER SUBANSIRI,0,809.91,0,24.64304604
2020/01/20,ARUNACHAL PRADESH,TIRAP,0,343.15,0,33.08882322
2020/01/20,ARUNACHAL PRADESH,KURUNG KUMEY,0,956.23,0,27.53361126
2020/01/20,ARUNACHAL PRADESH,EAST KAMENG,0,811,0,26.42778573
2020/01/20,ARUNACHAL PRADESH,CHANGLANG,0.33,840.7,2.26,32.64132441
2020/01/20,ARUNACHAL PRADESH,TAWANG,0,171.26,0,14.20477808
2020/01/20,ARUNACHAL PRADESH,LOWER DIBANG VALLEY,0.09,754.33,0.52,25.88155722
2020/01/20,ARUNACHAL PRADESH,DIBANG VALLEY,0.02,642.14,0.11,16.88312869
2020/01/20,ARUNACHAL PRADESH,PAPUM PARE,0,512.25,0,26.51556358
2020/01/20,ARUNACHAL PRADESH,LOWER SUBANSIRI,0,347.41,0,27.40347024
2020/01/20,ARUNACHAL PRADESH,WEST KAMENG,0.04,530.36,0.45,19.70804144
2020/01/20,ARUNACHAL PRADESH,EAST SIANG,0.06,656.3,0.38,34.27107711
2020/01/20,ARUNACHAL PRADESH,UPPER SIANG,0.18,908.26,1,26.16350775
2020/01/20,ARUNACHAL PRADESH,LOHIT,0.06,556,0.34,27.90464641
2020/01/20,ARUNACHAL PRADESH,ANJAW,0.02,698.93,0.09,20.96368005
2020/01/20,ARUNACHAL PRADESH,WEST SIANG,0.01,1260.75,0.07,30.99925076
2020/01/19,ARUNACHAL PRADESH,UPPER SUBANSIRI,0,804.01,0,24.46354377
2020/01/19,ARUNACHAL PRADESH,TIRAP,0,354.51,0.02,34.18440789
2020/01/19,ARUNACHAL PRADESH,KURUNG KUMEY,0,960.13,0,27.64599016
2020/01/19,ARUNACHAL PRADESH,EAST KAMENG,0.23,850.13,1.58,27.70291689
2020/01/19,ARUNACHAL PRADESH,CHANGLANG,0.37,840.96,2.49,32.65153223
2020/01/19,ARUNACHAL PRADESH,TAWANG,0,172.19,0,14.28203615
2020/01/19,ARUNACHAL PRADESH,LOWER DIBANG VALLEY,0.64,808.13,3.8,27.72731385
2020/01/19,ARUNACHAL PRADESH,DIBANG VALLEY,0.14,663.05,0.79,17.43308208
2020/01/19,ARUNACHAL PRADESH,PAPUM PARE,0,511.27,0,26.46451923
2020/01/19,ARUNACHAL PRADESH,LOWER SUBANSIRI,0,344.55,0,27.17832708
2020/01/19,ARUNACHAL PRADESH,WEST KAMENG,0.17,545.6,1.39,20.27466712
2020/01/19,ARUNACHAL PRADESH,EAST SIANG,0.1,615,0.63,32.11485169
2020/01/19,ARUNACHAL PRADESH,UPPER SIANG,0.23,900.81,1.3,25.94908018
2020/01/19,ARUNACHAL PRADESH,LOHIT,0.37,591.2,2.3,29.67159722
2020/01/19,ARUNACHAL PRADESH,ANJAW,0.34,741.5,1.93,22.24057107
2020/01/19,ARUNACHAL PRADESH,WEST SIANG,0,1223.75,0.03,30.089508
2020/01/18,ARUNACHAL PRADESH,UPPER SUBANSIRI,0,798.21,0,24.28689251
2020/01/18,ARUNACHAL PRADESH,TIRAP,0,319.13,0,30.77234595
2020/01/18,ARUNACHAL PRADESH,KURUNG KUMEY,0,923.69,0,26.5967529
2020/01/18,ARUNACHAL PRADESH,EAST KAMENG,0,690.91,0,22.51456285
2020/01/18,ARUNACHAL PRADESH,CHANGLANG,0,730.24,0,28.35251814
2020/01/18,ARUNACHAL PRADESH,TAWANG,0,172.57,0,14.31368513
2020/01/18,ARUNACHAL PRADESH,LOWER DIBANG VALLEY,0.03,683.23,0.19,23.44211263
2020/01/18,ARUNACHAL PRADESH,DIBANG VALLEY,0,626.26,0.01,16.46558302
2020/01/18,ARUNACHAL PRADESH,PAPUM PARE,0,506.61,0,26.22361233
2020/01/18,ARUNACHAL PRADESH,LOWER SUBANSIRI,0,345.47,0,27.25099294
2020/01/18,ARUNACHAL PRADESH,WEST KAMENG,0,459.3,0,17.06764267
2020/01/18,ARUNACHAL PRADESH,EAST SIANG,0,558.66,0,29.17251776
2020/01/18,ARUNACHAL PRADESH,UPPER SIANG,0,813.46,0,23.43281864
2020/01/18,ARUNACHAL PRADESH,LOHIT,0,497.5,0,24.96849344
2020/01/18,ARUNACHAL PRADESH,ANJAW,0,654.95,0,19.6445883
2020/01/18,ARUNACHAL PRADESH,WEST SIANG,0,1188.56,0.03,29.22436262
2020/01/17,ARUNACHAL PRADESH,UPPER SUBANSIRI,0,802.97,0,24.43185635
2020/01/17,ARUNACHAL PRADESH,TIRAP,0,320.77,0,30.93069528
2020/01/17,ARUNACHAL PRADESH,KURUNG KUMEY,0,927.32,0,26.7011294
2020/01/17,ARUNACHAL PRADESH,EAST KAMENG,0,682.36,0,22.23594515
2020/01/17,ARUNACHAL PRADESH,CHANGLANG,0,732.65,0.01,28.44623365
2020/01/17,ARUNACHAL PRADESH,TAWANG,0,172.51,0,14.30802443
2020/01/17,ARUNACHAL PRADESH,LOWER DIBANG VALLEY,0.03,676.05,0.16,23.19569267
2020/01/17,ARUNACHAL PRADESH,DIBANG VALLEY,0,619.79,0,16.29551176
2020/01/17,ARUNACHAL PRADESH,PAPUM PARE,0,509.17,0,26.35628289
2020/01/17,ARUNACHAL PRADESH,LOWER SUBANSIRI,0,348.3,0,27.4740449
2020/01/17,ARUNACHAL PRADESH,WEST KAMENG,0,454.86,0,16.90253731
2020/01/17,ARUNACHAL PRADESH,EAST SIANG,0,560.43,0,29.26479973
2020/01/17,ARUNACHAL PRADESH,UPPER SIANG,0,816.77,0,23.52814645
2020/01/17,ARUNACHAL PRADESH,LOHIT,0,500.29,0,25.10896881
2020/01/17,ARUNACHAL PRADESH,ANJAW,0,652.1,0,19.55910445
2020/01/17,ARUNACHAL PRADESH,WEST SIANG,0,1193.5,0.03,29.34566689
2020/01/16,ARUNACHAL PRADESH,UPPER SUBANSIRI,0,803.53,0,24.4488513
2020/01/16,ARUNACHAL PRADESH,TIRAP,0,322.82,0,31.12778319
2020/01/16,ARUNACHAL PRADESH,KURUNG KUMEY,0,927.4,0,26.70335583
2020/01/16,ARUNACHAL PRADESH,EAST KAMENG,0,684.65,0,22.31053709
2020/01/16,ARUNACHAL PRADESH,CHANGLANG,0,736.15,0,28.58213954
2020/01/16,ARUNACHAL PRADESH,TAWANG,0,173,0,14.34884786
2020/01/16,ARUNACHAL PRADESH,LOWER DIBANG VALLEY,0.03,677.46,0.14,23.24400092
2020/01/16,ARUNACHAL PRADESH,DIBANG VALLEY,0,613.53,0,16.13101746
2020/01/16,ARUNACHAL PRADESH,PAPUM PARE,0,511.01,0,26.45112782
2020/01/16,ARUNACHAL PRADESH,LOWER SUBANSIRI,0,348.79,0,27.51274506
2020/01/16,ARUNACHAL PRADESH,WEST KAMENG,0,455.95,0,16.94320193
2020/01/16,ARUNACHAL PRADESH,EAST SIANG,0,563.99,0,29.45098229
2020/01/16,ARUNACHAL PRADESH,UPPER SIANG,0,818.37,0,23.57426129
2020/01/16,ARUNACHAL PRADESH,LOHIT,0,503.94,0.01,25.29173298
2020/01/16,ARUNACHAL PRADESH,ANJAW,0,649.79,0,19.48963721
2020/01/16,ARUNACHAL PRADESH,WEST SIANG,0,1195.38,0.03,29.39197182
2020/01/15,ARUNACHAL PRADESH,UPPER SUBANSIRI,0,803.47,0,24.446962
2020/01/15,ARUNACHAL PRADESH,TIRAP,0,325.32,0,31.36891239
2020/01/15,ARUNACHAL PRADESH,KURUNG KUMEY,0,925.71,0,26.65481737
2020/01/15,ARUNACHAL PRADESH,EAST KAMENG,0,686.69,0,22.37685103
2020/01/15,ARUNACHAL PRADESH,CHANGLANG,0,740.6,0,28.75487638
2020/01/15,ARUNACHAL PRADESH,TAWANG,0,173.23,0,14.36789332
2020/01/15,ARUNACHAL PRADESH,LOWER DIBANG VALLEY,0.03,681.6,0.16,23.38608883
2020/01/15,ARUNACHAL PRADESH,DIBANG VALLEY,0,605.69,0,15.9249096
2020/01/15,ARUNACHAL PRADESH,PAPUM PARE,0,513.2,0,26.56459184
2020/01/15,ARUNACHAL PRADESH,LOWER SUBANSIRI,0,349.31,0,27.55385203
2020/01/15,ARUNACHAL PRADESH,WEST KAMENG,0,457.2,0,16.98951403
2020/01/15,ARUNACHAL PRADESH,EAST SIANG,0,568.06,0,29.66357528
2020/01/15,ARUNACHAL PRADESH,UPPER SIANG,0,819.64,0,23.61078897
2020/01/15,ARUNACHAL PRADESH,LOHIT,0,507.97,0.02,25.49402779
2020/01/15,ARUNACHAL PRADESH,ANJAW,0,646.74,0,19.39823253
2020/01/15,ARUNACHAL PRADESH,WEST SIANG,0,1197.63,0.03,29.4471781
2020/01/14,ARUNACHAL PRADESH,UPPER SUBANSIRI,0,805.2,0,24.4998296
2020/01/14,ARUNACHAL PRADESH,TIRAP,0,328.02,0,31.62952756
2020/01/14,ARUNACHAL PRADESH,KURUNG KUMEY,0,926.51,0,26.67788332
2020/01/14,ARUNACHAL PRADESH,EAST KAMENG,0,689.6,0,22.4717929
2020/01/14,ARUNACHAL PRADESH,CHANGLANG,0,746.07,0,28.96720963
2020/01/14,ARUNACHAL PRADESH,TAWANG,0,172.41,0,14.30022678
2020/01/14,ARUNACHAL PRADESH,LOWER DIBANG VALLEY,0.03,683.27,0.18,23.44334623
2020/01/14,ARUNACHAL PRADESH,DIBANG VALLEY,0,595.36,0,15.65332762
2020/01/14,ARUNACHAL PRADESH,PAPUM PARE,0,515.07,0,26.66121166
2020/01/14,ARUNACHAL PRADESH,LOWER SUBANSIRI,0,350.63,0.01,27.65788615
2020/01/14,ARUNACHAL PRADESH,WEST KAMENG,0,457.17,0,16.98837394
2020/01/14,ARUNACHAL PRADESH,EAST SIANG,0,572.62,0,29.90161645
2020/01/14,ARUNACHAL PRADESH,UPPER SIANG,0,823.36,0,23.71807155
2020/01/14,ARUNACHAL PRADESH,LOHIT,0.01,511.47,0.03,25.66965695
2020/01/14,ARUNACHAL PRADESH,ANJAW,0,646.31,0,19.38530191
2020/01/14,ARUNACHAL PRADESH,WEST SIANG,0,1200.83,0.04,29.52605669
2020/01/13,ARUNACHAL PRADESH,UPPER SUBANSIRI,0,804.83,0,24.48833729
2020/01/13,ARUNACHAL PRADESH,TIRAP,0,330.67,0,31.8854439
2020/01/13,ARUNACHAL PRADESH,KURUNG KUMEY,0,924.07,0,26.60741593
2020/01/13,ARUNACHAL PRADESH,EAST KAMENG,0,688.24,0,22.42759983
2020/01/13,ARUNACHAL PRADESH,CHANGLANG,0,750.93,0,29.15602698
2020/01/13,ARUNACHAL PRADESH,TAWANG,0,172.14,0,14.27748038
2020/01/13,ARUNACHAL PRADESH,LOWER DIBANG VALLEY,0.04,687.47,0.2,23.5875167
2020/01/13,ARUNACHAL PRADESH,DIBANG VALLEY,0,597.82,0.01,15.71792736
2020/01/13,ARUNACHAL PRADESH,PAPUM PARE,0,517.73,0,26.79920514
2020/01/13,ARUNACHAL PRADESH,LOWER SUBANSIRI,0,351.24,0.01,27.70587726
2020/01/13,ARUNACHAL PRADESH,WEST KAMENG,0,457.22,0,16.99020587
2020/01/13,ARUNACHAL PRADESH,EAST SIANG,0,577.4,0,30.15093787
2020/01/13,ARUNACHAL PRADESH,UPPER SIANG,0,823.63,0,23.72585066
2020/01/13,ARUNACHAL PRADESH,LOHIT,0.01,516.59,0.04,25.92671505
2020/01/13,ARUNACHAL PRADESH,ANJAW,0,648,0,19.43597072
2020/01/13,ARUNACHAL PRADESH,WEST SIANG,0,1204.26,0.04,29.61028283
2020/01/12,ARUNACHAL PRADESH,UPPER SUBANSIRI,0,796.32,0,24.22954652
2020/01/12,ARUNACHAL PRADESH,TIRAP,0,332.8,0,32.09047893
2020/01/12,ARUNACHAL PRADESH,KURUNG KUMEY,0,915.35,0,26.35654078
2020/01/12,ARUNACHAL PRADESH,EAST KAMENG,0,686.05,0,22.3560847
2020/01/12,ARUNACHAL PRADESH,CHANGLANG,0,754.86,0,29.30860973
2020/01/12,ARUNACHAL PRADESH,TAWANG,0,167.97,0,13.93145176
2020/01/12,ARUNACHAL PRADESH,LOWER DIBANG VALLEY,0.03,687.41,0.2,23.58539606
2020/01/12,ARUNACHAL PRADESH,DIBANG VALLEY,0,594.38,0.01,15.62751978
2020/01/12,ARUNACHAL PRADESH,PAPUM PARE,0,519.43,0,26.88700017
2020/01/12,ARUNACHAL PRADESH,LOWER SUBANSIRI,0,348.6,0,27.49805433
2020/01/12,ARUNACHAL PRADESH,WEST KAMENG,0,455.78,0,16.9367407
2020/01/12,ARUNACHAL PRADESH,EAST SIANG,0,581.08,0,30.34329668
2020/01/12,ARUNACHAL PRADESH,UPPER SIANG,0,824.35,0,23.7464625
2020/01/12,ARUNACHAL PRADESH,LOHIT,0.01,522.2,0.05,26.20824189
2020/01/12,ARUNACHAL PRADESH,ANJAW,0,643.61,0,19.30427419
2020/01/12,ARUNACHAL PRADESH,WEST SIANG,0,1200.76,0.04,29.52427663
2020/01/11,ARUNACHAL PRADESH,UPPER SUBANSIRI,0,796.18,0,24.22512927
2020/01/11,ARUNACHAL PRADESH,TIRAP,0,336,0,32.399373
2020/01/11,ARUNACHAL PRADESH,KURUNG KUMEY,0,912.76,0,26.28203191
2020/01/11,ARUNACHAL PRADESH,EAST KAMENG,0,687.76,0,22.41199404
2020/01/11,ARUNACHAL PRADESH,CHANGLANG,0,761.65,0,29.57195682
2020/01/11,ARUNACHAL PRADESH,TAWANG,0,164.14,0,13.61392242
2020/01/11,ARUNACHAL PRADESH,LOWER DIBANG VALLEY,0.04,691.35,0.24,23.72072522
2020/01/11,ARUNACHAL PRADESH,DIBANG VALLEY,0,597.02,0.01,15.6968404
2020/01/11,ARUNACHAL PRADESH,PAPUM PARE,0,522.6,0,27.0514318
2020/01/11,ARUNACHAL PRADESH,LOWER SUBANSIRI,0,349.21,0,27.54568702
2020/01/11,ARUNACHAL PRADESH,WEST KAMENG,0,454.52,0,16.89012306
2020/01/11,ARUNACHAL PRADESH,EAST SIANG,0,585.8,0,30.58984473
2020/01/11,ARUNACHAL PRADESH,UPPER SIANG,0,829.55,0,23.89625283
2020/01/11,ARUNACHAL PRADESH,LOHIT,0.01,528.16,0.06,26.50727374
2020/01/11,ARUNACHAL PRADESH,ANJAW,0,640.82,0,19.22084466
2020/01/11,ARUNACHAL PRADESH,WEST SIANG,0,1203.97,0.04,29.60322913
2020/01/10,ARUNACHAL PRADESH,UPPER SUBANSIRI,0,796.34,0,24.2301922
2020/01/10,ARUNACHAL PRADESH,TIRAP,0,339.92,0,32.77688933
2020/01/10,ARUNACHAL PRADESH,KURUNG KUMEY,0,912.51,0,26.27467843
2020/01/10,ARUNACHAL PRADESH,EAST KAMENG,0,689.77,0,22.47729334
2020/01/10,ARUNACHAL PRADESH,CHANGLANG,0,768.32,0,29.8309411
2020/01/10,ARUNACHAL PRADESH,TAWANG,0,164.06,0,13.60756321
2020/01/10,ARUNACHAL PRADESH,LOWER DIBANG VALLEY,0.05,697.35,0.28,23.92637787
2020/01/10,ARUNACHAL PRADESH,DIBANG VALLEY,0,599.93,0.01,15.77337624
2020/01/10,ARUNACHAL PRADESH,PAPUM PARE,0,525.78,0,27.21577814
2020/01/10,ARUNACHAL PRADESH,LOWER SUBANSIRI,0,349.82,0,27.5938195
2020/01/10,ARUNACHAL PRADESH,WEST KAMENG,0,455.18,0,16.91438523
2020/01/10,ARUNACHAL PRADESH,EAST SIANG,0,591.49,0,30.88712091
2020/01/10,ARUNACHAL PRADESH,UPPER SIANG,0,835.33,0,24.06280705
2020/01/10,ARUNACHAL PRADESH,LOHIT,0.02,535.22,0.08,26.86204899
2020/01/10,ARUNACHAL PRADESH,ANJAW,0,642.85,0,19.28154212
2020/01/10,ARUNACHAL PRADESH,WEST SIANG,0,1208.08,0.04,29.70412824
2020/01/09,ARUNACHAL PRADESH,UPPER SUBANSIRI,0,796.22,0,24.22642914
2020/01/09,ARUNACHAL PRADESH,TIRAP,0,343.85,0,33.15638582
2020/01/09,ARUNACHAL PRADESH,KURUNG KUMEY,0,912.25,0,26.26726509
2020/01/09,ARUNACHAL PRADESH,EAST KAMENG,0,690.7,0,22.50748964
2020/01/09,ARUNACHAL PRADESH,CHANGLANG,0,777,0,30.16798029
2020/01/09,ARUNACHAL PRADESH,TAWANG,0,163.88,0,13.59232903
2020/01/09,ARUNACHAL PRADESH,LOWER DIBANG VALLEY,0.05,703.07,0.31,24.12288445
2020/01/09,ARUNACHAL PRADESH,DIBANG VALLEY,0,603.56,0.02,15.86887715
2020/01/09,ARUNACHAL PRADESH,PAPUM PARE,0,528.99,0,27.38220327
2020/01/09,ARUNACHAL PRADESH,LOWER SUBANSIRI,0,350.65,0,27.65967212
2020/01/09,ARUNACHAL PRADESH,WEST KAMENG,0,453.93,0,16.86796735
2020/01/09,ARUNACHAL PRADESH,EAST SIANG,0,598.19,0,31.23667903
2020/01/09,ARUNACHAL PRADESH,UPPER SIANG,0,842.02,0,24.25534399
2020/01/09,ARUNACHAL PRADESH,LOHIT,0.02,543.27,0.09,27.26563416
2020/01/09,ARUNACHAL PRADESH,ANJAW,0,648.3,0,19.44498683
2020/01/09,ARUNACHAL PRADESH,WEST SIANG,0,1212.21,0.05,29.80564183
2020/01/08,ARUNACHAL PRADESH,UPPER SUBANSIRI,0,797.03,0,24.25103749
2020/01/08,ARUNACHAL PRADESH,TIRAP,0,348.71,0,33.62510332
2020/01/08,ARUNACHAL PRADESH,KURUNG KUMEY,0,911.48,0,26.24508455
2020/01/08,ARUNACHAL PRADESH,EAST KAMENG,0,691.13,0,22.52177957
2020/01/08,ARUNACHAL PRADESH,CHANGLANG,0,788.66,0.01,30.62094001
2020/01/08,ARUNACHAL PRADESH,TAWANG,0,163.92,0,13.59561519
2020/01/08,ARUNACHAL PRADESH,LOWER DIBANG VALLEY,0.06,706.42,0.33,24.23781096
2020/01/08,ARUNACHAL PRADESH,DIBANG VALLEY,0,605.74,0.02,15.92626477
2020/01/08,ARUNACHAL PRADESH,PAPUM PARE,0,531.48,0,27.51078508
2020/01/08,ARUNACHAL PRADESH,LOWER SUBANSIRI,0,351.2,0,27.70257617
2020/01/08,ARUNACHAL PRADESH,WEST KAMENG,0,454.1,0,16.87444294
2020/01/08,ARUNACHAL PRADESH,EAST SIANG,0,604.38,0,31.55989038
2020/01/08,ARUNACHAL PRADESH,UPPER SIANG,0,842.09,0,24.25741076
2020/01/08,ARUNACHAL PRADESH,LOHIT,0.02,552.08,0.11,27.70788069
2020/01/08,ARUNACHAL PRADESH,ANJAW,0,647.82,0,19.43072665
2020/01/08,ARUNACHAL PRADESH,WEST SIANG,0,1217.52,0.05,29.93629344
2020/01/07,ARUNACHAL PRADESH,UPPER SUBANSIRI,0,798.31,0,24.29008868
2020/01/07,ARUNACHAL PRADESH,TIRAP,0,355.52,0,34.28172036
2020/01/07,ARUNACHAL PRADESH,KURUNG KUMEY,0,909.63,0,26.19172215
2020/01/07,ARUNACHAL PRADESH,EAST KAMENG,0,692.27,0,22.55894868
2020/01/07,ARUNACHAL PRADESH,CHANGLANG,0,804.67,0.01,31.24250988
2020/01/07,ARUNACHAL PRADESH,TAWANG,0,163.97,0,13.60035799
2020/01/07,ARUNACHAL PRADESH,LOWER DIBANG VALLEY,0.07,716.04,0.37,24.56765088
2020/01/07,ARUNACHAL PRADESH,DIBANG VALLEY,0,609.09,0.03,16.01416692
2020/01/07,ARUNACHAL PRADESH,PAPUM PARE,0,535.6,0,27.72423371
2020/01/07,ARUNACHAL PRADESH,LOWER SUBANSIRI,0,352.01,0,27.76688862
2020/01/07,ARUNACHAL PRADESH,WEST KAMENG,0,455.26,0,16.91741301
2020/01/07,ARUNACHAL PRADESH,EAST SIANG,0,614.58,0,32.09290862
2020/01/07,ARUNACHAL PRADESH,UPPER SIANG,0,850.32,0,24.49448318
2020/01/07,ARUNACHAL PRADESH,LOHIT,0.03,565.41,0.15,28.37694352
2020/01/07,ARUNACHAL PRADESH,ANJAW,0,655.49,0,19.660879
2020/01/07,ARUNACHAL PRADESH,WEST SIANG,0,1224.81,0.05,30.11550006
2020/01/06,ARUNACHAL PRADESH,UPPER SUBANSIRI,0.09,967.54,1.06,29.43913622
2020/01/06,ARUNACHAL PRADESH,TIRAP,0.15,363.73,0.93,35.07337255
2020/01/06,ARUNACHAL PRADESH,KURUNG KUMEY,0.26,1024.88,1.47,29.51026069
2020/01/06,ARUNACHAL PRADESH,EAST KAMENG,0.08,774.5,0.47,25.23838141
2020/01/06,ARUNACHAL PRADESH,CHANGLANG,2.94,885.44,16.56,34.37833086
2020/01/06,ARUNACHAL PRADESH,TAWANG,1.07,212.42,10.23,17.61868509
2020/01/06,ARUNACHAL PRADESH,LOWER DIBANG VALLEY,1.2,831.51,7.1,28.52975976
2020/01/06,ARUNACHAL PRADESH,DIBANG VALLEY,0.3,921.76,1.65,24.23487566
2020/01/06,ARUNACHAL PRADESH,PAPUM PARE,0.16,584.22,1.9,30.24063901
2020/01/06,ARUNACHAL PRADESH,LOWER SUBANSIRI,0.47,401.84,6.67,31.69723002
2020/01/06,ARUNACHAL PRADESH,WEST KAMENG,0.14,547.57,1.49,20.34774724
2020/01/06,ARUNACHAL PRADESH,EAST SIANG,1.63,640.26,8.4,33.43382835
2020/01/06,ARUNACHAL PRADESH,UPPER SIANG,0.54,989.87,2.93,28.5145081
2020/01/06,ARUNACHAL PRADESH,LOHIT,2.55,619.07,12.88,31.07025288
2020/01/06,ARUNACHAL PRADESH,ANJAW,1.51,916.63,8.8,27.49326258
2020/01/06,ARUNACHAL PRADESH,WEST SIANG,0.18,1337.56,0.97,32.88773189
2020/01/05,ARUNACHAL PRADESH,UPPER SUBANSIRI,0.09,970.92,1.11,29.54205903
2020/01/05,ARUNACHAL PRADESH,TIRAP,0.13,382.07,0.82,36.84121241
2020/01/05,ARUNACHAL PRADESH,KURUNG KUMEY,0.27,1025.88,1.51,29.53892677
2020/01/05,ARUNACHAL PRADESH,EAST KAMENG,0.09,779.41,0.49,25.39836421
2020/01/05,ARUNACHAL PRADESH,CHANGLANG,3.44,942.07,19.85,36.57710776
2020/01/05,ARUNACHAL PRADESH,TAWANG,1.08,212.11,10.29,17.59323657
2020/01/05,ARUNACHAL PRADESH,LOWER DIBANG VALLEY,1.35,866.93,8.05,29.74492609
2020/01/05,ARUNACHAL PRADESH,DIBANG VALLEY,0.31,935.78,1.69,24.60356247
2020/01/05,ARUNACHAL PRADESH,PAPUM PARE,0.16,594.39,1.9,30.76708848
2020/01/05,ARUNACHAL PRADESH,LOWER SUBANSIRI,0.47,404.27,6.7,31.8893965
2020/01/05,ARUNACHAL PRADESH,WEST KAMENG,0.14,544.74,1.49,20.24261636
2020/01/05,ARUNACHAL PRADESH,EAST SIANG,1.9,682.2,10.17,35.62379833
2020/01/05,ARUNACHAL PRADESH,UPPER SIANG,0.55,1016.32,3.01,29.27646683
2020/01/05,ARUNACHAL PRADESH,LOHIT,3.07,672.33,16.19,33.74325298
2020/01/05,ARUNACHAL PRADESH,ANJAW,1.69,949.94,9.86,28.4925727
2020/01/05,ARUNACHAL PRADESH,WEST SIANG,0.25,1376.8,1.4,33.85262315
2020/01/04,ARUNACHAL PRADESH,UPPER SUBANSIRI,0.09,973.76,1.15,29.62835708
2020/01/04,ARUNACHAL PRADESH,TIRAP,0.1,365.1,0.62,35.20536666
2020/01/04,ARUNACHAL PRADESH,KURUNG KUMEY,0.28,1027.23,1.55,29.57799346
2020/01/04,ARUNACHAL PRADESH,EAST KAMENG,0.11,787.86,0.73,25.67364242
2020/01/04,ARUNACHAL PRADESH,CHANGLANG,2.16,854.61,11.86,33.18130099
2020/01/04,ARUNACHAL PRADESH,TAWANG,1.08,212.45,10.32,17.62120903
2020/01/04,ARUNACHAL PRADESH,LOWER DIBANG VALLEY,1.23,843.49,7.25,28.94074404
2020/01/04,ARUNACHAL PRADESH,DIBANG VALLEY,0.31,954.42,1.72,25.09375781
2020/01/04,ARUNACHAL PRADESH,PAPUM PARE,0.31,609.45,3.55,31.54663913
2020/01/04,ARUNACHAL PRADESH,LOWER SUBANSIRI,0.47,406.28,6.7,32.04775647
2020/01/04,ARUNACHAL PRADESH,WEST KAMENG,0.15,546.42,1.52,20.30483279
2020/01/04,ARUNACHAL PRADESH,EAST SIANG,1.34,588.72,6.67,30.74217623
2020/01/04,ARUNACHAL PRADESH,UPPER SIANG,0.65,1032.98,3.53,29.75624233
2020/01/04,ARUNACHAL PRADESH,LOHIT,2.02,594.97,9.73,29.86033899
2020/01/04,ARUNACHAL PRADESH,ANJAW,1.52,961.91,8.74,28.8514459
2020/01/04,ARUNACHAL PRADESH,WEST SIANG,0.18,1327.87,0.97,32.64965051
2020/01/03,ARUNACHAL PRADESH,UPPER SUBANSIRI,0.1,976.88,1.19,29.72347456
2020/01/03,ARUNACHAL PRADESH,TIRAP,0.22,387.92,1.55,37.40575848
2020/01/03,ARUNACHAL PRADESH,KURUNG KUMEY,0.29,1028.3,1.59,29.60866322
2020/01/03,ARUNACHAL PRADESH,EAST KAMENG,0.09,763.95,0.51,24.89461149
2020/01/03,ARUNACHAL PRADESH,CHANGLANG,2.7,920.79,15.5,35.75083167
2020/01/03,ARUNACHAL PRADESH,TAWANG,1.09,212.63,10.38,17.63578346
2020/01/03,ARUNACHAL PRADESH,LOWER DIBANG VALLEY,1.21,748.09,7.08,25.66749532
2020/01/03,ARUNACHAL PRADESH,DIBANG VALLEY,0.63,995.48,3.43,26.17330261
2020/01/03,ARUNACHAL PRADESH,PAPUM PARE,0.16,559.8,1.91,28.976569
2020/01/03,ARUNACHAL PRADESH,LOWER SUBANSIRI,0.48,408.25,6.71,32.20309881
2020/01/03,ARUNACHAL PRADESH,WEST KAMENG,0.15,546.05,1.54,20.29110678
2020/01/03,ARUNACHAL PRADESH,EAST SIANG,1.34,548.28,6.69,28.63045479
2020/01/03,ARUNACHAL PRADESH,UPPER SIANG,0.74,1031.37,4.06,29.70982558
2020/01/03,ARUNACHAL PRADESH,LOHIT,1.59,494.34,7.22,24.81001497
2020/01/03,ARUNACHAL PRADESH,ANJAW,1.43,982.25,8.15,29.46169
2020/01/03,ARUNACHAL PRADESH,WEST SIANG,0.19,1309.87,0.98,32.20712976
2020/01/02,ARUNACHAL PRADESH,UPPER SUBANSIRI,0.08,913.04,0.91,27.78081956
2020/01/02,ARUNACHAL PRADESH,TIRAP,0.02,279.61,0.09,26.96121268
2020/01/02,ARUNACHAL PRADESH,KURUNG KUMEY,0.29,988.78,1.63,28.47078475
2020/01/02,ARUNACHAL PRADESH,EAST KAMENG,0.09,694.56,0.52,22.63354902
2020/01/02,ARUNACHAL PRADESH,CHANGLANG,1.04,706.3,4.9,27.42292011
2020/01/02,ARUNACHAL PRADESH,TAWANG,1.1,210.34,10.41,17.44582996
2020/01/02,ARUNACHAL PRADESH,LOWER DIBANG VALLEY,0.9,640.18,5.32,21.96497184
2020/01/02,ARUNACHAL PRADESH,DIBANG VALLEY,0.26,786.85,1.41,20.68797636
2020/01/02,ARUNACHAL PRADESH,PAPUM PARE,0.13,483.07,1.56,25.00508319
2020/01/02,ARUNACHAL PRADESH,LOWER SUBANSIRI,0.37,360.91,5.59,28.46835854
2020/01/02,ARUNACHAL PRADESH,WEST KAMENG,0.14,529.61,1.43,19.68018657
2020/01/02,ARUNACHAL PRADESH,EAST SIANG,1.36,475.18,6.79,24.81358517
2020/01/02,ARUNACHAL PRADESH,UPPER SIANG,0.54,825.53,2.98,23.78052592
2020/01/02,ARUNACHAL PRADESH,LOHIT,1.51,422.8,6.67,21.21956005
2020/01/02,ARUNACHAL PRADESH,ANJAW,0.79,754.91,4.44,22.64274199
2020/01/02,ARUNACHAL PRADESH,WEST SIANG,0.18,1180.45,0.95,29.0248767
2020/01/01,ARUNACHAL PRADESH,UPPER SUBANSIRI,0.08,915.45,0.93,27.85414102
2020/01/01,ARUNACHAL PRADESH,TIRAP,0.02,280.35,0.09,27.0329321
2020/01/01,ARUNACHAL PRADESH,KURUNG KUMEY,0.3,990.9,1.67,28.53171306
2020/01/01,ARUNACHAL PRADESH,EAST KAMENG,0.1,696.2,0.54,22.68671708
2020/01/01,ARUNACHAL PRADESH,CHANGLANG,1.02,708.63,4.75,27.51340482
2020/01/01,ARUNACHAL PRADESH,TAWANG,1.11,210.43,10.48,17.45315452
2020/01/01,ARUNACHAL PRADESH,LOWER DIBANG VALLEY,0.94,642.42,5.54,22.0420088
2020/01/01,ARUNACHAL PRADESH,DIBANG VALLEY,0.27,788.4,1.49,20.72869135
2020/01/01,ARUNACHAL PRADESH,PAPUM PARE,0.14,485.39,1.59,25.12513139
2020/01/01,ARUNACHAL PRADESH,LOWER SUBANSIRI,0.38,362.06,5.63,28.55935924
2020/01/01,ARUNACHAL PRADESH,WEST KAMENG,0.14,529.53,1.45,19.67741028
2020/01/01,ARUNACHAL PRADESH,EAST SIANG,1.4,477.17,6.98,24.91748955
2020/01/01,ARUNACHAL PRADESH,UPPER SIANG,0.56,827.46,3.07,23.83603619
2020/01/01,ARUNACHAL PRADESH,LOHIT,1.54,423.87,6.83,21.27338679
2020/01/01,ARUNACHAL PRADESH,ANJAW,0.82,756.92,4.58,22.70307417
2020/01/01,ARUNACHAL PRADESH,WEST SIANG,0.19,1183.05,0.97,29.08872761
2020/02/29,ARUNACHAL PRADESH,UPPER SUBANSIRI,0.01,853.49,0.09,25.96917809
2020/02/29,ARUNACHAL PRADESH,TIRAP,0,337.43,0,32.53701781
2020/02/29,ARUNACHAL PRADESH,KURUNG KUMEY,0.01,1009.57,0.05,29.06941621
2020/02/29,ARUNACHAL PRADESH,EAST KAMENG,0,806.02,0,26.26539655
2020/02/29,ARUNACHAL PRADESH,CHANGLANG,0,792.91,0,30.78575678
2020/02/29,ARUNACHAL PRADESH,TAWANG,0,163.04,0,13.52255307
2020/02/29,ARUNACHAL PRADESH,LOWER DIBANG VALLEY,0.05,749.51,0.31,25.71627613
2020/02/29,ARUNACHAL PRADESH,DIBANG VALLEY,0,672.12,0.01,17.67139542
2020/02/29,ARUNACHAL PRADESH,PAPUM PARE,0.06,561.73,0.77,29.07680598
2020/02/29,ARUNACHAL PRADESH,LOWER SUBANSIRI,0.28,429.56,3.32,33.88409371
2020/02/29,ARUNACHAL PRADESH,WEST KAMENG,0.03,532.96,0.38,19.80471133
2020/02/29,ARUNACHAL PRADESH,EAST SIANG,0,633.7,0,33.09124242
2020/02/29,ARUNACHAL PRADESH,UPPER SIANG,0,854.7,0,24.62068517
2020/02/29,ARUNACHAL PRADESH,LOHIT,0.02,534.33,0.11,26.81731563
2020/02/29,ARUNACHAL PRADESH,ANJAW,0,728.85,0.01,21.86101824
2020/02/29,ARUNACHAL PRADESH,WEST SIANG,0,1270.02,0.05,31.22707662
2020/02/28,ARUNACHAL PRADESH,UPPER SUBANSIRI,0.01,855.66,0.1,26.03503613
2020/02/28,ARUNACHAL PRADESH,TIRAP,0,342.2,0,32.99675945
2020/02/28,ARUNACHAL PRADESH,KURUNG KUMEY,0.01,1014.53,0.07,29.21211412
2020/02/28,ARUNACHAL PRADESH,EAST KAMENG,0,814.08,0,26.52823711
2020/02/28,ARUNACHAL PRADESH,CHANGLANG,0,809.92,0,31.4462582
2020/02/28,ARUNACHAL PRADESH,TAWANG,0,163.18,0,13.53431038
2020/02/28,ARUNACHAL PRADESH,LOWER DIBANG VALLEY,0.07,760.88,0.38,26.10641158
2020/02/28,ARUNACHAL PRADESH,DIBANG VALLEY,0,673.86,0.01,17.71721853
2020/02/28,ARUNACHAL PRADESH,PAPUM PARE,0.06,569.19,0.8,29.46307688
2020/02/28,ARUNACHAL PRADESH,LOWER SUBANSIRI,0.32,437.81,3.73,34.5348795
2020/02/28,ARUNACHAL PRADESH,WEST KAMENG,0.03,537.35,0.39,19.96807872
2020/02/28,ARUNACHAL PRADESH,EAST SIANG,0,648.06,0,33.84081454
2020/02/28,ARUNACHAL PRADESH,UPPER SIANG,0,862.18,0,24.83625997
2020/02/28,ARUNACHAL PRADESH,LOHIT,0.03,543.93,0.14,27.29883789
2020/02/28,ARUNACHAL PRADESH,ANJAW,0.01,740.45,0.04,22.20895416
2020/02/28,ARUNACHAL PRADESH,WEST SIANG,0,1284.26,0.05,31.5772275
2020/02/27,ARUNACHAL PRADESH,UPPER SUBANSIRI,0.02,860.07,0.14,26.16911416
2020/02/27,ARUNACHAL PRADESH,TIRAP,0,349.8,0,33.73020301
2020/02/27,ARUNACHAL PRADESH,KURUNG KUMEY,0.01,1019.59,0.09,29.35790452
2020/02/27,ARUNACHAL PRADESH,EAST KAMENG,0,825.09,0,26.88689058
2020/02/27,ARUNACHAL PRADESH,CHANGLANG,0.28,848.6,1.79,32.94815364
2020/02/27,ARUNACHAL PRADESH,TAWANG,0,163.47,0,13.55818934
2020/02/27,ARUNACHAL PRADESH,LOWER DIBANG VALLEY,0.07,778.97,0.4,26.72688579
2020/02/27,ARUNACHAL PRADESH,DIBANG VALLEY,0,677.2,0.02,17.80511422
2020/02/27,ARUNACHAL PRADESH,PAPUM PARE,0.07,579.74,0.86,30.00887562
2020/02/27,ARUNACHAL PRADESH,LOWER SUBANSIRI,0.39,450.7,4.37,35.55172416
2020/02/27,ARUNACHAL PRADESH,WEST KAMENG,0.03,543.19,0.41,20.18496574
2020/02/27,ARUNACHAL PRADESH,EAST SIANG,0,671.11,0,35.04471981
2020/02/27,ARUNACHAL PRADESH,UPPER SIANG,0,875.85,0.02,25.23011197
2020/02/27,ARUNACHAL PRADESH,LOHIT,0.06,560.64,0.32,28.13749303
2020/02/27,ARUNACHAL PRADESH,ANJAW,0.05,752.67,0.29,22.57560455
2020/02/27,ARUNACHAL PRADESH,WEST SIANG,0.01,1303.17,0.06,32.04230153
2020/02/26,ARUNACHAL PRADESH,UPPER SUBANSIRI,0.03,868.3,0.26,26.41963842
2020/02/26,ARUNACHAL PRADESH,TIRAP,0,342.43,0,33.01951241
2020/02/26,ARUNACHAL PRADESH,KURUNG KUMEY,0.02,1033.12,0.14,29.74765305
2020/02/26,ARUNACHAL PRADESH,EAST KAMENG,0.02,842.52,0.11,27.45498733
2020/02/26,ARUNACHAL PRADESH,CHANGLANG,0.66,884.71,4.41,34.34992794
2020/02/26,ARUNACHAL PRADESH,TAWANG,0,163.33,0,13.5467665
2020/02/26,ARUNACHAL PRADESH,LOWER DIBANG VALLEY,0.26,815.37,1.53,27.97593933
2020/02/26,ARUNACHAL PRADESH,DIBANG VALLEY,0.01,682.46,0.08,17.94339929
2020/02/26,ARUNACHAL PRADESH,PAPUM PARE,0.13,601.24,1.26,31.12199029
2020/02/26,ARUNACHAL PRADESH,LOWER SUBANSIRI,0.58,489.62,5.98,38.62179869
2020/02/26,ARUNACHAL PRADESH,WEST KAMENG,0.11,553.63,0.93,20.57275602
2020/02/26,ARUNACHAL PRADESH,EAST SIANG,1.15,749.39,6.82,39.13217116
2020/02/26,ARUNACHAL PRADESH,UPPER SIANG,0.08,902.39,0.45,25.99442693
2020/02/26,ARUNACHAL PRADESH,LOHIT,0.17,586.04,0.98,29.41237314
2020/02/26,ARUNACHAL PRADESH,ANJAW,0.15,764.85,0.84,22.9407439
2020/02/26,ARUNACHAL PRADESH,WEST SIANG,0.28,1362.1,1.78,33.49125609
2020/02/25,ARUNACHAL PRADESH,UPPER SUBANSIRI,0.01,852.73,0.07,25.94576331
2020/02/25,ARUNACHAL PRADESH,TIRAP,0,339.57,0,32.7434352
2020/02/25,ARUNACHAL PRADESH,KURUNG KUMEY,0.02,1011.79,0.11,29.13333312
2020/02/25,ARUNACHAL PRADESH,EAST KAMENG,0,785.19,0,25.58689006
2020/02/25,ARUNACHAL PRADESH,CHANGLANG,0.02,748.09,0.13,29.04562263
2020/02/25,ARUNACHAL PRADESH,TAWANG,0,163.61,0,13.56995066
2020/02/25,ARUNACHAL PRADESH,LOWER DIBANG VALLEY,0.09,771.06,0.51,26.45561247
2020/02/25,ARUNACHAL PRADESH,DIBANG VALLEY,0.02,684.53,0.09,17.99766206
2020/02/25,ARUNACHAL PRADESH,PAPUM PARE,0.05,548.63,0.61,28.39838118
2020/02/25,ARUNACHAL PRADESH,LOWER SUBANSIRI,0.15,389.07,2.07,30.6899641
2020/02/25,ARUNACHAL PRADESH,WEST KAMENG,0.01,504.5,0.09,18.74730774
2020/02/25,ARUNACHAL PRADESH,EAST SIANG,0,586,0,30.60039428
2020/02/25,ARUNACHAL PRADESH,UPPER SIANG,0.01,860.42,0.06,24.78552754
2020/02/25,ARUNACHAL PRADESH,LOHIT,0.02,504.27,0.09,25.3084294
2020/02/25,ARUNACHAL PRADESH,ANJAW,0.03,726.33,0.18,21.78547825
2020/02/25,ARUNACHAL PRADESH,WEST SIANG,0,1271.14,0.05,31.25482763
2020/02/24,ARUNACHAL PRADESH,UPPER SUBANSIRI,0,815.55,0,24.81459993
2020/02/24,ARUNACHAL PRADESH,TIRAP,0,301.44,0,29.0664232
2020/02/24,ARUNACHAL PRADESH,KURUNG KUMEY,0,983.17,0.03,28.30940291
2020/02/24,ARUNACHAL PRADESH,EAST KAMENG,0,749.95,0,24.4384028
2020/02/24,ARUNACHAL PRADESH,CHANGLANG,0,726.63,0,28.21251436
2020/02/24,ARUNACHAL PRADESH,TAWANG,0,160.09,0,13.27797334
2020/02/24,ARUNACHAL PRADESH,LOWER DIBANG VALLEY,0.05,703.43,0.3,24.13525896
2020/02/24,ARUNACHAL PRADESH,DIBANG VALLEY,0.01,667.96,0.03,17.56193914
2020/02/24,ARUNACHAL PRADESH,PAPUM PARE,0.01,504.47,0.09,26.1129396
2020/02/24,ARUNACHAL PRADESH,LOWER SUBANSIRI,0.02,357.08,0.25,28.16639852
2020/02/24,ARUNACHAL PRADESH,WEST KAMENG,0.01,490.96,0.07,18.24429285
2020/02/24,ARUNACHAL PRADESH,EAST SIANG,0,545.88,0,28.50516272
2020/02/24,ARUNACHAL PRADESH,UPPER SIANG,0,826.22,0,23.80043188
2020/02/24,ARUNACHAL PRADESH,LOHIT,0,462.4,0,23.20699741
2020/02/24,ARUNACHAL PRADESH,ANJAW,0,700.75,0.01,21.01830971
2020/02/24,ARUNACHAL PRADESH,WEST SIANG,0,1203.19,0.03,29.58384919
2020/02/23,ARUNACHAL PRADESH,UPPER SUBANSIRI,0,788.74,0,23.99890224
2020/02/23,ARUNACHAL PRADESH,TIRAP,0,302.57,0,29.17544323
2020/02/23,ARUNACHAL PRADESH,KURUNG KUMEY,0,964.35,0.02,27.76733377
2020/02/23,ARUNACHAL PRADESH,EAST KAMENG,0,735.45,0,23.96604685
2020/02/23,ARUNACHAL PRADESH,CHANGLANG,0.01,728.11,0.03,28.26996614
2020/02/23,ARUNACHAL PRADESH,TAWANG,0,160.3,0,13.29533273
2020/02/23,ARUNACHAL PRADESH,LOWER DIBANG VALLEY,0.05,704.31,0.31,24.16521896
2020/02/23,ARUNACHAL PRADESH,DIBANG VALLEY,0,666.86,0.02,17.53303806
2020/02/23,ARUNACHAL PRADESH,PAPUM PARE,0,499.11,0.04,25.83539898
2020/02/23,ARUNACHAL PRADESH,LOWER SUBANSIRI,0.01,340.63,0.1,26.86894052
2020/02/23,ARUNACHAL PRADESH,WEST KAMENG,0,485.42,0.03,18.0382024
2020/02/23,ARUNACHAL PRADESH,EAST SIANG,0,539.33,0,28.16339215
2020/02/23,ARUNACHAL PRADESH,UPPER SIANG,0.01,822.08,0.03,23.68095414
2020/02/23,ARUNACHAL PRADESH,LOHIT,0,463.59,0,23.26689237
2020/02/23,ARUNACHAL PRADESH,ANJAW,0,712.43,0.01,21.36866885
2020/02/23,ARUNACHAL PRADESH,WEST SIANG,0,1191.16,0.02,29.28817892
2020/02/22,ARUNACHAL PRADESH,UPPER SUBANSIRI,0,808.24,0,24.59223866
2020/02/22,ARUNACHAL PRADESH,TIRAP,0,306.93,0,29.59623612
2020/02/22,ARUNACHAL PRADESH,KURUNG KUMEY,0,957.17,0,27.56066715
2020/02/22,ARUNACHAL PRADESH,EAST KAMENG,0,747.37,0,24.35423744
2020/02/22,ARUNACHAL PRADESH,CHANGLANG,0,740.29,0.01,28.7428359
2020/02/22,ARUNACHAL PRADESH,TAWANG,0,170.78,0,14.1650132
2020/02/22,ARUNACHAL PRADESH,LOWER DIBANG VALLEY,0.08,722.82,0.47,24.80056374
2020/02/22,ARUNACHAL PRADESH,DIBANG VALLEY,0.01,688.15,0.04,18.09295405
2020/02/22,ARUNACHAL PRADESH,PAPUM PARE,0.01,515.48,0.12,26.68290746
2020/02/22,ARUNACHAL PRADESH,LOWER SUBANSIRI,0.02,352.34,0.28,27.79265976
2020/02/22,ARUNACHAL PRADESH,WEST KAMENG,0.01,495.6,0.1,18.41645089
2020/02/22,ARUNACHAL PRADESH,EAST SIANG,0,552.61,0,28.8568562
2020/02/22,ARUNACHAL PRADESH,UPPER SIANG,0,830.12,0.02,23.91266157
2020/02/22,ARUNACHAL PRADESH,LOHIT,0.01,488.05,0.04,24.49448199
2020/02/22,ARUNACHAL PRADESH,ANJAW,0.03,732.67,0.19,21.97577245
2020/02/22,ARUNACHAL PRADESH,WEST SIANG,0,1211.7,0.04,29.79328267
2020/02/21,ARUNACHAL PRADESH,UPPER SUBANSIRI,0,805.55,0,24.51047363
2020/02/21,ARUNACHAL PRADESH,TIRAP,0,307.87,0,29.68711702
2020/02/21,ARUNACHAL PRADESH,KURUNG KUMEY,0,958.82,0,27.6082562
2020/02/21,ARUNACHAL PRADESH,EAST KAMENG,0,746.48,0,24.32521162
2020/02/21,ARUNACHAL PRADESH,CHANGLANG,0.01,744.74,0.06,28.91567999
2020/02/21,ARUNACHAL PRADESH,TAWANG,0,158.15,0,13.11767181
2020/02/21,ARUNACHAL PRADESH,LOWER DIBANG VALLEY,0.08,718.93,0.45,24.6670612
2020/02/21,ARUNACHAL PRADESH,DIBANG VALLEY,0,671.14,0.02,17.6456228
2020/02/21,ARUNACHAL PRADESH,PAPUM PARE,0.01,512.22,0.14,26.5140607
2020/02/21,ARUNACHAL PRADESH,LOWER SUBANSIRI,0.02,352.78,0.35,27.82722147
2020/02/21,ARUNACHAL PRADESH,WEST KAMENG,0.01,490.36,0.1,18.22198171
2020/02/21,ARUNACHAL PRADESH,EAST SIANG,0,554.68,0,28.96467389
2020/02/21,ARUNACHAL PRADESH,UPPER SIANG,0,825.6,0,23.78256748
2020/02/21,ARUNACHAL PRADESH,LOHIT,0,470.38,0,23.60739751
2020/02/21,ARUNACHAL PRADESH,ANJAW,0,712.56,0.01,21.37241277
2020/02/21,ARUNACHAL PRADESH,WEST SIANG,0,1214.45,0.04,29.86072102
2020/02/20,ARUNACHAL PRADESH,UPPER SUBANSIRI,0,807.35,0,24.565151
2020/02/20,ARUNACHAL PRADESH,TIRAP,0,310.12,0,29.90316607
2020/02/20,ARUNACHAL PRADESH,KURUNG KUMEY,0,961.08,0,27.67319224
2020/02/20,ARUNACHAL PRADESH,EAST KAMENG,0,752.13,0,24.50933138
2020/02/20,ARUNACHAL PRADESH,CHANGLANG,0,752.92,0.02,29.23327797
2020/02/20,ARUNACHAL PRADESH,TAWANG,0,158.57,0,13.15205134
2020/02/20,ARUNACHAL PRADESH,LOWER DIBANG VALLEY,0.08,726.26,0.44,24.91848843
2020/02/20,ARUNACHAL PRADESH,DIBANG VALLEY,0,674.99,0.02,17.74694824
2020/02/20,ARUNACHAL PRADESH,PAPUM PARE,0.01,515.64,0.19,26.69103729
2020/02/20,ARUNACHAL PRADESH,LOWER SUBANSIRI,0.03,354.34,0.44,27.95089278
2020/02/20,ARUNACHAL PRADESH,WEST KAMENG,0.01,493.04,0.15,18.32159584
2020/02/20,ARUNACHAL PRADESH,EAST SIANG,0,559.86,0,29.23499593
2020/02/20,ARUNACHAL PRADESH,UPPER SIANG,0,829.77,0,23.90253265
2020/02/20,ARUNACHAL PRADESH,LOHIT,0,475.35,0,23.8569647
2020/02/20,ARUNACHAL PRADESH,ANJAW,0,707.33,0,21.21562198
2020/02/20,ARUNACHAL PRADESH,WEST SIANG,0,1218.93,0.05,29.97095979
2020/02/19,ARUNACHAL PRADESH,UPPER SUBANSIRI,0,808.01,0,24.5852363
2020/02/19,ARUNACHAL PRADESH,TIRAP,0,312.24,0,30.10774197
2020/02/19,ARUNACHAL PRADESH,KURUNG KUMEY,0,963.5,0,27.74298251
2020/02/19,ARUNACHAL PRADESH,EAST KAMENG,0,757.37,0,24.68031643
2020/02/19,ARUNACHAL PRADESH,CHANGLANG,0.02,766.3,0.1,29.75278342
2020/02/19,ARUNACHAL PRADESH,TAWANG,0,159.04,0,13.19090002
2020/02/19,ARUNACHAL PRADESH,LOWER DIBANG VALLEY,0.08,735.75,0.46,25.24400976
2020/02/19,ARUNACHAL PRADESH,DIBANG VALLEY,0,679.25,0.02,17.85876938
2020/02/19,ARUNACHAL PRADESH,PAPUM PARE,0.01,518.19,0.21,26.82311234
2020/02/19,ARUNACHAL PRADESH,LOWER SUBANSIRI,0.03,355.63,0.5,28.05202433
2020/02/19,ARUNACHAL PRADESH,WEST KAMENG,0.01,495.06,0.17,18.39633819
2020/02/19,ARUNACHAL PRADESH,EAST SIANG,0,564.5,0,29.47749452
2020/02/19,ARUNACHAL PRADESH,UPPER SIANG,0,832.4,0,23.97834062
2020/02/19,ARUNACHAL PRADESH,LOHIT,0,481.43,0,24.16198315
2020/02/19,ARUNACHAL PRADESH,ANJAW,0,712.58,0.01,21.37320296
2020/02/19,ARUNACHAL PRADESH,WEST SIANG,0,1225.25,0.05,30.12634584
2020/02/18,ARUNACHAL PRADESH,UPPER SUBANSIRI,0,809.61,0,24.63376793
2020/02/18,ARUNACHAL PRADESH,TIRAP,0,314.85,0,30.35960584
2020/02/18,ARUNACHAL PRADESH,KURUNG KUMEY,0,971.65,0.01,27.97751134
2020/02/18,ARUNACHAL PRADESH,EAST KAMENG,0,769.89,0.02,25.08820274
2020/02/18,ARUNACHAL PRADESH,CHANGLANG,0.26,792.74,1.63,30.77917791
2020/02/18,ARUNACHAL PRADESH,TAWANG,0,161.56,0,13.40025371
2020/02/18,ARUNACHAL PRADESH,LOWER DIBANG VALLEY,0.11,750.05,0.61,25.73469049
2020/02/18,ARUNACHAL PRADESH,DIBANG VALLEY,0.01,684.53,0.04,17.99759335
2020/02/18,ARUNACHAL PRADESH,PAPUM PARE,0.01,518.11,0.18,26.8186426
2020/02/18,ARUNACHAL PRADESH,LOWER SUBANSIRI,0.03,351.15,0.42,27.69926685
2020/02/18,ARUNACHAL PRADESH,WEST KAMENG,0.03,512.64,0.33,19.04993311
2020/02/18,ARUNACHAL PRADESH,EAST SIANG,0,568.71,0.01,29.69729087
2020/02/18,ARUNACHAL PRADESH,UPPER SIANG,0,841.7,0.03,24.24619563
2020/02/18,ARUNACHAL PRADESH,LOHIT,0.01,485.82,0.06,24.38243602
2020/02/18,ARUNACHAL PRADESH,ANJAW,0.01,700.37,0.05,21.00682058
2020/02/18,ARUNACHAL PRADESH,WEST SIANG,0.04,1230.66,0.26,30.25929816
2020/02/17,ARUNACHAL PRADESH,UPPER SUBANSIRI,0,810.58,0,24.66339741
2020/02/17,ARUNACHAL PRADESH,TIRAP,0,314.8,0,30.35532491
2020/02/17,ARUNACHAL PRADESH,KURUNG KUMEY,0,973.81,0.01,28.03969576
2020/02/17,ARUNACHAL PRADESH,EAST KAMENG,0,750.02,0,24.4406598
2020/02/17,ARUNACHAL PRADESH,CHANGLANG,0.04,753.22,0.2,29.24473098
2020/02/17,ARUNACHAL PRADESH,TAWANG,0,161.85,0,13.42416115
2020/02/17,ARUNACHAL PRADESH,LOWER DIBANG VALLEY,0.19,753.99,1.08,25.86976924
2020/02/17,ARUNACHAL PRADESH,DIBANG VALLEY,0.05,680.49,0.26,17.89162194
2020/02/17,ARUNACHAL PRADESH,PAPUM PARE,0.01,519.17,0.21,26.87355158
2020/02/17,ARUNACHAL PRADESH,LOWER SUBANSIRI,0.03,351.89,0.48,27.75712886
2020/02/17,ARUNACHAL PRADESH,WEST KAMENG,0.02,513.17,0.28,19.06928254
2020/02/17,ARUNACHAL PRADESH,EAST SIANG,0.01,555.98,0.05,29.03272643
2020/02/17,ARUNACHAL PRADESH,UPPER SIANG,0.07,847.61,0.36,24.41642789
2020/02/17,ARUNACHAL PRADESH,LOHIT,0.04,489.71,0.25,24.57775981
2020/02/17,ARUNACHAL PRADESH,ANJAW,0.06,709.59,0.32,21.28335995
2020/02/17,ARUNACHAL PRADESH,WEST SIANG,0.01,1225.78,0.1,30.13945198
2020/02/16,ARUNACHAL PRADESH,UPPER SUBANSIRI,0,821.94,0,25.00906405
2020/02/16,ARUNACHAL PRADESH,TIRAP,0,316.22,0,30.49214963
2020/02/16,ARUNACHAL PRADESH,KURUNG KUMEY,0,979.24,0.01,28.19618118
2020/02/16,ARUNACHAL PRADESH,EAST KAMENG,0,752.87,0,24.53371519
2020/02/16,ARUNACHAL PRADESH,CHANGLANG,0.02,732.75,0.1,28.45019365
2020/02/16,ARUNACHAL PRADESH,TAWANG,0,161.5,0,13.39516593
2020/02/16,ARUNACHAL PRADESH,LOWER DIBANG VALLEY,0.03,675.33,0.14,23.1711003
2020/02/16,ARUNACHAL PRADESH,DIBANG VALLEY,0,646.36,0.02,16.9942217
2020/02/16,ARUNACHAL PRADESH,PAPUM PARE,0,513.12,0.03,26.56064581
2020/02/16,ARUNACHAL PRADESH,LOWER SUBANSIRI,0.01,353.65,0.1,27.89638671
2020/02/16,ARUNACHAL PRADESH,WEST KAMENG,0.02,505.49,0.24,18.78398565
2020/02/16,ARUNACHAL PRADESH,EAST SIANG,0,539,0,28.14571354
2020/02/16,ARUNACHAL PRADESH,UPPER SIANG,0.02,818.71,0.1,23.58408231
2020/02/16,ARUNACHAL PRADESH,LOHIT,0,454.01,0,22.78597935
2020/02/16,ARUNACHAL PRADESH,ANJAW,0,671.55,0.01,20.14231141
2020/02/16,ARUNACHAL PRADESH,WEST SIANG,0,1191.1,0,29.28660402
2020/02/15,ARUNACHAL PRADESH,UPPER SUBANSIRI,0,803.04,0,24.43407563
2020/02/15,ARUNACHAL PRADESH,TIRAP,0,319.25,0,30.78430987
2020/02/15,ARUNACHAL PRADESH,KURUNG KUMEY,0,972.58,0.01,28.00424163
2020/02/15,ARUNACHAL PRADESH,EAST KAMENG,0,751.12,0,24.4766616
2020/02/15,ARUNACHAL PRADESH,CHANGLANG,0,735.31,0,28.54944581
2020/02/15,ARUNACHAL PRADESH,TAWANG,0,161.34,0,13.38183358
2020/02/15,ARUNACHAL PRADESH,LOWER DIBANG VALLEY,0.01,674.92,0.07,23.15681038
2020/02/15,ARUNACHAL PRADESH,DIBANG VALLEY,0,640.86,0,16.84950714
2020/02/15,ARUNACHAL PRADESH,PAPUM PARE,0,512.68,0.03,26.5375382
2020/02/15,ARUNACHAL PRADESH,LOWER SUBANSIRI,0.01,346.16,0.1,27.3049883
2020/02/15,ARUNACHAL PRADESH,WEST KAMENG,0.01,498.88,0.21,18.53843737
2020/02/15,ARUNACHAL PRADESH,EAST SIANG,0,541.23,0,28.26235023
2020/02/15,ARUNACHAL PRADESH,UPPER SIANG,0.01,807.87,0.06,23.27168457
2020/02/15,ARUNACHAL PRADESH,LOHIT,0,456.68,0,22.92004547
2020/02/15,ARUNACHAL PRADESH,ANJAW,0,660.9,0,19.82294181
2020/02/15,ARUNACHAL PRADESH,WEST SIANG,0,1182.33,0,29.0711661
2020/02/14,ARUNACHAL PRADESH,UPPER SUBANSIRI,0,805.11,0,24.49702605
2020/02/14,ARUNACHAL PRADESH,TIRAP,0,321.04,0,30.95670817
2020/02/14,ARUNACHAL PRADESH,KURUNG KUMEY,0,973.43,0.02,28.02894869
2020/02/14,ARUNACHAL PRADESH,EAST KAMENG,0,755.58,0,24.62172696
2020/02/14,ARUNACHAL PRADESH,CHANGLANG,0.01,740.54,0.06,28.7524872
2020/02/14,ARUNACHAL PRADESH,TAWANG,0,161.81,0,13.42128142
2020/02/14,ARUNACHAL PRADESH,LOWER DIBANG VALLEY,0.01,678.13,0.08,23.26711761
2020/02/14,ARUNACHAL PRADESH,DIBANG VALLEY,0,639.14,0,16.80426038
2020/02/14,ARUNACHAL PRADESH,PAPUM PARE,0,515.81,0.02,26.69967986
2020/02/14,ARUNACHAL PRADESH,LOWER SUBANSIRI,0.01,347.02,0.08,27.37308206
2020/02/14,ARUNACHAL PRADESH,WEST KAMENG,0.02,500.76,0.24,18.60829106
2020/02/14,ARUNACHAL PRADESH,EAST SIANG,0,543.99,0,28.4066845
2020/02/14,ARUNACHAL PRADESH,UPPER SIANG,0,806.62,0.02,23.23579514
2020/02/14,ARUNACHAL PRADESH,LOHIT,0,458.87,0,23.02979736
2020/02/14,ARUNACHAL PRADESH,ANJAW,0,659,0,19.76609981
2020/02/14,ARUNACHAL PRADESH,WEST SIANG,0,1185.14,0,29.14009421
2020/02/13,ARUNACHAL PRADESH,UPPER SUBANSIRI,0,805.97,0,24.52313645
2020/02/13,ARUNACHAL PRADESH,TIRAP,0,322.73,0,31.11982021
2020/02/13,ARUNACHAL PRADESH,KURUNG KUMEY,0,973.5,0.02,28.03073136
2020/02/13,ARUNACHAL PRADESH,EAST KAMENG,0,759.27,0,24.74203556
2020/02/13,ARUNACHAL PRADESH,CHANGLANG,0,743.51,0,28.86794063
2020/02/13,ARUNACHAL PRADESH,TAWANG,0,162.19,0,13.45219147
2020/02/13,ARUNACHAL PRADESH,LOWER DIBANG VALLEY,0.01,679.18,0.05,23.30305728
2020/02/13,ARUNACHAL PRADESH,DIBANG VALLEY,0,636.14,0,16.72543227
2020/02/13,ARUNACHAL PRADESH,PAPUM PARE,0,518.4,0.01,26.8335665
2020/02/13,ARUNACHAL PRADESH,LOWER SUBANSIRI,0,344.02,0.03,27.13668989
2020/02/13,ARUNACHAL PRADESH,WEST KAMENG,0.02,502.54,0.25,18.67427923
2020/02/13,ARUNACHAL PRADESH,EAST SIANG,0,546.78,0,28.55239493
2020/02/13,ARUNACHAL PRADESH,UPPER SIANG,0,806.76,0,23.23961669
2020/02/13,ARUNACHAL PRADESH,LOHIT,0,461.24,0,23.14906933
2020/02/13,ARUNACHAL PRADESH,ANJAW,0,657.94,0.01,19.73423747
2020/02/13,ARUNACHAL PRADESH,WEST SIANG,0,1184.78,0,29.13133534
2020/02/12,ARUNACHAL PRADESH,UPPER SUBANSIRI,0,824.11,0,25.07521897
2020/02/12,ARUNACHAL PRADESH,TIRAP,0,325.96,0,31.43091204
2020/02/12,ARUNACHAL PRADESH,KURUNG KUMEY,0,984.95,0.02,28.36054552
2020/02/12,ARUNACHAL PRADESH,EAST KAMENG,0,769.58,0,25.07815892
2020/02/12,ARUNACHAL PRADESH,CHANGLANG,0,749.68,0,29.10756781
2020/02/12,ARUNACHAL PRADESH,TAWANG,0,163.97,0,13.59965074
2020/02/12,ARUNACHAL PRADESH,LOWER DIBANG VALLEY,0.01,683.46,0.04,23.45006377
2020/02/12,ARUNACHAL PRADESH,DIBANG VALLEY,0,645.65,0,16.97556519
2020/02/12,ARUNACHAL PRADESH,PAPUM PARE,0,524.79,0.01,27.16475044
2020/02/12,ARUNACHAL PRADESH,LOWER SUBANSIRI,0,349.22,0.03,27.54671726
2020/02/12,ARUNACHAL PRADESH,WEST KAMENG,0.02,513.06,0.33,19.06541691
2020/02/12,ARUNACHAL PRADESH,EAST SIANG,0,550.15,0,28.72845193
2020/02/12,ARUNACHAL PRADESH,UPPER SIANG,0,807.56,0,23.26279249
2020/02/12,ARUNACHAL PRADESH,LOHIT,0,465.09,0,23.34222142
2020/02/12,ARUNACHAL PRADESH,ANJAW,0.01,670.8,0.03,20.11985625
2020/02/12,ARUNACHAL PRADESH,WEST SIANG,0,1189.72,0,29.25279642
2020/02/11,ARUNACHAL PRADESH,UPPER SUBANSIRI,0,825.51,0,25.11770657
2020/02/11,ARUNACHAL PRADESH,TIRAP,0,329.53,0,31.77528698
2020/02/11,ARUNACHAL PRADESH,KURUNG KUMEY,0.01,988.64,0.03,28.46683947
2020/02/11,ARUNACHAL PRADESH,EAST KAMENG,0,775.06,0,25.25681439
2020/02/11,ARUNACHAL PRADESH,CHANGLANG,0,758.04,0.01,29.43216149
2020/02/11,ARUNACHAL PRADESH,TAWANG,0,164.69,0,13.65993278
2020/02/11,ARUNACHAL PRADESH,LOWER DIBANG VALLEY,0,679.17,0.03,23.30286575
2020/02/11,ARUNACHAL PRADESH,DIBANG VALLEY,0,632.26,0,16.62343833
2020/02/11,ARUNACHAL PRADESH,PAPUM PARE,0,527.25,0.01,27.2916957
2020/02/11,ARUNACHAL PRADESH,LOWER SUBANSIRI,0,350.82,0.06,27.67272967
2020/02/11,ARUNACHAL PRADESH,WEST KAMENG,0.03,516.73,0.35,19.20183842
2020/02/11,ARUNACHAL PRADESH,EAST SIANG,0,554.75,0,28.96828231
2020/02/11,ARUNACHAL PRADESH,UPPER SIANG,0,802.78,0,23.1251173
2020/02/11,ARUNACHAL PRADESH,LOHIT,0,467.03,0,23.43970809
2020/02/11,ARUNACHAL PRADESH,ANJAW,0,649.42,0,19.47864918
2020/02/11,ARUNACHAL PRADESH,WEST SIANG,0,1194.3,0.01,29.36544716
2020/02/10,ARUNACHAL PRADESH,UPPER SUBANSIRI,0,826.34,0,25.14295673
2020/02/10,ARUNACHAL PRADESH,TIRAP,0,333.02,0,32.11127955
2020/02/10,ARUNACHAL PRADESH,KURUNG KUMEY,0.01,991.35,0.04,28.54481806
2020/02/10,ARUNACHAL PRADESH,EAST KAMENG,0,779.59,0,25.40443207
2020/02/10,ARUNACHAL PRADESH,CHANGLANG,0.02,767.8,0.11,29.81087429
2020/02/10,ARUNACHAL PRADESH,TAWANG,0,165.19,0,13.70125118
2020/02/10,ARUNACHAL PRADESH,LOWER DIBANG VALLEY,0.01,681.64,0.04,23.387467
2020/02/10,ARUNACHAL PRADESH,DIBANG VALLEY,0,631.12,0,16.59334991
2020/02/10,ARUNACHAL PRADESH,PAPUM PARE,0,530.82,0.01,27.47657479
2020/02/10,ARUNACHAL PRADESH,LOWER SUBANSIRI,0,351.34,0.06,27.71351283
2020/02/10,ARUNACHAL PRADESH,WEST KAMENG,0.03,519.04,0.36,19.28746366
2020/02/10,ARUNACHAL PRADESH,EAST SIANG,0,558.19,0,29.14785171
2020/02/10,ARUNACHAL PRADESH,UPPER SIANG,0,803.93,0,23.15825775
2020/02/10,ARUNACHAL PRADESH,LOHIT,0,470.55,0,23.61596888
2020/02/10,ARUNACHAL PRADESH,ANJAW,0.02,653.3,0.09,19.59514153
2020/02/10,ARUNACHAL PRADESH,WEST SIANG,0,1194.91,0.01,29.38026035
2020/02/09,ARUNACHAL PRADESH,UPPER SUBANSIRI,0,827.81,0,25.18759336
2020/02/09,ARUNACHAL PRADESH,TIRAP,0,336.71,0,32.46779109
2020/02/09,ARUNACHAL PRADESH,KURUNG KUMEY,0.01,993.99,0.05,28.6207291
2020/02/09,ARUNACHAL PRADESH,EAST KAMENG,0,783.83,0,25.54240867
2020/02/09,ARUNACHAL PRADESH,CHANGLANG,0.01,770.9,0.08,29.93146208
2020/02/09,ARUNACHAL PRADESH,TAWANG,0,165.67,0,13.74134234
2020/02/09,ARUNACHAL PRADESH,LOWER DIBANG VALLEY,0.01,685.95,0.05,23.53545017
2020/02/09,ARUNACHAL PRADESH,DIBANG VALLEY,0,631.33,0,16.59909299
2020/02/09,ARUNACHAL PRADESH,PAPUM PARE,0,534.33,0.01,27.65846705
2020/02/09,ARUNACHAL PRADESH,LOWER SUBANSIRI,0,351.6,0.06,27.7339979
2020/02/09,ARUNACHAL PRADESH,WEST KAMENG,0.03,521.29,0.37,19.37100328
2020/02/09,ARUNACHAL PRADESH,EAST SIANG,0,562.37,0,29.36644576
2020/02/09,ARUNACHAL PRADESH,UPPER SIANG,0,806.93,0,23.24453681
2020/02/09,ARUNACHAL PRADESH,LOHIT,0,475.01,0,23.84017388
2020/02/09,ARUNACHAL PRADESH,ANJAW,0,656.27,0,19.68406708
2020/02/09,ARUNACHAL PRADESH,WEST SIANG,0,1197.03,0.01,29.43259047
2020/02/08,ARUNACHAL PRADESH,UPPER SUBANSIRI,0,810.46,0,24.65983563
2020/02/08,ARUNACHAL PRADESH,TIRAP,0,329.91,0,31.81182261
2020/02/08,ARUNACHAL PRADESH,KURUNG KUMEY,0.01,991.96,0.08,28.56229088
2020/02/08,ARUNACHAL PRADESH,EAST KAMENG,0,792.07,0,25.81086271
2020/02/08,ARUNACHAL PRADESH,CHANGLANG,0,768.79,0.01,29.8493109
2020/02/08,ARUNACHAL PRADESH,TAWANG,0,167.62,0,13.90260011
2020/02/08,ARUNACHAL PRADESH,LOWER DIBANG VALLEY,0.01,687.85,0.04,23.60070881
2020/02/08,ARUNACHAL PRADESH,DIBANG VALLEY,0,619.22,0,16.28067084
2020/02/08,ARUNACHAL PRADESH,PAPUM PARE,0,532.46,0,27.56171708
2020/02/08,ARUNACHAL PRADESH,LOWER SUBANSIRI,0,335.95,0,26.49961975
2020/02/08,ARUNACHAL PRADESH,WEST KAMENG,0.03,518.8,0.34,19.27871184
2020/02/08,ARUNACHAL PRADESH,EAST SIANG,0,567.87,0,29.65340355
2020/02/08,ARUNACHAL PRADESH,UPPER SIANG,0,819.63,0,23.61047173
2020/02/08,ARUNACHAL PRADESH,LOHIT,0,480.86,0,24.13355317
2020/02/08,ARUNACHAL PRADESH,ANJAW,0,655.02,0,19.64676424
2020/02/08,ARUNACHAL PRADESH,WEST SIANG,0,1192.33,0,29.31699973
2020/02/07,ARUNACHAL PRADESH,UPPER SUBANSIRI,0,811.89,0,24.70319065
2020/02/07,ARUNACHAL PRADESH,TIRAP,0,328.34,0,31.66023748
2020/02/07,ARUNACHAL PRADESH,KURUNG KUMEY,0.01,992.68,0.07,28.58309924
2020/02/07,ARUNACHAL PRADESH,EAST KAMENG,0,797.41,0,25.98490882
2020/02/07,ARUNACHAL PRADESH,CHANGLANG,0,776.15,0,30.13504009
2020/02/07,ARUNACHAL PRADESH,TAWANG,0,167.66,0,13.90603203
2020/02/07,ARUNACHAL PRADESH,LOWER DIBANG VALLEY,0.01,687.25,0.04,23.5799226
2020/02/07,ARUNACHAL PRADESH,DIBANG VALLEY,0,618.85,0,16.27095776
2020/02/07,ARUNACHAL PRADESH,PAPUM PARE,0,536.28,0,27.75918289
2020/02/07,ARUNACHAL PRADESH,LOWER SUBANSIRI,0,336.48,0,26.54168932
2020/02/07,ARUNACHAL PRADESH,WEST KAMENG,0.03,520.61,0.35,19.34592718
2020/02/07,ARUNACHAL PRADESH,EAST SIANG,0,571.09,0,29.82171586
2020/02/07,ARUNACHAL PRADESH,UPPER SIANG,0,822.45,0,23.69178132
2020/02/07,ARUNACHAL PRADESH,LOHIT,0,482.73,0,24.22755483
2020/02/07,ARUNACHAL PRADESH,ANJAW,0,651.56,0,19.54291098
2020/02/07,ARUNACHAL PRADESH,WEST SIANG,0,1196.56,0,29.42093688
2020/02/06,ARUNACHAL PRADESH,UPPER SUBANSIRI,0,813,0,24.73718155
2020/02/06,ARUNACHAL PRADESH,TIRAP,0,331.43,0,31.9579947
2020/02/06,ARUNACHAL PRADESH,KURUNG KUMEY,0.01,993.72,0.08,28.6129148
2020/02/06,ARUNACHAL PRADESH,EAST KAMENG,0,801.86,0,26.13012337
2020/02/06,ARUNACHAL PRADESH,CHANGLANG,0,788.23,0,30.60414438
2020/02/06,ARUNACHAL PRADESH,TAWANG,0,167.68,0,13.90776541
2020/02/06,ARUNACHAL PRADESH,LOWER DIBANG VALLEY,0.01,691.88,0.04,23.73883409
2020/02/06,ARUNACHAL PRADESH,DIBANG VALLEY,0,620.12,0,16.30429917
2020/02/06,ARUNACHAL PRADESH,PAPUM PARE,0,540.89,0,27.99815556
2020/02/06,ARUNACHAL PRADESH,LOWER SUBANSIRI,0,337.08,0,26.58921962
2020/02/06,ARUNACHAL PRADESH,WEST KAMENG,0.03,523.25,0.36,19.44385998
2020/02/06,ARUNACHAL PRADESH,EAST SIANG,0,575.12,0,30.0318642
2020/02/06,ARUNACHAL PRADESH,UPPER SIANG,0,819.36,0,23.60272277
2020/02/06,ARUNACHAL PRADESH,LOHIT,0,485.14,0,24.34840359
2020/02/06,ARUNACHAL PRADESH,ANJAW,0,653.54,0,19.60236971
2020/02/06,ARUNACHAL PRADESH,WEST SIANG,0,1200.64,0,29.52122153
2020/02/05,ARUNACHAL PRADESH,UPPER SUBANSIRI,0,805.26,0,24.50146986
2020/02/05,ARUNACHAL PRADESH,TIRAP,0,334.51,0,32.25588538
2020/02/05,ARUNACHAL PRADESH,KURUNG KUMEY,0.01,980.44,0.09,28.23054554
2020/02/05,ARUNACHAL PRADESH,EAST KAMENG,0,795.05,0,25.90814378
2020/02/05,ARUNACHAL PRADESH,CHANGLANG,0.02,805.63,0.16,31.27969442
2020/02/05,ARUNACHAL PRADESH,TAWANG,0,163.3,0,13.54416767
2020/02/05,ARUNACHAL PRADESH,LOWER DIBANG VALLEY,0.01,697.43,0.05,23.92923115
2020/02/05,ARUNACHAL PRADESH,DIBANG VALLEY,0,619.41,0.01,16.28548438
2020/02/05,ARUNACHAL PRADESH,PAPUM PARE,0,544.82,0,28.20157476
2020/02/05,ARUNACHAL PRADESH,LOWER SUBANSIRI,0,337.42,0,26.61545166
2020/02/05,ARUNACHAL PRADESH,WEST KAMENG,0.02,514.08,0.33,19.10331829
2020/02/05,ARUNACHAL PRADESH,EAST SIANG,0,580.02,0,30.28791626
2020/02/05,ARUNACHAL PRADESH,UPPER SIANG,0,812.62,0,23.40854834
2020/02/05,ARUNACHAL PRADESH,LOHIT,0,489.1,0,24.5472703
2020/02/05,ARUNACHAL PRADESH,ANJAW,0,650.15,0,19.50046614
2020/02/05,ARUNACHAL PRADESH,WEST SIANG,0,1203.33,0.01,29.58751343
2020/02/04,ARUNACHAL PRADESH,UPPER SUBANSIRI,0,814.26,0,24.77543279
2020/02/04,ARUNACHAL PRADESH,TIRAP,0,355.28,0.01,34.25797214
2020/02/04,ARUNACHAL PRADESH,KURUNG KUMEY,0.01,996.23,0.09,28.68521739
2020/02/04,ARUNACHAL PRADESH,EAST KAMENG,0,795.98,0,25.93825819
2020/02/04,ARUNACHAL PRADESH,CHANGLANG,0.01,816.53,0.05,31.70295503
2020/02/04,ARUNACHAL PRADESH,TAWANG,0,166.49,0,13.80895374
2020/02/04,ARUNACHAL PRADESH,LOWER DIBANG VALLEY,0.01,703.29,0.08,24.13043142
2020/02/04,ARUNACHAL PRADESH,DIBANG VALLEY,0,619.13,0.01,16.27826843
2020/02/04,ARUNACHAL PRADESH,PAPUM PARE,0,546.05,0,28.26516117
2020/02/04,ARUNACHAL PRADESH,LOWER SUBANSIRI,0,335.74,0,26.48300434
2020/02/04,ARUNACHAL PRADESH,WEST KAMENG,0.02,515.18,0.3,19.14414552
2020/02/04,ARUNACHAL PRADESH,EAST SIANG,0,577.23,0,30.14231255
2020/02/04,ARUNACHAL PRADESH,UPPER SIANG,0,814.14,0,23.45236297
2020/02/04,ARUNACHAL PRADESH,LOHIT,0,494.55,0,24.82070819
2020/02/04,ARUNACHAL PRADESH,ANJAW,0,661.66,0.01,19.84585555
2020/02/04,ARUNACHAL PRADESH,WEST SIANG,0,1209.87,0.01,29.74814685
2020/02/03,ARUNACHAL PRADESH,UPPER SUBANSIRI,0,826.78,0,25.1564703
2020/02/03,ARUNACHAL PRADESH,TIRAP,0,346.51,0,33.41244554
2020/02/03,ARUNACHAL PRADESH,KURUNG KUMEY,0.02,1006.84,0.11,28.99087217
2020/02/03,ARUNACHAL PRADESH,EAST KAMENG,0,803.11,0,26.17074382
2020/02/03,ARUNACHAL PRADESH,CHANGLANG,0.01,826.96,0.03,32.10776449
2020/02/03,ARUNACHAL PRADESH,TAWANG,0,166.6,0,13.81850593
2020/02/03,ARUNACHAL PRADESH,LOWER DIBANG VALLEY,0.01,712.82,0.08,24.45746604
2020/02/03,ARUNACHAL PRADESH,DIBANG VALLEY,0,627.81,0.01,16.50632622
2020/02/03,ARUNACHAL PRADESH,PAPUM PARE,0,558.46,0,28.90742664
2020/02/03,ARUNACHAL PRADESH,LOWER SUBANSIRI,0,346.76,0.02,27.3523585
2020/02/03,ARUNACHAL PRADESH,WEST KAMENG,0.02,520.33,0.32,19.33568705
2020/02/03,ARUNACHAL PRADESH,EAST SIANG,0,583.8,0,30.48533339
2020/02/03,ARUNACHAL PRADESH,UPPER SIANG,0,820.22,0,23.62744153
2020/02/03,ARUNACHAL PRADESH,LOHIT,0,501.04,0.01,25.14638872
2020/02/03,ARUNACHAL PRADESH,ANJAW,0.01,660.17,0.05,19.80117116
2020/02/03,ARUNACHAL PRADESH,WEST SIANG,0,1221.46,0.02,30.03320618
2020/02/02,ARUNACHAL PRADESH,UPPER SUBANSIRI,0,828.52,0,25.2094084
2020/02/02,ARUNACHAL PRADESH,TIRAP,0.08,357.18,0.47,34.44184871
2020/02/02,ARUNACHAL PRADESH,KURUNG KUMEY,0.03,1015.34,0.16,29.23548741
2020/02/02,ARUNACHAL PRADESH,EAST KAMENG,0,814.33,0.01,26.53645365
2020/02/02,ARUNACHAL PRADESH,CHANGLANG,0.54,887.71,3.69,34.46660891
2020/02/02,ARUNACHAL PRADESH,TAWANG,0,167.18,0,13.8662901
2020/02/02,ARUNACHAL PRADESH,LOWER DIBANG VALLEY,0.02,721.4,0.1,24.75176438
2020/02/02,ARUNACHAL PRADESH,DIBANG VALLEY,0,630.2,0.01,16.56930755
2020/02/02,ARUNACHAL PRADESH,PAPUM PARE,0.02,570.99,0.15,29.55608192
2020/02/02,ARUNACHAL PRADESH,LOWER SUBANSIRI,0,347.01,0.02,27.37248349
2020/02/02,ARUNACHAL PRADESH,WEST KAMENG,0.02,523.06,0.32,19.43702355
2020/02/02,ARUNACHAL PRADESH,EAST SIANG,0.02,590.39,0.15,30.82929206
2020/02/02,ARUNACHAL PRADESH,UPPER SIANG,0,825.44,0,23.77797361
2020/02/02,ARUNACHAL PRADESH,LOHIT,0.03,508.85,0.18,25.53844304
2020/02/02,ARUNACHAL PRADESH,ANJAW,0,659.05,0.02,19.76746727
2020/02/02,ARUNACHAL PRADESH,WEST SIANG,0.01,1228.23,0.11,30.19958418
2020/02/01,ARUNACHAL PRADESH,UPPER SUBANSIRI,0,830.21,0,25.26068368
2020/02/01,ARUNACHAL PRADESH,TIRAP,0,348.64,0,33.61758124
2020/02/01,ARUNACHAL PRADESH,KURUNG KUMEY,0.1,1037.98,0.64,29.88741769
2020/02/01,ARUNACHAL PRADESH,EAST KAMENG,0,808.22,0,26.33723259
2020/02/01,ARUNACHAL PRADESH,CHANGLANG,0.03,773.04,0.15,30.01443871
2020/02/01,ARUNACHAL PRADESH,TAWANG,0,167.51,0,13.89368486
2020/02/01,ARUNACHAL PRADESH,LOWER DIBANG VALLEY,0.03,733.79,0.18,25.17671652
2020/02/01,ARUNACHAL PRADESH,DIBANG VALLEY,0,632.68,0.02,16.6345638
2020/02/01,ARUNACHAL PRADESH,PAPUM PARE,0,555.55,0,28.75672716
2020/02/01,ARUNACHAL PRADESH,LOWER SUBANSIRI,0,347.44,0.02,27.40623194
2020/02/01,ARUNACHAL PRADESH,WEST KAMENG,0.02,526.51,0.33,19.56515804
2020/02/01,ARUNACHAL PRADESH,EAST SIANG,0,593.5,0,30.9919574
2020/02/01,ARUNACHAL PRADESH,UPPER SIANG,0,830.86,0,23.93386013
2020/02/01,ARUNACHAL PRADESH,LOHIT,0,498.53,0.02,25.02050944
2020/02/01,ARUNACHAL PRADESH,ANJAW,0.02,662.52,0.13,19.87160571
2020/02/01,ARUNACHAL PRADESH,WEST SIANG,0,1225.91,0.03,30.14269568
2020/03/31,ARUNACHAL PRADESH,UPPER SUBANSIRI,0,837.67,0.04,25.48766072
2020/03/31,ARUNACHAL PRADESH,TIRAP,0,306.52,0,29.55683321
2020/03/31,ARUNACHAL PRADESH,KURUNG KUMEY,0,991,0,28.5348049
2020/03/31,ARUNACHAL PRADESH,EAST KAMENG,0,669.95,0,21.8313265
2020/03/31,ARUNACHAL PRADESH,CHANGLANG,0.02,735.71,0.14,28.56480957
2020/03/31,ARUNACHAL PRADESH,TAWANG,0,170.69,0,14.15702257
2020/03/31,ARUNACHAL PRADESH,LOWER DIBANG VALLEY,0.11,734.51,0.63,25.2015815
2020/03/31,ARUNACHAL PRADESH,DIBANG VALLEY,0.06,796.49,0.31,20.94140893
2020/03/31,ARUNACHAL PRADESH,PAPUM PARE,0,469.36,0,24.29526153
2020/03/31,ARUNACHAL PRADESH,LOWER SUBANSIRI,0,349.99,0.01,27.60766335
2020/03/31,ARUNACHAL PRADESH,WEST KAMENG,0.01,490.4,0.06,18.22327423
2020/03/31,ARUNACHAL PRADESH,EAST SIANG,0,570.96,0,29.81510721
2020/03/31,ARUNACHAL PRADESH,UPPER SIANG,0.03,842.49,0.16,24.26907373
2020/03/31,ARUNACHAL PRADESH,LOHIT,0.03,493.44,0.2,24.76473223
2020/03/31,ARUNACHAL PRADESH,ANJAW,0.05,796.21,0.28,23.88143736
2020/03/31,ARUNACHAL PRADESH,WEST SIANG,0,1214.82,0,29.87002073
2020/03/30,ARUNACHAL PRADESH,UPPER SUBANSIRI,0,843.03,0.05,25.65085413
2020/03/30,ARUNACHAL PRADESH,TIRAP,0,310.51,0,29.94101569
2020/03/30,ARUNACHAL PRADESH,KURUNG KUMEY,0,996.58,0,28.69544039
2020/03/30,ARUNACHAL PRADESH,EAST KAMENG,0,675.11,0,21.99963895
2020/03/30,ARUNACHAL PRADESH,CHANGLANG,0.02,742.72,0.14,28.83700344
2020/03/30,ARUNACHAL PRADESH,TAWANG,0,171.97,0,14.26383643
2020/03/30,ARUNACHAL PRADESH,LOWER DIBANG VALLEY,0.08,735.57,0.46,25.23787091
2020/03/30,ARUNACHAL PRADESH,DIBANG VALLEY,0.03,794.4,0.17,20.88651622
2020/03/30,ARUNACHAL PRADESH,PAPUM PARE,0,473.64,0,24.51699964
2020/03/30,ARUNACHAL PRADESH,LOWER SUBANSIRI,0,352.31,0.02,27.79017464
2020/03/30,ARUNACHAL PRADESH,WEST KAMENG,0.01,494.08,0.08,18.35999924
2020/03/30,ARUNACHAL PRADESH,EAST SIANG,0,578.93,0,30.23107726
2020/03/30,ARUNACHAL PRADESH,UPPER SIANG,0.02,845.26,0.1,24.34880138
2020/03/30,ARUNACHAL PRADESH,LOHIT,0.02,495.72,0.15,24.87914084
2020/03/30,ARUNACHAL PRADESH,ANJAW,0.03,791.33,0.18,23.73523741
2020/03/30,ARUNACHAL PRADESH,WEST SIANG,0,1222.98,0,30.07050974
2020/03/29,ARUNACHAL PRADESH,UPPER SUBANSIRI,0,847.79,0.06,25.79574051
2020/03/29,ARUNACHAL PRADESH,TIRAP,0,314.39,0,30.31496028
2020/03/29,ARUNACHAL PRADESH,KURUNG KUMEY,0,1003.01,0,28.88055952
2020/03/29,ARUNACHAL PRADESH,EAST KAMENG,0,680.55,0,22.17678378
2020/03/29,ARUNACHAL PRADESH,CHANGLANG,0.02,749.21,0.1,29.08921921
2020/03/29,ARUNACHAL PRADESH,TAWANG,0,173.48,0,14.38906952
2020/03/29,ARUNACHAL PRADESH,LOWER DIBANG VALLEY,0.11,739.55,0.63,25.37454926
2020/03/29,ARUNACHAL PRADESH,DIBANG VALLEY,0.05,794.91,0.28,20.89979357
2020/03/29,ARUNACHAL PRADESH,PAPUM PARE,0,478.44,0.01,24.76544724
2020/03/29,ARUNACHAL PRADESH,LOWER SUBANSIRI,0,354.83,0.03,27.98949219
2020/03/29,ARUNACHAL PRADESH,WEST KAMENG,0.01,497.06,0.12,18.47075871
2020/03/29,ARUNACHAL PRADESH,EAST SIANG,0,587.91,0,30.69978106
2020/03/29,ARUNACHAL PRADESH,UPPER SIANG,0.02,841.42,0.11,24.23828297
2020/03/29,ARUNACHAL PRADESH,LOHIT,0.02,498.22,0.12,25.00509124
2020/03/29,ARUNACHAL PRADESH,ANJAW,0.07,802.64,0.41,24.07434001
2020/03/29,ARUNACHAL PRADESH,WEST SIANG,0,1227.96,0,30.19299969
2020/03/28,ARUNACHAL PRADESH,UPPER SUBANSIRI,0.01,852.5,0.08,25.93883887
2020/03/28,ARUNACHAL PRADESH,TIRAP,0,318.5,0,30.71189447
2020/03/28,ARUNACHAL PRADESH,KURUNG KUMEY,0,1007.93,0,29.02226139
2020/03/28,ARUNACHAL PRADESH,EAST KAMENG,0,686.63,0,22.3751135
2020/03/28,ARUNACHAL PRADESH,CHANGLANG,0.01,754.92,0.07,29.31102387
2020/03/28,ARUNACHAL PRADESH,TAWANG,0,174.67,0,14.48715168
2020/03/28,ARUNACHAL PRADESH,LOWER DIBANG VALLEY,0.13,746.2,0.79,25.60269562
2020/03/28,ARUNACHAL PRADESH,DIBANG VALLEY,0.04,799.89,0.23,21.03088581
2020/03/28,ARUNACHAL PRADESH,PAPUM PARE,0,483.75,0.01,25.04045862
2020/03/28,ARUNACHAL PRADESH,LOWER SUBANSIRI,0,357.63,0.04,28.20992012
2020/03/28,ARUNACHAL PRADESH,WEST KAMENG,0.01,499.94,0.12,18.57790515
2020/03/28,ARUNACHAL PRADESH,EAST SIANG,0,597.84,0,31.21845906
2020/03/28,ARUNACHAL PRADESH,UPPER SIANG,0.02,843.51,0.1,24.29839901
2020/03/28,ARUNACHAL PRADESH,LOHIT,0.02,500.14,0.14,25.10105012
2020/03/28,ARUNACHAL PRADESH,ANJAW,0.22,824.43,1.24,24.7279199
2020/03/28,ARUNACHAL PRADESH,WEST SIANG,0,1233.53,0,30.32986341
2020/03/27,ARUNACHAL PRADESH,UPPER SUBANSIRI,0.01,855.78,0.08,26.03876773
2020/03/27,ARUNACHAL PRADESH,TIRAP,0,322.29,0,31.07704551
2020/03/27,ARUNACHAL PRADESH,KURUNG KUMEY,0,1013.44,0.01,29.18073766
2020/03/27,ARUNACHAL PRADESH,EAST KAMENG,0,692.84,0,22.57752317
2020/03/27,ARUNACHAL PRADESH,CHANGLANG,0.02,760.48,0.09,29.52662152
2020/03/27,ARUNACHAL PRADESH,TAWANG,0,175.48,0,14.55463237
2020/03/27,ARUNACHAL PRADESH,LOWER DIBANG VALLEY,0.16,735.54,0.96,25.23673689
2020/03/27,ARUNACHAL PRADESH,DIBANG VALLEY,0.13,806.96,0.74,21.21670752
2020/03/27,ARUNACHAL PRADESH,PAPUM PARE,0,489.17,0.01,25.32103465
2020/03/27,ARUNACHAL PRADESH,LOWER SUBANSIRI,0,359.84,0.06,28.38449604
2020/03/27,ARUNACHAL PRADESH,WEST KAMENG,0.01,502.73,0.13,18.6814925
2020/03/27,ARUNACHAL PRADESH,EAST SIANG,0,573.47,0,29.94585465
2020/03/27,ARUNACHAL PRADESH,UPPER SIANG,0.03,840.21,0.14,24.20331651
2020/03/27,ARUNACHAL PRADESH,LOHIT,0.02,493,0.11,24.74265435
2020/03/27,ARUNACHAL PRADESH,ANJAW,0.11,775.91,0.63,23.27269594
2020/03/27,ARUNACHAL PRADESH,WEST SIANG,0,1222.96,0,30.07017043
2020/03/26,ARUNACHAL PRADESH,UPPER SUBANSIRI,0.01,854.42,0.11,25.99744723
2020/03/26,ARUNACHAL PRADESH,TIRAP,0,326.03,0,31.43777936
2020/03/26,ARUNACHAL PRADESH,KURUNG KUMEY,0,1020.49,0.01,29.38385704
2020/03/26,ARUNACHAL PRADESH,EAST KAMENG,0,699.47,0,22.79342368
2020/03/26,ARUNACHAL PRADESH,CHANGLANG,0.03,759.66,0.15,29.49494825
2020/03/26,ARUNACHAL PRADESH,TAWANG,0,175.67,0,14.5704032
2020/03/26,ARUNACHAL PRADESH,LOWER DIBANG VALLEY,0.14,733.25,0.82,25.15821861
2020/03/26,ARUNACHAL PRADESH,DIBANG VALLEY,0.13,764.66,0.71,20.10450613
2020/03/26,ARUNACHAL PRADESH,PAPUM PARE,0,494.8,0.02,25.61222349
2020/03/26,ARUNACHAL PRADESH,LOWER SUBANSIRI,0.01,362.97,0.1,28.63135224
2020/03/26,ARUNACHAL PRADESH,WEST KAMENG,0.01,505.96,0.13,18.80133815
2020/03/26,ARUNACHAL PRADESH,EAST SIANG,0,580.81,0,30.32929707
2020/03/26,ARUNACHAL PRADESH,UPPER SIANG,0.03,836.79,0.14,24.1047926
2020/03/26,ARUNACHAL PRADESH,LOHIT,0.01,494.82,0.08,24.83406821
2020/03/26,ARUNACHAL PRADESH,ANJAW,0.14,778.8,0.79,23.35915843
2020/03/26,ARUNACHAL PRADESH,WEST SIANG,0,1231.23,0,30.27334933
2020/03/25,ARUNACHAL PRADESH,UPPER SUBANSIRI,0.01,855.8,0.13,26.03941812
2020/03/25,ARUNACHAL PRADESH,TIRAP,0,331.73,0,31.98731784
2020/03/25,ARUNACHAL PRADESH,KURUNG KUMEY,0,1027.54,0.01,29.58676165
2020/03/25,ARUNACHAL PRADESH,EAST KAMENG,0,705.08,0,22.97628874
2020/03/25,ARUNACHAL PRADESH,CHANGLANG,0,765.96,0.02,29.73952028
2020/03/25,ARUNACHAL PRADESH,TAWANG,0,175.23,0,14.53412308
2020/03/25,ARUNACHAL PRADESH,LOWER DIBANG VALLEY,0.04,714.46,0.22,24.51370555
2020/03/25,ARUNACHAL PRADESH,DIBANG VALLEY,0.01,701.08,0.03,18.43275232
2020/03/25,ARUNACHAL PRADESH,PAPUM PARE,0,498.5,0.04,25.80390491
2020/03/25,ARUNACHAL PRADESH,LOWER SUBANSIRI,0.01,366.13,0.19,28.88071554
2020/03/25,ARUNACHAL PRADESH,WEST KAMENG,0.01,508.88,0.16,18.91015996
2020/03/25,ARUNACHAL PRADESH,EAST SIANG,0,588.83,0,30.74790215
2020/03/25,ARUNACHAL PRADESH,UPPER SIANG,0,832.9,0,23.99282723
2020/03/25,ARUNACHAL PRADESH,LOHIT,0,495.43,0.01,24.86466783
2020/03/25,ARUNACHAL PRADESH,ANJAW,0.01,714.32,0.03,21.42528659
2020/03/25,ARUNACHAL PRADESH,WEST SIANG,0,1239.64,0,30.48027169
2020/03/24,ARUNACHAL PRADESH,UPPER SUBANSIRI,0,804.17,0,24.46837833
2020/03/24,ARUNACHAL PRADESH,TIRAP,0,331.43,0,31.95817133
2020/03/24,ARUNACHAL PRADESH,KURUNG KUMEY,0,1018.76,0.02,29.33393483
2020/03/24,ARUNACHAL PRADESH,EAST KAMENG,0,707.83,0,23.06590372
2020/03/24,ARUNACHAL PRADESH,CHANGLANG,0.01,769.55,0.04,29.87892073
2020/03/24,ARUNACHAL PRADESH,TAWANG,0,174.62,0,14.48378302
2020/03/24,ARUNACHAL PRADESH,LOWER DIBANG VALLEY,0.03,717.29,0.19,24.61063782
2020/03/24,ARUNACHAL PRADESH,DIBANG VALLEY,0,684.17,0.02,17.98829196
2020/03/24,ARUNACHAL PRADESH,PAPUM PARE,0,501.79,0.05,25.97424349
2020/03/24,ARUNACHAL PRADESH,LOWER SUBANSIRI,0.02,367.62,0.24,28.99778694
2020/03/24,ARUNACHAL PRADESH,WEST KAMENG,0.02,510.42,0.2,18.96730306
2020/03/24,ARUNACHAL PRADESH,EAST SIANG,0,591.03,0,30.86277112
2020/03/24,ARUNACHAL PRADESH,UPPER SIANG,0,818.63,0,23.58160787
2020/03/24,ARUNACHAL PRADESH,LOHIT,0,499.45,0.01,25.06665697
2020/03/24,ARUNACHAL PRADESH,ANJAW,0.01,714.5,0.06,21.43056219
2020/03/24,ARUNACHAL PRADESH,WEST SIANG,0,1213.19,0,29.82986296
2020/03/23,ARUNACHAL PRADESH,UPPER SUBANSIRI,0,806.78,0.01,24.54770257
2020/03/23,ARUNACHAL PRADESH,TIRAP,0,336.71,0,32.46775088
2020/03/23,ARUNACHAL PRADESH,KURUNG KUMEY,0,1023,0.02,29.45613951
2020/03/23,ARUNACHAL PRADESH,EAST KAMENG,0,713.27,0,23.24314857
2020/03/23,ARUNACHAL PRADESH,CHANGLANG,0.04,772.01,0.22,29.97432088
2020/03/23,ARUNACHAL PRADESH,TAWANG,0,175.78,0,14.57946813
2020/03/23,ARUNACHAL PRADESH,LOWER DIBANG VALLEY,0.03,715.56,0.16,24.55123787
2020/03/23,ARUNACHAL PRADESH,DIBANG VALLEY,0,683.48,0.02,17.96999082
2020/03/23,ARUNACHAL PRADESH,PAPUM PARE,0,505.93,0.07,26.18827292
2020/03/23,ARUNACHAL PRADESH,LOWER SUBANSIRI,0.03,370.62,0.4,29.2345527
2020/03/23,ARUNACHAL PRADESH,WEST KAMENG,0.02,514.55,0.28,19.12083324
2020/03/23,ARUNACHAL PRADESH,EAST SIANG,0,597.33,0,31.19208515
2020/03/23,ARUNACHAL PRADESH,UPPER SIANG,0,822.48,0,23.69247953
2020/03/23,ARUNACHAL PRADESH,LOHIT,0.01,504.79,0.04,25.33433227
2020/03/23,ARUNACHAL PRADESH,ANJAW,0.04,720.6,0.21,21.61372578
2020/03/23,ARUNACHAL PRADESH,WEST SIANG,0,1220.68,0,30.01404211
2020/03/22,ARUNACHAL PRADESH,UPPER SUBANSIRI,0,805.8,0.01,24.51808143
2020/03/22,ARUNACHAL PRADESH,TIRAP,0,321.42,0,30.99276575
2020/03/22,ARUNACHAL PRADESH,KURUNG KUMEY,0,1028.62,0.02,29.6179325
2020/03/22,ARUNACHAL PRADESH,EAST KAMENG,0,713.72,0,23.25793389
2020/03/22,ARUNACHAL PRADESH,CHANGLANG,0,754.79,0.01,29.30567797
2020/03/22,ARUNACHAL PRADESH,TAWANG,0,176.07,0,14.60361426
2020/03/22,ARUNACHAL PRADESH,LOWER DIBANG VALLEY,0.03,722.04,0.15,24.773764
2020/03/22,ARUNACHAL PRADESH,DIBANG VALLEY,0,689.76,0.01,18.13533123
2020/03/22,ARUNACHAL PRADESH,PAPUM PARE,0.01,489.4,0.09,25.33273518
2020/03/22,ARUNACHAL PRADESH,LOWER SUBANSIRI,0.03,371.98,0.5,29.34226398
2020/03/22,ARUNACHAL PRADESH,WEST KAMENG,0.03,516.59,0.34,19.19650165
2020/03/22,ARUNACHAL PRADESH,EAST SIANG,0,595.83,0,31.11343966
2020/03/22,ARUNACHAL PRADESH,UPPER SIANG,0,827.96,0,23.8503842
2020/03/22,ARUNACHAL PRADESH,LOHIT,0,507.35,0.03,25.46290612
2020/03/22,ARUNACHAL PRADESH,ANJAW,0.03,716.87,0.14,21.50183095
2020/03/22,ARUNACHAL PRADESH,WEST SIANG,0,1214.41,0,29.85981228
2020/03/21,ARUNACHAL PRADESH,UPPER SUBANSIRI,0,802.23,0.01,24.40919941
2020/03/21,ARUNACHAL PRADESH,TIRAP,0,300.44,0,28.97058364
2020/03/21,ARUNACHAL PRADESH,KURUNG KUMEY,0,978.68,0.02,28.17993273
2020/03/21,ARUNACHAL PRADESH,EAST KAMENG,0,702.77,0,22.90105189
2020/03/21,ARUNACHAL PRADESH,CHANGLANG,0,749.42,0.01,29.09736237
2020/03/21,ARUNACHAL PRADESH,TAWANG,0,176.44,0,14.6342645
2020/03/21,ARUNACHAL PRADESH,LOWER DIBANG VALLEY,0.03,730.64,0.18,25.06876744
2020/03/21,ARUNACHAL PRADESH,DIBANG VALLEY,0,691.44,0.02,18.17928948
2020/03/21,ARUNACHAL PRADESH,PAPUM PARE,0.01,490.54,0.12,25.39177253
2020/03/21,ARUNACHAL PRADESH,LOWER SUBANSIRI,0.04,373.38,0.64,29.45264608
2020/03/21,ARUNACHAL PRADESH,WEST KAMENG,0.01,497.59,0.09,18.49048524
2020/03/21,ARUNACHAL PRADESH,EAST SIANG,0,606.54,0,31.67290055
2020/03/21,ARUNACHAL PRADESH,UPPER SIANG,0,829.45,0,23.89344047
2020/03/21,ARUNACHAL PRADESH,LOHIT,0.01,512.83,0.04,25.73798916
2020/03/21,ARUNACHAL PRADESH,ANJAW,0.03,720.37,0.14,21.60689362
2020/03/21,ARUNACHAL PRADESH,WEST SIANG,0,1220.8,0,30.01691551
2020/03/20,ARUNACHAL PRADESH,UPPER SUBANSIRI,0,800.36,0.01,24.35245657
2020/03/20,ARUNACHAL PRADESH,TIRAP,0,299.41,0,28.87091773
2020/03/20,ARUNACHAL PRADESH,KURUNG KUMEY,0,981.78,0.02,28.26923526
2020/03/20,ARUNACHAL PRADESH,EAST KAMENG,0,706.09,0,23.00902065
2020/03/20,ARUNACHAL PRADESH,CHANGLANG,0,758.74,0.02,29.45921674
2020/03/20,ARUNACHAL PRADESH,TAWANG,0,177.53,0,14.72471028
2020/03/20,ARUNACHAL PRADESH,LOWER DIBANG VALLEY,0.04,741.34,0.21,25.43597589
2020/03/20,ARUNACHAL PRADESH,DIBANG VALLEY,0,698.64,0.02,18.36879242
2020/03/20,ARUNACHAL PRADESH,PAPUM PARE,0.01,494.09,0.14,25.5755005
2020/03/20,ARUNACHAL PRADESH,LOWER SUBANSIRI,0.05,375.34,0.75,29.60708518
2020/03/20,ARUNACHAL PRADESH,WEST KAMENG,0.01,499.53,0.1,18.56251477
2020/03/20,ARUNACHAL PRADESH,EAST SIANG,0.03,620.71,0.18,32.41301688
2020/03/20,ARUNACHAL PRADESH,UPPER SIANG,0,836.06,0,24.08387642
2020/03/20,ARUNACHAL PRADESH,LOHIT,0.01,521.06,0.07,26.15121453
2020/03/20,ARUNACHAL PRADESH,ANJAW,0.02,729.99,0.12,21.89528184
2020/03/20,ARUNACHAL PRADESH,WEST SIANG,0,1229.35,0,30.22720577
2020/03/19,ARUNACHAL PRADESH,UPPER SUBANSIRI,0,802.86,0.01,24.42859809
2020/03/19,ARUNACHAL PRADESH,TIRAP,0,302.15,0,29.13548458
2020/03/19,ARUNACHAL PRADESH,KURUNG KUMEY,0,979.8,0,28.21220606
2020/03/19,ARUNACHAL PRADESH,EAST KAMENG,0,710.17,0,23.14215057
2020/03/19,ARUNACHAL PRADESH,CHANGLANG,0,766.05,0.01,29.74292983
2020/03/19,ARUNACHAL PRADESH,TAWANG,0,177.71,0,14.73993177
2020/03/19,ARUNACHAL PRADESH,LOWER DIBANG VALLEY,0.04,739.57,0.25,25.37506275
2020/03/19,ARUNACHAL PRADESH,DIBANG VALLEY,0,706.12,0.03,18.56540152
2020/03/19,ARUNACHAL PRADESH,PAPUM PARE,0.01,495.58,0.12,25.65271276
2020/03/19,ARUNACHAL PRADESH,LOWER SUBANSIRI,0.05,373.32,0.77,29.44746057
2020/03/19,ARUNACHAL PRADESH,WEST KAMENG,0.01,502.02,0.13,18.65495003
2020/03/19,ARUNACHAL PRADESH,EAST SIANG,0,580.93,0,30.3354626
2020/03/19,ARUNACHAL PRADESH,UPPER SIANG,0,840.56,0,24.21345245
2020/03/19,ARUNACHAL PRADESH,LOHIT,0.01,525.7,0.05,26.38395254
2020/03/19,ARUNACHAL PRADESH,ANJAW,0.01,731.96,0.07,21.95437182
2020/03/19,ARUNACHAL PRADESH,WEST SIANG,0,1238.13,0,30.44295479
2020/03/18,ARUNACHAL PRADESH,UPPER SUBANSIRI,0,831.03,0.01,25.28568323
2020/03/18,ARUNACHAL PRADESH,TIRAP,0,304.39,0,29.35071213
2020/03/18,ARUNACHAL PRADESH,KURUNG KUMEY,0,1001.88,0,28.84790657
2020/03/18,ARUNACHAL PRADESH,EAST KAMENG,0,732.96,0,23.88460068
2020/03/18,ARUNACHAL PRADESH,CHANGLANG,0,779.52,0.01,30.26578553
2020/03/18,ARUNACHAL PRADESH,TAWANG,0,184.83,0,15.33058455
2020/03/18,ARUNACHAL PRADESH,LOWER DIBANG VALLEY,0.03,749.84,0.2,25.72745295
2020/03/18,ARUNACHAL PRADESH,DIBANG VALLEY,0,715.22,0.02,18.80464017
2020/03/18,ARUNACHAL PRADESH,PAPUM PARE,0.01,497.76,0.15,25.76562095
2020/03/18,ARUNACHAL PRADESH,LOWER SUBANSIRI,0.06,375.72,0.91,29.63680995
2020/03/18,ARUNACHAL PRADESH,WEST KAMENG,0.01,517.67,0.13,19.23659593
2020/03/18,ARUNACHAL PRADESH,EAST SIANG,0,584.39,0,30.51625171
2020/03/18,ARUNACHAL PRADESH,UPPER SIANG,0,866.19,0,24.95181384
2020/03/18,ARUNACHAL PRADESH,LOHIT,0.01,534.72,0.07,26.83648478
2020/03/18,ARUNACHAL PRADESH,ANJAW,0.01,740.24,0.07,22.20287998
2020/03/18,ARUNACHAL PRADESH,WEST SIANG,0,1252.12,0,30.78716508
2020/03/17,ARUNACHAL PRADESH,UPPER SUBANSIRI,0,832.11,0.01,25.31855629
2020/03/17,ARUNACHAL PRADESH,TIRAP,0,307.5,0,29.65142721
2020/03/17,ARUNACHAL PRADESH,KURUNG KUMEY,0,1011.39,0.01,29.12182309
2020/03/17,ARUNACHAL PRADESH,EAST KAMENG,0,736.66,0,24.00526958
2020/03/17,ARUNACHAL PRADESH,CHANGLANG,0,797.95,0.02,30.98140249
2020/03/17,ARUNACHAL PRADESH,TAWANG,0,184.47,0,15.30046057
2020/03/17,ARUNACHAL PRADESH,LOWER DIBANG VALLEY,0.04,763.86,0.23,26.2083969
2020/03/17,ARUNACHAL PRADESH,DIBANG VALLEY,0.01,709.63,0.04,18.65770577
2020/03/17,ARUNACHAL PRADESH,PAPUM PARE,0.01,501.66,0.19,25.96730626
2020/03/17,ARUNACHAL PRADESH,LOWER SUBANSIRI,0.07,378.45,1.09,29.85225015
2020/03/17,ARUNACHAL PRADESH,WEST KAMENG,0.02,517.23,0.15,19.22028404
2020/03/17,ARUNACHAL PRADESH,EAST SIANG,0,593.62,0,30.99814064
2020/03/17,ARUNACHAL PRADESH,UPPER SIANG,0,863.69,0.02,24.87978598
2020/03/17,ARUNACHAL PRADESH,LOHIT,0.02,545.99,0.09,27.40211652
2020/03/17,ARUNACHAL PRADESH,ANJAW,0.02,748.77,0.13,22.45865134
2020/03/17,ARUNACHAL PRADESH,WEST SIANG,0,1242.26,0.01,30.54466006
2020/03/16,ARUNACHAL PRADESH,UPPER SUBANSIRI,0,835.25,0.02,25.41415697
2020/03/16,ARUNACHAL PRADESH,TIRAP,0,310.48,0,29.93863981
2020/03/16,ARUNACHAL PRADESH,KURUNG KUMEY,0,1015.7,0.01,29.24605511
2020/03/16,ARUNACHAL PRADESH,EAST KAMENG,0,741.55,0,24.16471509
2020/03/16,ARUNACHAL PRADESH,CHANGLANG,0.19,832.48,1.28,32.32201753
2020/03/16,ARUNACHAL PRADESH,TAWANG,0,186.2,0,15.44344244
2020/03/16,ARUNACHAL PRADESH,LOWER DIBANG VALLEY,0.11,788.93,0.63,27.06858515
2020/03/16,ARUNACHAL PRADESH,DIBANG VALLEY,0.08,718.87,0.46,18.90056142
2020/03/16,ARUNACHAL PRADESH,PAPUM PARE,0.02,505.1,0.23,26.14557046
2020/03/16,ARUNACHAL PRADESH,LOWER SUBANSIRI,0.09,381.15,1.28,30.06492634
2020/03/16,ARUNACHAL PRADESH,WEST KAMENG,0.02,520.34,0.18,19.33590675
2020/03/16,ARUNACHAL PRADESH,EAST SIANG,0,605.34,0,31.61020945
2020/03/16,ARUNACHAL PRADESH,UPPER SIANG,0.2,889.98,1.11,25.63709821
2020/03/16,ARUNACHAL PRADESH,LOHIT,0.04,562.85,0.21,28.24835452
2020/03/16,ARUNACHAL PRADESH,ANJAW,0.06,760.06,0.35,22.79711323
2020/03/16,ARUNACHAL PRADESH,WEST SIANG,0,1252.08,0.01,30.78601373
2020/03/15,ARUNACHAL PRADESH,UPPER SUBANSIRI,0,830.69,0.02,25.27525181
2020/03/15,ARUNACHAL PRADESH,TIRAP,0,313.03,0,30.18424218
2020/03/15,ARUNACHAL PRADESH,KURUNG KUMEY,0,1019.63,0.01,29.35900192
2020/03/15,ARUNACHAL PRADESH,EAST KAMENG,0,747.23,0,24.34969426
2020/03/15,ARUNACHAL PRADESH,CHANGLANG,0.11,801.92,0.64,31.13549516
2020/03/15,ARUNACHAL PRADESH,TAWANG,0,187.44,0,15.54670681
2020/03/15,ARUNACHAL PRADESH,LOWER DIBANG VALLEY,0.03,733.36,0.19,25.16199329
2020/03/15,ARUNACHAL PRADESH,DIBANG VALLEY,0.03,703.08,0.17,18.48530398
2020/03/15,ARUNACHAL PRADESH,PAPUM PARE,0.02,509.28,0.27,26.36191218
2020/03/15,ARUNACHAL PRADESH,LOWER SUBANSIRI,0.1,384.09,1.47,30.29750869
2020/03/15,ARUNACHAL PRADESH,WEST KAMENG,0.02,523.39,0.22,19.4490461
2020/03/15,ARUNACHAL PRADESH,EAST SIANG,0,585.3,0,30.56372373
2020/03/15,ARUNACHAL PRADESH,UPPER SIANG,0,842.46,0.02,24.26814136
2020/03/15,ARUNACHAL PRADESH,LOHIT,0.02,540.3,0.12,27.11690631
2020/03/15,ARUNACHAL PRADESH,ANJAW,0.08,746.56,0.43,22.39237963
2020/03/15,ARUNACHAL PRADESH,WEST SIANG,0,1234.99,0.02,30.36591361
2020/03/14,ARUNACHAL PRADESH,UPPER SUBANSIRI,0,833.09,0.02,25.34820377
2020/03/14,ARUNACHAL PRADESH,TIRAP,0,316.38,0,30.50740586
2020/03/14,ARUNACHAL PRADESH,KURUNG KUMEY,0,1021.94,0.02,29.42565804
2020/03/14,ARUNACHAL PRADESH,EAST KAMENG,0,752.63,0,24.52577845
2020/03/14,ARUNACHAL PRADESH,CHANGLANG,0,756.57,0,29.37489656
2020/03/14,ARUNACHAL PRADESH,TAWANG,0,187.31,0,15.53588003
2020/03/14,ARUNACHAL PRADESH,LOWER DIBANG VALLEY,0.02,722.98,0.1,24.80596666
2020/03/14,ARUNACHAL PRADESH,DIBANG VALLEY,0,691.02,0,18.16830413
2020/03/14,ARUNACHAL PRADESH,PAPUM PARE,0.02,512.65,0.36,26.5363163
2020/03/14,ARUNACHAL PRADESH,LOWER SUBANSIRI,0.11,387.76,1.66,30.58653013
2020/03/14,ARUNACHAL PRADESH,WEST KAMENG,0.03,525.03,0.31,19.51029672
2020/03/14,ARUNACHAL PRADESH,EAST SIANG,0,591.87,0,30.90686927
2020/03/14,ARUNACHAL PRADESH,UPPER SIANG,0,829.47,0,23.89386185
2020/03/14,ARUNACHAL PRADESH,LOHIT,0.02,530.78,0.08,26.63893907
2020/03/14,ARUNACHAL PRADESH,ANJAW,0,694.75,0.02,20.83844738
2020/03/14,ARUNACHAL PRADESH,WEST SIANG,0,1227.44,0.02,30.18011599
2020/03/13,ARUNACHAL PRADESH,UPPER SUBANSIRI,0,834.52,0.03,25.3917352
2020/03/13,ARUNACHAL PRADESH,TIRAP,0,318.75,0,30.73586926
2020/03/13,ARUNACHAL PRADESH,KURUNG KUMEY,0,1027.14,0.02,29.57542668
2020/03/13,ARUNACHAL PRADESH,EAST KAMENG,0,757.98,0,24.70004681
2020/03/13,ARUNACHAL PRADESH,CHANGLANG,0,766.3,0,29.75252225
2020/03/13,ARUNACHAL PRADESH,TAWANG,0,187.71,0,15.5692189
2020/03/13,ARUNACHAL PRADESH,LOWER DIBANG VALLEY,0.02,723.38,0.11,24.81964114
2020/03/13,ARUNACHAL PRADESH,DIBANG VALLEY,0,694.31,0,18.25489508
2020/03/13,ARUNACHAL PRADESH,PAPUM PARE,0.03,516.45,0.42,26.73267486
2020/03/13,ARUNACHAL PRADESH,LOWER SUBANSIRI,0.12,390.8,1.81,30.82634496
2020/03/13,ARUNACHAL PRADESH,WEST KAMENG,0.03,526.41,0.28,19.56128978
2020/03/13,ARUNACHAL PRADESH,EAST SIANG,0,597.82,0,31.21749817
2020/03/13,ARUNACHAL PRADESH,UPPER SIANG,0,834.34,0,24.03410074
2020/03/13,ARUNACHAL PRADESH,LOHIT,0.02,539.44,0.1,27.07339881
2020/03/13,ARUNACHAL PRADESH,ANJAW,0,697.43,0,20.91855366
2020/03/13,ARUNACHAL PRADESH,WEST SIANG,0,1229.96,0.03,30.24207642
2020/03/12,ARUNACHAL PRADESH,UPPER SUBANSIRI,0,837.62,0.03,25.48620762
2020/03/12,ARUNACHAL PRADESH,TIRAP,0,321.45,0,30.99649664
2020/03/12,ARUNACHAL PRADESH,KURUNG KUMEY,0,1032.41,0.03,29.7270913
2020/03/12,ARUNACHAL PRADESH,EAST KAMENG,0,762.75,0,24.85565747
2020/03/12,ARUNACHAL PRADESH,CHANGLANG,0,778.74,0,30.23555279
2020/03/12,ARUNACHAL PRADESH,TAWANG,0,188.96,0,15.67283912
2020/03/12,ARUNACHAL PRADESH,LOWER DIBANG VALLEY,0.02,729.26,0.13,25.02121698
2020/03/12,ARUNACHAL PRADESH,DIBANG VALLEY,0,696.83,0,18.32122203
2020/03/12,ARUNACHAL PRADESH,PAPUM PARE,0.03,520.55,0.47,26.94535206
2020/03/12,ARUNACHAL PRADESH,LOWER SUBANSIRI,0.13,393.34,1.91,31.02679607
2020/03/12,ARUNACHAL PRADESH,WEST KAMENG,0.03,529,0.31,19.65786014
2020/03/12,ARUNACHAL PRADESH,EAST SIANG,0,605.59,0,31.62337278
2020/03/12,ARUNACHAL PRADESH,UPPER SIANG,0,840.39,0,24.20839294
2020/03/12,ARUNACHAL PRADESH,LOHIT,0.03,551.87,0.17,27.69750873
2020/03/12,ARUNACHAL PRADESH,ANJAW,0,702.79,0,21.07940571
2020/03/12,ARUNACHAL PRADESH,WEST SIANG,0,1238.83,0.03,30.46032887
2020/03/11,ARUNACHAL PRADESH,UPPER SUBANSIRI,0,839.69,0.03,25.5490006
2020/03/11,ARUNACHAL PRADESH,TIRAP,0,324.34,0,31.27443283
2020/03/11,ARUNACHAL PRADESH,KURUNG KUMEY,0.01,1038.89,0.03,29.91367634
2020/03/11,ARUNACHAL PRADESH,EAST KAMENG,0,767.11,0,24.99767704
2020/03/11,ARUNACHAL PRADESH,CHANGLANG,0.07,799.19,0.43,31.02952452
2020/03/11,ARUNACHAL PRADESH,TAWANG,0,190.39,0,15.79118887
2020/03/11,ARUNACHAL PRADESH,LOWER DIBANG VALLEY,0.03,736.23,0.15,25.26035553
2020/03/11,ARUNACHAL PRADESH,DIBANG VALLEY,0,702.12,0,18.46010927
2020/03/11,ARUNACHAL PRADESH,PAPUM PARE,0.04,524.7,0.51,27.16003538
2020/03/11,ARUNACHAL PRADESH,LOWER SUBANSIRI,0.13,395.33,1.97,31.18406523
2020/03/11,ARUNACHAL PRADESH,WEST KAMENG,0.03,531.72,0.35,19.75888332
2020/03/11,ARUNACHAL PRADESH,EAST SIANG,0.02,622.34,0.1,32.49777806
2020/03/11,ARUNACHAL PRADESH,UPPER SIANG,0,849.15,0,24.46084956
2020/03/11,ARUNACHAL PRADESH,LOHIT,0.19,575.42,1.13,28.87940531
2020/03/11,ARUNACHAL PRADESH,ANJAW,0.04,712.55,0.19,21.37206631
2020/03/11,ARUNACHAL PRADESH,WEST SIANG,0.01,1254.52,0.05,30.84615899
2020/03/10,ARUNACHAL PRADESH,UPPER SUBANSIRI,0,841.59,0.03,25.60694235
2020/03/10,ARUNACHAL PRADESH,TIRAP,0,327.71,0.01,31.59946636
2020/03/10,ARUNACHAL PRADESH,KURUNG KUMEY,0.01,1047.7,0.04,30.16748235
2020/03/10,ARUNACHAL PRADESH,EAST KAMENG,0,771.91,0,25.15386481
2020/03/10,ARUNACHAL PRADESH,CHANGLANG,0.01,783.18,0.04,30.40812606
2020/03/10,ARUNACHAL PRADESH,TAWANG,0,190.88,0,15.83227527
2020/03/10,ARUNACHAL PRADESH,LOWER DIBANG VALLEY,0.03,742.15,0.19,25.46347244
2020/03/10,ARUNACHAL PRADESH,DIBANG VALLEY,0.01,710.19,0.03,18.67246021
2020/03/10,ARUNACHAL PRADESH,PAPUM PARE,0.03,527.72,0.45,27.31601881
2020/03/10,ARUNACHAL PRADESH,LOWER SUBANSIRI,0.13,395.43,1.95,31.19159034
2020/03/10,ARUNACHAL PRADESH,WEST KAMENG,0.04,533.86,0.4,19.83839113
2020/03/10,ARUNACHAL PRADESH,EAST SIANG,0,603.28,0,31.50277212
2020/03/10,ARUNACHAL PRADESH,UPPER SIANG,0.01,861.32,0.08,24.81132285
2020/03/10,ARUNACHAL PRADESH,LOHIT,0,517.57,0,25.97574061
2020/03/10,ARUNACHAL PRADESH,ANJAW,0,716.13,0.01,21.47943978
2020/03/10,ARUNACHAL PRADESH,WEST SIANG,0,1237.4,0.02,30.42515054
2020/03/09,ARUNACHAL PRADESH,UPPER SUBANSIRI,0,820.84,0.03,24.97556887
2020/03/09,ARUNACHAL PRADESH,TIRAP,0,323.87,0,31.22937226
2020/03/09,ARUNACHAL PRADESH,KURUNG KUMEY,0,1041.08,0.02,29.97681812
2020/03/09,ARUNACHAL PRADESH,EAST KAMENG,0,775.42,0,25.26835337
2020/03/09,ARUNACHAL PRADESH,CHANGLANG,0,793.49,0,30.80843452
2020/03/09,ARUNACHAL PRADESH,TAWANG,0,192.79,0,15.99035101
2020/03/09,ARUNACHAL PRADESH,LOWER DIBANG VALLEY,0.03,738.55,0.17,25.34009568
2020/03/09,ARUNACHAL PRADESH,DIBANG VALLEY,0.01,711.29,0.06,18.70140338
2020/03/09,ARUNACHAL PRADESH,PAPUM PARE,0.03,527.05,0.48,27.28167317
2020/03/09,ARUNACHAL PRADESH,LOWER SUBANSIRI,0.13,395.17,1.99,31.17095978
2020/03/09,ARUNACHAL PRADESH,WEST KAMENG,0.04,536.65,0.47,19.94207132
2020/03/09,ARUNACHAL PRADESH,EAST SIANG,0,604.95,0,31.58962664
2020/03/09,ARUNACHAL PRADESH,UPPER SIANG,0.01,865.03,0.04,24.9183298
2020/03/09,ARUNACHAL PRADESH,LOHIT,0,522.83,0.01,26.24010924
2020/03/09,ARUNACHAL PRADESH,ANJAW,0,698.6,0.02,20.95388194
2020/03/09,ARUNACHAL PRADESH,WEST SIANG,0,1239.9,0.02,30.48661504
2020/03/08,ARUNACHAL PRADESH,UPPER SUBANSIRI,0,823.71,0.03,25.0629134
2020/03/08,ARUNACHAL PRADESH,TIRAP,0,327.57,0,31.58637498
2020/03/08,ARUNACHAL PRADESH,KURUNG KUMEY,0.02,1077.65,0.16,31.02974003
2020/03/08,ARUNACHAL PRADESH,EAST KAMENG,0.01,783.37,0.04,25.52740563
2020/03/08,ARUNACHAL PRADESH,CHANGLANG,0.73,850.41,4.97,33.01820495
2020/03/08,ARUNACHAL PRADESH,TAWANG,0,202.25,0,16.77529982
2020/03/08,ARUNACHAL PRADESH,LOWER DIBANG VALLEY,0.18,756.7,1.01,25.96273046
2020/03/08,ARUNACHAL PRADESH,DIBANG VALLEY,0.31,726.91,1.69,19.11196161
2020/03/08,ARUNACHAL PRADESH,PAPUM PARE,0.04,538.32,0.54,27.86492947
2020/03/08,ARUNACHAL PRADESH,LOWER SUBANSIRI,0.14,398.73,2.07,31.45219449
2020/03/08,ARUNACHAL PRADESH,WEST KAMENG,0.04,539.52,0.44,20.04859189
2020/03/08,ARUNACHAL PRADESH,EAST SIANG,0.05,616.31,0.4,32.18308693
2020/03/08,ARUNACHAL PRADESH,UPPER SIANG,0.63,919.88,3.49,26.49817342
2020/03/08,ARUNACHAL PRADESH,LOHIT,0.06,538.06,0.33,27.00429959
2020/03/08,ARUNACHAL PRADESH,ANJAW,0.05,704.56,0.29,21.13264798
2020/03/08,ARUNACHAL PRADESH,WEST SIANG,0.01,1248.52,0.11,30.69860703
2020/03/07,ARUNACHAL PRADESH,UPPER SUBANSIRI,0,826.5,0.04,25.14783322
2020/03/07,ARUNACHAL PRADESH,TIRAP,0,330.03,0,31.82361893
2020/03/07,ARUNACHAL PRADESH,KURUNG KUMEY,0,985.77,0.01,28.38409155
2020/03/07,ARUNACHAL PRADESH,EAST KAMENG,0,783.14,0,25.51989472
2020/03/07,ARUNACHAL PRADESH,CHANGLANG,0,766.98,0,29.77890836
2020/03/07,ARUNACHAL PRADESH,TAWANG,0,160.1,0,13.2786695
2020/03/07,ARUNACHAL PRADESH,LOWER DIBANG VALLEY,0.04,747.67,0.21,25.65293413
2020/03/07,ARUNACHAL PRADESH,DIBANG VALLEY,0,685.11,0.01,18.01300288
2020/03/07,ARUNACHAL PRADESH,PAPUM PARE,0.04,525.96,0.56,27.22495218
2020/03/07,ARUNACHAL PRADESH,LOWER SUBANSIRI,0.14,399.17,2.12,31.48673942
2020/03/07,ARUNACHAL PRADESH,WEST KAMENG,0.04,540.78,0.41,20.09555636
2020/03/07,ARUNACHAL PRADESH,EAST SIANG,0,609.01,0,31.80198754
2020/03/07,ARUNACHAL PRADESH,UPPER SIANG,0,829.95,0,23.90787623
2020/03/07,ARUNACHAL PRADESH,LOHIT,0,523.01,0.02,26.24878315
2020/03/07,ARUNACHAL PRADESH,ANJAW,0,700.55,0,21.01220737
2020/03/07,ARUNACHAL PRADESH,WEST SIANG,0,1239.07,0.03,30.46611498
2020/03/06,ARUNACHAL PRADESH,UPPER SUBANSIRI,0,825.25,0.04,25.10973967
2020/03/06,ARUNACHAL PRADESH,TIRAP,0,334,0,32.20661432
2020/03/06,ARUNACHAL PRADESH,KURUNG KUMEY,0,986.95,0.01,28.41810476
2020/03/06,ARUNACHAL PRADESH,EAST KAMENG,0,790.3,0,25.75337793
2020/03/06,ARUNACHAL PRADESH,CHANGLANG,0,772.06,0,29.97638236
2020/03/06,ARUNACHAL PRADESH,TAWANG,0,160.63,0,13.32264019
2020/03/06,ARUNACHAL PRADESH,LOWER DIBANG VALLEY,0.04,752.14,0.23,25.80635612
2020/03/06,ARUNACHAL PRADESH,DIBANG VALLEY,0,686.18,0.01,18.04121155
2020/03/06,ARUNACHAL PRADESH,PAPUM PARE,0.04,529.25,0.61,27.39560001
2020/03/06,ARUNACHAL PRADESH,LOWER SUBANSIRI,0.15,402.34,2.19,31.73702815
2020/03/06,ARUNACHAL PRADESH,WEST KAMENG,0.03,544.35,0.37,20.22804772
2020/03/06,ARUNACHAL PRADESH,EAST SIANG,0,613.21,0,32.02101656
2020/03/06,ARUNACHAL PRADESH,UPPER SIANG,0,835.56,0,24.06930082
2020/03/06,ARUNACHAL PRADESH,LOHIT,0.01,523.1,0.03,26.25369483
2020/03/06,ARUNACHAL PRADESH,ANJAW,0,696.77,0,20.89875681
2020/03/06,ARUNACHAL PRADESH,WEST SIANG,0,1242.35,0.03,30.54676324
2020/03/05,ARUNACHAL PRADESH,UPPER SUBANSIRI,0,828.15,0.05,25.19809314
2020/03/05,ARUNACHAL PRADESH,TIRAP,0,338.21,0,32.61224445
2020/03/05,ARUNACHAL PRADESH,KURUNG KUMEY,0,989.98,0.02,28.50548594
2020/03/05,ARUNACHAL PRADESH,EAST KAMENG,0,798.57,0,26.02265086
2020/03/05,ARUNACHAL PRADESH,CHANGLANG,0,784.94,0.01,30.47639201
2020/03/05,ARUNACHAL PRADESH,TAWANG,0,161.17,0,13.36815968
2020/03/05,ARUNACHAL PRADESH,LOWER DIBANG VALLEY,0.04,749.96,0.25,25.73162535
2020/03/05,ARUNACHAL PRADESH,DIBANG VALLEY,0,687.7,0.02,18.08110743
2020/03/05,ARUNACHAL PRADESH,PAPUM PARE,0.05,533.41,0.63,27.61076346
2020/03/05,ARUNACHAL PRADESH,LOWER SUBANSIRI,0.16,405.31,2.31,31.97103739
2020/03/05,ARUNACHAL PRADESH,WEST KAMENG,0.03,549.13,0.38,20.40581385
2020/03/05,ARUNACHAL PRADESH,EAST SIANG,0,622.07,0,32.48354348
2020/03/05,ARUNACHAL PRADESH,UPPER SIANG,0,842.51,0.01,24.26957153
2020/03/05,ARUNACHAL PRADESH,LOHIT,0.01,524.24,0.04,26.31090984
2020/03/05,ARUNACHAL PRADESH,ANJAW,0,702.5,0,21.07070273
2020/03/05,ARUNACHAL PRADESH,WEST SIANG,0,1250.94,0.04,30.75808239
2020/03/04,ARUNACHAL PRADESH,UPPER SUBANSIRI,0,830.69,0.05,25.27530643
2020/03/04,ARUNACHAL PRADESH,TIRAP,0,339.96,0,32.78064436
2020/03/04,ARUNACHAL PRADESH,KURUNG KUMEY,0,993.05,0.02,28.5937282
2020/03/04,ARUNACHAL PRADESH,EAST KAMENG,0,808.94,0,26.36059856
2020/03/04,ARUNACHAL PRADESH,CHANGLANG,0,790.05,0.01,30.67477171
2020/03/04,ARUNACHAL PRADESH,TAWANG,0,161.61,0,13.40449582
2020/03/04,ARUNACHAL PRADESH,LOWER DIBANG VALLEY,0.05,746.38,0.29,25.60881669
2020/03/04,ARUNACHAL PRADESH,DIBANG VALLEY,0,680.3,0.02,17.88651557
2020/03/04,ARUNACHAL PRADESH,PAPUM PARE,0.05,537.48,0.65,27.8216447
2020/03/04,ARUNACHAL PRADESH,LOWER SUBANSIRI,0.18,408.56,2.42,32.22749841
2020/03/04,ARUNACHAL PRADESH,WEST KAMENG,0.03,555.75,0.37,20.65188593
2020/03/04,ARUNACHAL PRADESH,EAST SIANG,0,633.96,0,33.10461418
2020/03/04,ARUNACHAL PRADESH,UPPER SIANG,0,847.45,0,24.41188278
2020/03/04,ARUNACHAL PRADESH,LOHIT,0.01,527.74,0.05,26.48650292
2020/03/04,ARUNACHAL PRADESH,ANJAW,0,704.46,0,21.12946282
2020/03/04,ARUNACHAL PRADESH,WEST SIANG,0,1260.84,0.04,31.00151445
2020/03/03,ARUNACHAL PRADESH,UPPER SUBANSIRI,0.01,833.64,0.06,25.36510015
2020/03/03,ARUNACHAL PRADESH,TIRAP,0,345.36,0,33.30121859
2020/03/03,ARUNACHAL PRADESH,KURUNG KUMEY,0,994.8,0.02,28.64416973
2020/03/03,ARUNACHAL PRADESH,EAST KAMENG,0.01,823.01,0.04,26.81911939
2020/03/03,ARUNACHAL PRADESH,CHANGLANG,0.06,807.97,0.37,31.37047644
2020/03/03,ARUNACHAL PRADESH,TAWANG,0,162.3,0,13.46119016
2020/03/03,ARUNACHAL PRADESH,LOWER DIBANG VALLEY,0.06,756.99,0.34,25.97297879
2020/03/03,ARUNACHAL PRADESH,DIBANG VALLEY,0,675.19,0.03,17.75207589
2020/03/03,ARUNACHAL PRADESH,PAPUM PARE,0.05,541.45,0.67,28.02701768
2020/03/03,ARUNACHAL PRADESH,LOWER SUBANSIRI,0.19,412.3,2.58,32.52275113
2020/03/03,ARUNACHAL PRADESH,WEST KAMENG,0.05,568.07,0.52,21.10938716
2020/03/03,ARUNACHAL PRADESH,EAST SIANG,0.07,651.77,0.51,34.03465546
2020/03/03,ARUNACHAL PRADESH,UPPER SIANG,0,857.91,0,24.71314151
2020/03/03,ARUNACHAL PRADESH,LOHIT,0.01,534.56,0.06,26.82878659
2020/03/03,ARUNACHAL PRADESH,ANJAW,0,705.83,0,21.17062517
2020/03/03,ARUNACHAL PRADESH,WEST SIANG,0.03,1276.65,0.23,31.39014407
2020/03/02,ARUNACHAL PRADESH,UPPER SUBANSIRI,0.03,864.83,0.22,26.31414521
2020/03/02,ARUNACHAL PRADESH,TIRAP,0.05,364.95,0.38,35.19063888
2020/03/02,ARUNACHAL PRADESH,KURUNG KUMEY,0.01,1005.4,0.09,28.94931885
2020/03/02,ARUNACHAL PRADESH,EAST KAMENG,0.13,839.69,0.96,27.3626763
2020/03/02,ARUNACHAL PRADESH,CHANGLANG,1.19,938.06,7.17,36.42147934
2020/03/02,ARUNACHAL PRADESH,TAWANG,0,162.79,0,13.50246113
2020/03/02,ARUNACHAL PRADESH,LOWER DIBANG VALLEY,0.17,792.12,0.98,27.17825045
2020/03/02,ARUNACHAL PRADESH,DIBANG VALLEY,0.01,698.35,0.03,18.36105024
2020/03/02,ARUNACHAL PRADESH,PAPUM PARE,0.09,566.54,1.03,29.32576446
2020/03/02,ARUNACHAL PRADESH,LOWER SUBANSIRI,0.43,444.69,4.58,35.07719224
2020/03/02,ARUNACHAL PRADESH,WEST KAMENG,0.02,527.94,0.33,19.61843655
2020/03/02,ARUNACHAL PRADESH,EAST SIANG,0.99,725.88,5.88,37.90473347
2020/03/02,ARUNACHAL PRADESH,UPPER SIANG,0,870.87,0.02,25.08658557
2020/03/02,ARUNACHAL PRADESH,LOHIT,0.74,598.51,3.96,30.03848302
2020/03/02,ARUNACHAL PRADESH,ANJAW,0.03,750.56,0.17,22.5123375
2020/03/02,ARUNACHAL PRADESH,WEST SIANG,0.05,1289.02,0.31,31.69437712
2020/03/01,ARUNACHAL PRADESH,UPPER SUBANSIRI,0.01,850.64,0.07,25.88222459
2020/03/01,ARUNACHAL PRADESH,TIRAP,0,333.6,0,32.16787871
2020/03/01,ARUNACHAL PRADESH,KURUNG KUMEY,0.01,1005.12,0.03,28.94128944
2020/03/01,ARUNACHAL PRADESH,EAST KAMENG,0,799.17,0,26.04238524
2020/03/01,ARUNACHAL PRADESH,CHANGLANG,0,782.17,0,30.36871171
2020/03/01,ARUNACHAL PRADESH,TAWANG,0,163.07,0,13.52575955
2020/03/01,ARUNACHAL PRADESH,LOWER DIBANG VALLEY,0.05,742.79,0.31,25.48558509
2020/03/01,ARUNACHAL PRADESH,DIBANG VALLEY,0.01,677.3,0.04,17.80761334
2020/03/01,ARUNACHAL PRADESH,PAPUM PARE,0.06,554.84,0.74,28.71988149
2020/03/01,ARUNACHAL PRADESH,LOWER SUBANSIRI,0.25,423.21,3.07,33.38280509
2020/03/01,ARUNACHAL PRADESH,WEST KAMENG,0.03,529.67,0.36,19.68253519
2020/03/01,ARUNACHAL PRADESH,EAST SIANG,0,623.15,0,32.54007157
2020/03/01,ARUNACHAL PRADESH,UPPER SIANG,0,852.97,0,24.57084232
2020/03/01,ARUNACHAL PRADESH,LOHIT,0.02,526.69,0.09,26.43350502
2020/03/01,ARUNACHAL PRADESH,ANJAW,0,722.64,0.01,21.67487249
2020/03/01,ARUNACHAL PRADESH,WEST SIANG,0,1259.7,0.05,30.9734766
2020/04/30,ARUNACHAL PRADESH,UPPER SUBANSIRI,0.06,1076.69,0.73,32.76021964
2020/04/30,ARUNACHAL PRADESH,TIRAP,0,349.39,0,33.69060605
2020/04/30,ARUNACHAL PRADESH,KURUNG KUMEY,0.02,1145.94,0.12,32.996066
2020/04/30,ARUNACHAL PRADESH,EAST KAMENG,0.02,935.77,0.31,30.49383204
2020/04/30,ARUNACHAL PRADESH,CHANGLANG,0.21,862.77,1.16,33.49832905
2020/04/30,ARUNACHAL PRADESH,TAWANG,0.05,245.65,0.46,20.37514995
2020/04/30,ARUNACHAL PRADESH,LOWER DIBANG VALLEY,0.31,852.89,1.78,29.26304036
2020/04/30,ARUNACHAL PRADESH,DIBANG VALLEY,0.36,940.19,1.98,24.71960494
2020/04/30,ARUNACHAL PRADESH,PAPUM PARE,0.06,582.38,0.74,30.14581696
2020/04/30,ARUNACHAL PRADESH,LOWER SUBANSIRI,0.27,429.21,3.36,33.85600498
2020/04/30,ARUNACHAL PRADESH,WEST KAMENG,0.26,766.69,2.95,28.49042519
2020/04/30,ARUNACHAL PRADESH,EAST SIANG,0,623,0,32.53223307
2020/04/30,ARUNACHAL PRADESH,UPPER SIANG,0.17,972.58,0.94,28.01643372
2020/04/30,ARUNACHAL PRADESH,LOHIT,0.19,615.08,0.87,30.86988385
2020/04/30,ARUNACHAL PRADESH,ANJAW,0.18,865.74,1.01,25.96708541
2020/04/30,ARUNACHAL PRADESH,WEST SIANG,0,1334.43,0.02,32.81086319
2020/04/29,ARUNACHAL PRADESH,UPPER SUBANSIRI,0.05,1052.25,0.66,32.0165696
2020/04/29,ARUNACHAL PRADESH,TIRAP,0,351.35,0,33.87942351
2020/04/29,ARUNACHAL PRADESH,KURUNG KUMEY,0.03,1163.39,0.18,33.49850003
2020/04/29,ARUNACHAL PRADESH,EAST KAMENG,0.15,986.64,1.3,32.15129555
2020/04/29,ARUNACHAL PRADESH,CHANGLANG,0.17,871.1,0.93,33.82186417
2020/04/29,ARUNACHAL PRADESH,TAWANG,0.05,233.73,0.46,19.38621571
2020/04/29,ARUNACHAL PRADESH,LOWER DIBANG VALLEY,0.35,873.98,2.02,29.98698422
2020/04/29,ARUNACHAL PRADESH,DIBANG VALLEY,0.25,911.14,1.38,23.95575618
2020/04/29,ARUNACHAL PRADESH,PAPUM PARE,0.06,593.2,0.78,30.70569795
2020/04/29,ARUNACHAL PRADESH,LOWER SUBANSIRI,0.24,431.64,3.03,34.04758853
2020/04/29,ARUNACHAL PRADESH,WEST KAMENG,0.57,810.45,5.62,30.11654247
2020/04/29,ARUNACHAL PRADESH,EAST SIANG,0,638.03,0,33.31739142
2020/04/29,ARUNACHAL PRADESH,UPPER SIANG,0.15,979.87,0.83,28.22627811
2020/04/29,ARUNACHAL PRADESH,LOHIT,0.27,639.38,1.24,32.08949369
2020/04/29,ARUNACHAL PRADESH,ANJAW,0.3,899.31,1.67,26.97395176
2020/04/29,ARUNACHAL PRADESH,WEST SIANG,0,1335.12,0.03,32.82789966
2020/04/28,ARUNACHAL PRADESH,UPPER SUBANSIRI,0.06,1061.77,0.68,32.30627407
2020/04/28,ARUNACHAL PRADESH,TIRAP,0.01,353.34,0.04,34.07128139
2020/04/28,ARUNACHAL PRADESH,KURUNG KUMEY,0.02,1144.57,0.14,32.95668892
2020/04/28,ARUNACHAL PRADESH,EAST KAMENG,0.01,895.71,0.18,29.18818409
2020/04/28,ARUNACHAL PRADESH,CHANGLANG,0.89,946.97,5.04,36.76741991
2020/04/28,ARUNACHAL PRADESH,TAWANG,0.05,233.43,0.47,19.36161358
2020/04/28,ARUNACHAL PRADESH,LOWER DIBANG VALLEY,0.68,911.93,3.95,31.28882974
2020/04/28,ARUNACHAL PRADESH,DIBANG VALLEY,0.32,937.01,1.79,24.6358131
2020/04/28,ARUNACHAL PRADESH,PAPUM PARE,0.07,599.14,0.83,31.01310236
2020/04/28,ARUNACHAL PRADESH,LOWER SUBANSIRI,0.24,435.13,3.07,34.32326737
2020/04/28,ARUNACHAL PRADESH,WEST KAMENG,0.21,729.18,2.42,27.09639991
2020/04/28,ARUNACHAL PRADESH,EAST SIANG,0.3,661.84,1.59,34.56033931
2020/04/28,ARUNACHAL PRADESH,UPPER SIANG,0.17,988.95,0.94,28.4880082
2020/04/28,ARUNACHAL PRADESH,LOHIT,1.75,725.29,9.9,36.40111086
2020/04/28,ARUNACHAL PRADESH,ANJAW,0.54,923.1,3.01,27.68757845
2020/04/28,ARUNACHAL PRADESH,WEST SIANG,0.13,1368.72,0.79,33.65395833
2020/04/27,ARUNACHAL PRADESH,UPPER SUBANSIRI,0.06,1068.25,0.77,32.50351682
2020/04/27,ARUNACHAL PRADESH,TIRAP,0,348.49,0,33.60327459
2020/04/27,ARUNACHAL PRADESH,KURUNG KUMEY,0.04,1169,0.24,33.66013582
2020/04/27,ARUNACHAL PRADESH,EAST KAMENG,0.02,918.29,0.23,29.92421253
2020/04/27,ARUNACHAL PRADESH,CHANGLANG,0.12,828.14,0.66,32.1536997
2020/04/27,ARUNACHAL PRADESH,TAWANG,0.04,234.44,0.44,19.44466097
2020/04/27,ARUNACHAL PRADESH,LOWER DIBANG VALLEY,0.44,861.96,2.53,29.57437042
2020/04/27,ARUNACHAL PRADESH,DIBANG VALLEY,0.44,933.53,2.41,24.54440463
2020/04/27,ARUNACHAL PRADESH,PAPUM PARE,0.09,616.62,0.99,31.91797782
2020/04/27,ARUNACHAL PRADESH,LOWER SUBANSIRI,0.3,451.77,3.62,35.63579887
2020/04/27,ARUNACHAL PRADESH,WEST KAMENG,0.23,743.33,2.63,27.62210342
2020/04/27,ARUNACHAL PRADESH,EAST SIANG,0,612.56,0,31.98717861
2020/04/27,ARUNACHAL PRADESH,UPPER SIANG,0.19,996.86,1.03,28.71582369
2020/04/27,ARUNACHAL PRADESH,LOHIT,0.12,602.08,0.71,30.21761615
2020/04/27,ARUNACHAL PRADESH,ANJAW,0.56,919.09,3.08,27.56716943
2020/04/27,ARUNACHAL PRADESH,WEST SIANG,0,1322.51,0.01,32.51781654
2020/04/26,ARUNACHAL PRADESH,UPPER SUBANSIRI,0.06,1054.13,0.73,32.07390791
2020/04/26,ARUNACHAL PRADESH,TIRAP,0,340.81,0,32.86329828
2020/04/26,ARUNACHAL PRADESH,KURUNG KUMEY,0.01,1115.51,0.06,32.11989903
2020/04/26,ARUNACHAL PRADESH,EAST KAMENG,0.01,880.68,0.2,28.69841156
2020/04/26,ARUNACHAL PRADESH,CHANGLANG,0.11,831.45,0.63,32.28215004
2020/04/26,ARUNACHAL PRADESH,TAWANG,0.05,234.59,0.45,19.45771496
2020/04/26,ARUNACHAL PRADESH,LOWER DIBANG VALLEY,0.28,845.96,1.59,29.02555441
2020/04/26,ARUNACHAL PRADESH,DIBANG VALLEY,0.33,923.67,1.8,24.28531824
2020/04/26,ARUNACHAL PRADESH,PAPUM PARE,0.05,583.75,0.65,30.21665051
2020/04/26,ARUNACHAL PRADESH,LOWER SUBANSIRI,0.2,415.41,2.68,32.76787765
2020/04/26,ARUNACHAL PRADESH,WEST KAMENG,0.21,728.31,2.43,27.06397596
2020/04/26,ARUNACHAL PRADESH,EAST SIANG,0,622.34,0,32.49782999
2020/04/26,ARUNACHAL PRADESH,UPPER SIANG,0.24,1016.6,1.32,29.28452585
2020/04/26,ARUNACHAL PRADESH,LOHIT,0.06,590.46,0.36,29.63410973
2020/04/26,ARUNACHAL PRADESH,ANJAW,0.18,858.78,1,25.75811988
2020/04/26,ARUNACHAL PRADESH,WEST SIANG,0,1337.94,0.01,32.89716861
2020/04/25,ARUNACHAL PRADESH,UPPER SUBANSIRI,0.07,1064.06,0.85,32.37592564
2020/04/25,ARUNACHAL PRADESH,TIRAP,0,346.33,0,33.39527099
2020/04/25,ARUNACHAL PRADESH,KURUNG KUMEY,0.01,1127.59,0.08,32.46753786
2020/04/25,ARUNACHAL PRADESH,EAST KAMENG,0.01,893.93,0.22,29.13029906
2020/04/25,ARUNACHAL PRADESH,CHANGLANG,0.18,854.7,1.04,33.185006
2020/04/25,ARUNACHAL PRADESH,TAWANG,0.05,235.24,0.46,19.51110315
2020/04/25,ARUNACHAL PRADESH,LOWER DIBANG VALLEY,0.22,840.12,1.3,28.82500598
2020/04/25,ARUNACHAL PRADESH,DIBANG VALLEY,0.19,897.15,1.07,23.58782431
2020/04/25,ARUNACHAL PRADESH,PAPUM PARE,0.06,594.43,0.72,30.76952264
2020/04/25,ARUNACHAL PRADESH,LOWER SUBANSIRI,0.23,421.57,2.95,33.25343425
2020/04/25,ARUNACHAL PRADESH,WEST KAMENG,0.23,741.19,2.64,27.54270375
2020/04/25,ARUNACHAL PRADESH,EAST SIANG,0,637.54,0,33.29143823
2020/04/25,ARUNACHAL PRADESH,UPPER SIANG,0.14,1002.44,0.79,28.87664024
2020/04/25,ARUNACHAL PRADESH,LOHIT,0.06,595.24,0.39,29.87428278
2020/04/25,ARUNACHAL PRADESH,ANJAW,0.1,824.94,0.56,24.74320488
2020/04/25,ARUNACHAL PRADESH,WEST SIANG,0,1350.99,0.01,33.21817579
2020/04/24,ARUNACHAL PRADESH,UPPER SUBANSIRI,0.09,1083.14,1.03,32.95644871
2020/04/24,ARUNACHAL PRADESH,TIRAP,0,353.35,0,34.07256162
2020/04/24,ARUNACHAL PRADESH,KURUNG KUMEY,0.02,1141.42,0.1,32.86592374
2020/04/24,ARUNACHAL PRADESH,EAST KAMENG,0.01,910.33,0.24,29.66457429
2020/04/24,ARUNACHAL PRADESH,CHANGLANG,0.39,880,2.43,34.16718714
2020/04/24,ARUNACHAL PRADESH,TAWANG,0.05,238.09,0.5,19.74770756
2020/04/24,ARUNACHAL PRADESH,LOWER DIBANG VALLEY,0.29,865.73,1.69,29.70373172
2020/04/24,ARUNACHAL PRADESH,DIBANG VALLEY,0.22,929.54,1.22,24.43951541
2020/04/24,ARUNACHAL PRADESH,PAPUM PARE,0.06,606.16,0.75,31.37665373
2020/04/24,ARUNACHAL PRADESH,LOWER SUBANSIRI,0.27,428.15,3.26,33.77254938
2020/04/24,ARUNACHAL PRADESH,WEST KAMENG,0.25,759.62,2.88,28.22762519
2020/04/24,ARUNACHAL PRADESH,EAST SIANG,0,657.73,0,34.34611845
2020/04/24,ARUNACHAL PRADESH,UPPER SIANG,0.18,1036.3,0.98,29.85205418
2020/04/24,ARUNACHAL PRADESH,LOHIT,0.07,611.79,0.43,30.70460634
2020/04/24,ARUNACHAL PRADESH,ANJAW,0.12,846.02,0.64,25.37564249
2020/04/24,ARUNACHAL PRADESH,WEST SIANG,0,1382.65,0.02,33.99646948
2020/04/23,ARUNACHAL PRADESH,UPPER SUBANSIRI,0.1,1096.03,1.11,33.34886724
2020/04/23,ARUNACHAL PRADESH,TIRAP,0,360.57,0,34.76868713
2020/04/23,ARUNACHAL PRADESH,KURUNG KUMEY,0.02,1156.19,0.13,33.2911772
2020/04/23,ARUNACHAL PRADESH,EAST KAMENG,0.02,933.71,0.33,30.42669964
2020/04/23,ARUNACHAL PRADESH,CHANGLANG,0.1,850.22,0.54,33.01080707
2020/04/23,ARUNACHAL PRADESH,TAWANG,0.05,242.78,0.5,20.13703454
2020/04/23,ARUNACHAL PRADESH,LOWER DIBANG VALLEY,0.35,886.35,2,30.4111014
2020/04/23,ARUNACHAL PRADESH,DIBANG VALLEY,0.22,923.49,1.24,24.28050022
2020/04/23,ARUNACHAL PRADESH,PAPUM PARE,0.06,614.86,0.77,31.8266035
2020/04/23,ARUNACHAL PRADESH,LOWER SUBANSIRI,0.31,434.71,3.64,34.28973481
2020/04/23,ARUNACHAL PRADESH,WEST KAMENG,0.3,784.92,3.33,29.16774918
2020/04/23,ARUNACHAL PRADESH,EAST SIANG,0.02,668.64,0.15,34.91586359
2020/04/23,ARUNACHAL PRADESH,UPPER SIANG,0.19,1046.74,1.02,30.15266566
2020/04/23,ARUNACHAL PRADESH,LOHIT,0.08,620.27,0.48,31.13043019
2020/04/23,ARUNACHAL PRADESH,ANJAW,0.09,844.83,0.52,25.33979518
2020/04/23,ARUNACHAL PRADESH,WEST SIANG,0.03,1412.53,0.23,34.73122399
2020/04/22,ARUNACHAL PRADESH,UPPER SUBANSIRI,0.17,1141.8,1.63,34.74137449
2020/04/22,ARUNACHAL PRADESH,TIRAP,0.04,375.37,0.33,36.19578992
2020/04/22,ARUNACHAL PRADESH,KURUNG KUMEY,0.03,1186.65,0.2,34.16810826
2020/04/22,ARUNACHAL PRADESH,EAST KAMENG,0.02,937.46,0.32,30.54876118
2020/04/22,ARUNACHAL PRADESH,CHANGLANG,0.13,883,0.78,34.28367027
2020/04/22,ARUNACHAL PRADESH,TAWANG,0.05,243.53,0.5,20.19878806
2020/04/22,ARUNACHAL PRADESH,LOWER DIBANG VALLEY,1.24,976.05,7.19,33.48878554
2020/04/22,ARUNACHAL PRADESH,DIBANG VALLEY,0.6,982.02,3.3,25.81936128
2020/04/22,ARUNACHAL PRADESH,PAPUM PARE,0.07,628.1,0.82,32.51225247
2020/04/22,ARUNACHAL PRADESH,LOWER SUBANSIRI,0.39,447.5,4.39,35.29873516
2020/04/22,ARUNACHAL PRADESH,WEST KAMENG,0.33,798.08,3.52,29.65668789
2020/04/22,ARUNACHAL PRADESH,EAST SIANG,0.44,707.41,2.94,36.94035422
2020/04/22,ARUNACHAL PRADESH,UPPER SIANG,0.91,1130.01,4.97,32.55151299
2020/04/22,ARUNACHAL PRADESH,LOHIT,0.37,663.16,2.15,33.2829254
2020/04/22,ARUNACHAL PRADESH,ANJAW,0.39,898.05,2.15,26.93619636
2020/04/22,ARUNACHAL PRADESH,WEST SIANG,0.3,1488.7,1.86,36.60408809
2020/04/21,ARUNACHAL PRADESH,UPPER SUBANSIRI,0.34,1190.86,2.65,36.23426767
2020/04/21,ARUNACHAL PRADESH,TIRAP,0.53,411.28,4.25,39.65801694
2020/04/21,ARUNACHAL PRADESH,KURUNG KUMEY,0.14,1254.69,0.83,36.12748509
2020/04/21,ARUNACHAL PRADESH,EAST KAMENG,0.12,981.52,1.04,31.98460888
2020/04/21,ARUNACHAL PRADESH,CHANGLANG,0.75,945.77,4.7,36.72075366
2020/04/21,ARUNACHAL PRADESH,TAWANG,0.05,255.99,0.52,21.23233503
2020/04/21,ARUNACHAL PRADESH,LOWER DIBANG VALLEY,0.83,932.49,4.8,31.99446632
2020/04/21,ARUNACHAL PRADESH,DIBANG VALLEY,0.64,985.56,3.5,25.91253749
2020/04/21,ARUNACHAL PRADESH,PAPUM PARE,0.32,662.9,3.48,34.3136247
2020/04/21,ARUNACHAL PRADESH,LOWER SUBANSIRI,0.47,468.53,5.14,36.95811717
2020/04/21,ARUNACHAL PRADESH,WEST KAMENG,0.63,853.23,5.67,31.70597479
2020/04/21,ARUNACHAL PRADESH,EAST SIANG,0.02,621.46,0.12,32.45197905
2020/04/21,ARUNACHAL PRADESH,UPPER SIANG,1.01,1125.8,5.53,32.43010902
2020/04/21,ARUNACHAL PRADESH,LOHIT,0.56,679.39,3.3,34.09742793
2020/04/21,ARUNACHAL PRADESH,ANJAW,0.83,937.72,4.6,28.12593395
2020/04/21,ARUNACHAL PRADESH,WEST SIANG,0.07,1404.92,0.37,34.5441227
2020/04/20,ARUNACHAL PRADESH,UPPER SUBANSIRI,0.07,1051.53,0.87,31.994843
2020/04/20,ARUNACHAL PRADESH,TIRAP,0.03,358.42,0.43,34.56118121
2020/04/20,ARUNACHAL PRADESH,KURUNG KUMEY,0.01,1152.4,0.08,33.1821772
2020/04/20,ARUNACHAL PRADESH,EAST KAMENG,0.03,961.39,0.39,31.32859245
2020/04/20,ARUNACHAL PRADESH,CHANGLANG,0.42,899.8,2.73,34.93614735
2020/04/20,ARUNACHAL PRADESH,TAWANG,0.05,246.58,0.5,20.45202101
2020/04/20,ARUNACHAL PRADESH,LOWER DIBANG VALLEY,0.22,845.84,1.26,29.02145676
2020/04/20,ARUNACHAL PRADESH,DIBANG VALLEY,0.15,878.74,0.85,23.10399708
2020/04/20,ARUNACHAL PRADESH,PAPUM PARE,0.09,627.29,0.96,32.47035655
2020/04/20,ARUNACHAL PRADESH,LOWER SUBANSIRI,0.3,447.8,3.54,35.32256146
2020/04/20,ARUNACHAL PRADESH,WEST KAMENG,0.35,815.07,3.64,30.28798733
2020/04/20,ARUNACHAL PRADESH,EAST SIANG,0,581.95,0,30.38865899
2020/04/20,ARUNACHAL PRADESH,UPPER SIANG,0.09,985.38,0.49,28.38499785
2020/04/20,ARUNACHAL PRADESH,LOHIT,0.3,655.41,1.82,32.89407574
2020/04/20,ARUNACHAL PRADESH,ANJAW,0.58,896.91,3.25,26.90190388
2020/04/20,ARUNACHAL PRADESH,WEST SIANG,0,1313.55,0,32.29740583
2020/04/19,ARUNACHAL PRADESH,UPPER SUBANSIRI,0.04,1017.83,0.51,30.96946604
2020/04/19,ARUNACHAL PRADESH,TIRAP,0,335.33,0,32.33449789
2020/04/19,ARUNACHAL PRADESH,KURUNG KUMEY,0.01,1088.94,0.03,31.35473563
2020/04/19,ARUNACHAL PRADESH,EAST KAMENG,0.02,914.66,0.3,29.80589025
2020/04/19,ARUNACHAL PRADESH,CHANGLANG,0.61,907.35,4.01,35.22900266
2020/04/19,ARUNACHAL PRADESH,TAWANG,0.04,240.06,0.42,19.91106171
2020/04/19,ARUNACHAL PRADESH,LOWER DIBANG VALLEY,0.39,874.16,2.24,29.99283572
2020/04/19,ARUNACHAL PRADESH,DIBANG VALLEY,0.17,899.88,0.94,23.65958981
2020/04/19,ARUNACHAL PRADESH,PAPUM PARE,0.07,575.1,0.93,29.76888723
2020/04/19,ARUNACHAL PRADESH,LOWER SUBANSIRI,0.16,404.03,2.29,31.87001916
2020/04/19,ARUNACHAL PRADESH,WEST KAMENG,0.33,795.95,3.49,29.57764181
2020/04/19,ARUNACHAL PRADESH,EAST SIANG,0,573.66,0,29.95577337
2020/04/19,ARUNACHAL PRADESH,UPPER SIANG,0.13,1007.82,0.74,29.0314183
2020/04/19,ARUNACHAL PRADESH,LOHIT,0.85,697.73,5.16,35.01804674
2020/04/19,ARUNACHAL PRADESH,ANJAW,1.05,938.45,5.83,28.14775605
2020/04/19,ARUNACHAL PRADESH,WEST SIANG,0,1285.69,0,31.61240261
2020/04/18,ARUNACHAL PRADESH,UPPER SUBANSIRI,0.05,1024.65,0.56,31.17674412
2020/04/18,ARUNACHAL PRADESH,TIRAP,0,325.52,0,31.38822151
2020/04/18,ARUNACHAL PRADESH,KURUNG KUMEY,0.01,1095.11,0.04,31.5323402
2020/04/18,ARUNACHAL PRADESH,EAST KAMENG,0.02,908.45,0.31,29.60324105
2020/04/18,ARUNACHAL PRADESH,CHANGLANG,0.19,873.26,1.16,33.90546286
2020/04/18,ARUNACHAL PRADESH,TAWANG,0.03,237.62,0.33,19.70866314
2020/04/18,ARUNACHAL PRADESH,LOWER DIBANG VALLEY,0.16,804.12,0.96,27.58999899
2020/04/18,ARUNACHAL PRADESH,DIBANG VALLEY,0.15,882.36,0.85,23.19898454
2020/04/18,ARUNACHAL PRADESH,PAPUM PARE,0.04,552.65,0.58,28.60672099
2020/04/18,ARUNACHAL PRADESH,LOWER SUBANSIRI,0.17,407.65,2.36,32.15585617
2020/04/18,ARUNACHAL PRADESH,WEST KAMENG,0.35,806.29,3.74,29.96194761
2020/04/18,ARUNACHAL PRADESH,EAST SIANG,0,567.16,0,29.61643869
2020/04/18,ARUNACHAL PRADESH,UPPER SIANG,0.09,976.49,0.52,28.12913209
2020/04/18,ARUNACHAL PRADESH,LOHIT,0.23,630.66,1.39,31.65181203
2020/04/18,ARUNACHAL PRADESH,ANJAW,0.4,883.2,2.22,26.4906331
2020/04/18,ARUNACHAL PRADESH,WEST SIANG,0,1291.8,0,31.76276519
2020/04/17,ARUNACHAL PRADESH,UPPER SUBANSIRI,0.04,1021.21,0.5,31.07217659
2020/04/17,ARUNACHAL PRADESH,TIRAP,0,321.59,0,31.01007085
2020/04/17,ARUNACHAL PRADESH,KURUNG KUMEY,0.01,1101.02,0.05,31.70272116
2020/04/17,ARUNACHAL PRADESH,EAST KAMENG,0.02,872.94,0.32,28.44609285
2020/04/17,ARUNACHAL PRADESH,CHANGLANG,0.13,867.18,0.76,33.66960736
2020/04/17,ARUNACHAL PRADESH,TAWANG,0.02,225.48,0.23,18.70208914
2020/04/17,ARUNACHAL PRADESH,LOWER DIBANG VALLEY,0.16,790.99,0.93,27.13943197
2020/04/17,ARUNACHAL PRADESH,DIBANG VALLEY,0.15,890.93,0.85,23.42431648
2020/04/17,ARUNACHAL PRADESH,PAPUM PARE,0.04,541.79,0.5,28.04448233
2020/04/17,ARUNACHAL PRADESH,LOWER SUBANSIRI,0.17,407.76,2.3,32.16453113
2020/04/17,ARUNACHAL PRADESH,WEST KAMENG,0.25,749.63,2.83,27.85638248
2020/04/17,ARUNACHAL PRADESH,EAST SIANG,0,565.05,0,29.50639739
2020/04/17,ARUNACHAL PRADESH,UPPER SIANG,0.09,987.67,0.51,28.45098346
2020/04/17,ARUNACHAL PRADESH,LOHIT,0.11,571.52,0.62,28.68352954
2020/04/17,ARUNACHAL PRADESH,ANJAW,0.32,871.86,1.77,26.15044935
2020/04/17,ARUNACHAL PRADESH,WEST SIANG,0,1270.97,0.01,31.25062868
2020/04/16,ARUNACHAL PRADESH,UPPER SUBANSIRI,0.05,1024.17,0.55,31.1623273
2020/04/16,ARUNACHAL PRADESH,TIRAP,0,325.46,0,31.38272912
2020/04/16,ARUNACHAL PRADESH,KURUNG KUMEY,0.01,1113.06,0.05,32.04936869
2020/04/16,ARUNACHAL PRADESH,EAST KAMENG,0.05,892.23,0.5,29.07476347
2020/04/16,ARUNACHAL PRADESH,CHANGLANG,0.04,796.43,0.23,30.92251342
2020/04/16,ARUNACHAL PRADESH,TAWANG,0.02,225.16,0.23,18.67505258
2020/04/16,ARUNACHAL PRADESH,LOWER DIBANG VALLEY,0.23,798.16,1.33,27.38523091
2020/04/16,ARUNACHAL PRADESH,DIBANG VALLEY,0.21,914.32,1.14,24.03936179
2020/04/16,ARUNACHAL PRADESH,PAPUM PARE,0.04,547.85,0.52,28.35809884
2020/04/16,ARUNACHAL PRADESH,LOWER SUBANSIRI,0.17,411.36,2.37,32.44787695
2020/04/16,ARUNACHAL PRADESH,WEST KAMENG,0.28,771.02,3.12,28.65098586
2020/04/16,ARUNACHAL PRADESH,EAST SIANG,0,566.18,0,29.56526796
2020/04/16,ARUNACHAL PRADESH,UPPER SIANG,0.36,1022.54,1.97,29.45543168
2020/04/16,ARUNACHAL PRADESH,LOHIT,0.02,529.58,0.09,26.57881512
2020/04/16,ARUNACHAL PRADESH,ANJAW,0.07,817.8,0.4,24.52901344
2020/04/16,ARUNACHAL PRADESH,WEST SIANG,0,1278.98,0.02,31.44751121
2020/04/15,ARUNACHAL PRADESH,UPPER SUBANSIRI,0.1,1044.66,0.91,31.78563416
2020/04/15,ARUNACHAL PRADESH,TIRAP,0.02,337.25,0.27,32.52003381
2020/04/15,ARUNACHAL PRADESH,KURUNG KUMEY,0.01,1123.83,0.08,32.35949808
2020/04/15,ARUNACHAL PRADESH,EAST KAMENG,0.02,871.86,0.27,28.41116677
2020/04/15,ARUNACHAL PRADESH,CHANGLANG,0.04,746.81,0.2,28.99598884
2020/04/15,ARUNACHAL PRADESH,TAWANG,0.02,229.04,0.22,18.99715194
2020/04/15,ARUNACHAL PRADESH,LOWER DIBANG VALLEY,0.39,814.9,2.25,27.9598389
2020/04/15,ARUNACHAL PRADESH,DIBANG VALLEY,0.78,973.98,4.28,25.60796083
2020/04/15,ARUNACHAL PRADESH,PAPUM PARE,0.04,552.54,0.54,28.60108324
2020/04/15,ARUNACHAL PRADESH,LOWER SUBANSIRI,0.18,416.13,2.46,32.82452476
2020/04/15,ARUNACHAL PRADESH,WEST KAMENG,0.58,811.23,5.02,30.14525806
2020/04/15,ARUNACHAL PRADESH,EAST SIANG,0,571.93,0,29.86566318
2020/04/15,ARUNACHAL PRADESH,UPPER SIANG,0.26,1011.58,1.45,29.13977821
2020/04/15,ARUNACHAL PRADESH,LOHIT,0.01,526.6,0.07,26.42940116
2020/04/15,ARUNACHAL PRADESH,ANJAW,0.23,840.5,1.27,25.20998962
2020/04/15,ARUNACHAL PRADESH,WEST SIANG,0.09,1294.57,0.51,31.83089084
2020/04/14,ARUNACHAL PRADESH,UPPER SUBANSIRI,0.07,1019.81,0.71,31.02966093
2020/04/14,ARUNACHAL PRADESH,TIRAP,0,308.88,0,29.78383755
2020/04/14,ARUNACHAL PRADESH,KURUNG KUMEY,0.01,1106,0.06,31.84605136
2020/04/14,ARUNACHAL PRADESH,EAST KAMENG,0.02,823.44,0.28,26.83318813
2020/04/14,ARUNACHAL PRADESH,CHANGLANG,0.02,746.08,0.12,28.9676413
2020/04/14,ARUNACHAL PRADESH,TAWANG,0.01,228.83,0.13,18.97962435
2020/04/14,ARUNACHAL PRADESH,LOWER DIBANG VALLEY,0.17,790.34,0.97,27.11711126
2020/04/14,ARUNACHAL PRADESH,DIBANG VALLEY,0.2,891.15,1.12,23.43010373
2020/04/14,ARUNACHAL PRADESH,PAPUM PARE,0.04,541.18,0.54,28.0132142
2020/04/14,ARUNACHAL PRADESH,LOWER SUBANSIRI,0.17,415.53,2.37,32.7773763
2020/04/14,ARUNACHAL PRADESH,WEST KAMENG,0.26,719.94,2.78,26.75315673
2020/04/14,ARUNACHAL PRADESH,EAST SIANG,0,578.17,0,30.1911117
2020/04/14,ARUNACHAL PRADESH,UPPER SIANG,0.3,1004.51,1.65,28.93615537
2020/04/14,ARUNACHAL PRADESH,LOHIT,0.01,526.79,0.06,26.43868789
2020/04/14,ARUNACHAL PRADESH,ANJAW,0.04,799.87,0.21,23.99119332
2020/04/14,ARUNACHAL PRADESH,WEST SIANG,0.06,1294.24,0.34,31.82274036
2020/04/13,ARUNACHAL PRADESH,UPPER SUBANSIRI,0.06,973.13,0.69,29.60932068
2020/04/13,ARUNACHAL PRADESH,TIRAP,0,311.83,0,30.06864566
2020/04/13,ARUNACHAL PRADESH,KURUNG KUMEY,0.01,1095.75,0.08,31.55093688
2020/04/13,ARUNACHAL PRADESH,EAST KAMENG,0.01,812.17,0.15,26.46588968
2020/04/13,ARUNACHAL PRADESH,CHANGLANG,0.02,752.54,0.14,29.21839809
2020/04/13,ARUNACHAL PRADESH,TAWANG,0.01,218.53,0.05,18.12551337
2020/04/13,ARUNACHAL PRADESH,LOWER DIBANG VALLEY,0.23,807.43,1.35,27.7035149
2020/04/13,ARUNACHAL PRADESH,DIBANG VALLEY,0.33,905.41,1.83,23.80512583
2020/04/13,ARUNACHAL PRADESH,PAPUM PARE,0.03,524.47,0.45,27.14783898
2020/04/13,ARUNACHAL PRADESH,LOWER SUBANSIRI,0.19,414.58,2.53,32.70264981
2020/04/13,ARUNACHAL PRADESH,WEST KAMENG,0.15,695.24,1.77,25.8350912
2020/04/13,ARUNACHAL PRADESH,EAST SIANG,0,586.62,0,30.63242418
2020/04/13,ARUNACHAL PRADESH,UPPER SIANG,0.15,992.37,0.85,28.58647652
2020/04/13,ARUNACHAL PRADESH,LOHIT,0.02,534.21,0.08,26.81095495
2020/04/13,ARUNACHAL PRADESH,ANJAW,0.1,821.93,0.57,24.652919
2020/04/13,ARUNACHAL PRADESH,WEST SIANG,0,1275.26,0,31.35600094
2020/04/12,ARUNACHAL PRADESH,UPPER SUBANSIRI,0.07,979.94,0.81,29.81657019
2020/04/12,ARUNACHAL PRADESH,TIRAP,0,314.37,0,30.31345223
2020/04/12,ARUNACHAL PRADESH,KURUNG KUMEY,0.02,1110.1,0.13,31.96420526
2020/04/12,ARUNACHAL PRADESH,EAST KAMENG,0,784.02,0.05,25.5487616
2020/04/12,ARUNACHAL PRADESH,CHANGLANG,0.05,761.94,0.27,29.58349086
2020/04/12,ARUNACHAL PRADESH,TAWANG,0.01,216.74,0.05,17.97668852
2020/04/12,ARUNACHAL PRADESH,LOWER DIBANG VALLEY,0.41,836.83,2.34,28.71215599
2020/04/12,ARUNACHAL PRADESH,DIBANG VALLEY,0.15,864.04,0.82,22.71726923
2020/04/12,ARUNACHAL PRADESH,PAPUM PARE,0.04,531.09,0.53,27.49090526
2020/04/12,ARUNACHAL PRADESH,LOWER SUBANSIRI,0.23,423.03,2.9,33.3684884
2020/04/12,ARUNACHAL PRADESH,WEST KAMENG,0.07,649.66,0.78,24.14135703
2020/04/12,ARUNACHAL PRADESH,EAST SIANG,0,597.76,0.01,31.21410431
2020/04/12,ARUNACHAL PRADESH,UPPER SIANG,0.12,980.23,0.67,28.23668658
2020/04/12,ARUNACHAL PRADESH,LOHIT,0.05,546.7,0.3,27.43801725
2020/04/12,ARUNACHAL PRADESH,ANJAW,0.13,823.56,0.73,24.70181097
2020/04/12,ARUNACHAL PRADESH,WEST SIANG,0,1274.57,0,31.3390059
2020/04/11,ARUNACHAL PRADESH,UPPER SUBANSIRI,0.08,993.61,0.98,30.23240468
2020/04/11,ARUNACHAL PRADESH,TIRAP,0,318.01,0,30.66473366
2020/04/11,ARUNACHAL PRADESH,KURUNG KUMEY,0.04,1142.38,0.25,32.89360862
2020/04/11,ARUNACHAL PRADESH,EAST KAMENG,0.02,798,0.15,26.00416729
2020/04/11,ARUNACHAL PRADESH,CHANGLANG,0.03,765.95,0.19,29.73920257
2020/04/11,ARUNACHAL PRADESH,TAWANG,0,220.49,0.01,18.28796471
2020/04/11,ARUNACHAL PRADESH,LOWER DIBANG VALLEY,0.16,815.81,0.95,27.99090847
2020/04/11,ARUNACHAL PRADESH,DIBANG VALLEY,0.11,866.78,0.59,22.7893386
2020/04/11,ARUNACHAL PRADESH,PAPUM PARE,0.05,548.16,0.66,28.37422271
2020/04/11,ARUNACHAL PRADESH,LOWER SUBANSIRI,0.29,439.84,3.6,34.69514117
2020/04/11,ARUNACHAL PRADESH,WEST KAMENG,0.09,661.33,1.07,24.57498414
2020/04/11,ARUNACHAL PRADESH,EAST SIANG,0.01,587.54,0.03,30.68079485
2020/04/11,ARUNACHAL PRADESH,UPPER SIANG,0.23,1000.96,1.24,28.83405216
2020/04/11,ARUNACHAL PRADESH,LOHIT,0.05,553.82,0.27,27.79538199
2020/04/11,ARUNACHAL PRADESH,ANJAW,0.04,815.67,0.21,24.4651761
2020/04/11,ARUNACHAL PRADESH,WEST SIANG,0,1287.03,0,31.64530584
2020/04/10,ARUNACHAL PRADESH,UPPER SUBANSIRI,0.09,994.09,1.06,30.24708897
2020/04/10,ARUNACHAL PRADESH,TIRAP,0,321.92,0,31.04163319
2020/04/10,ARUNACHAL PRADESH,KURUNG KUMEY,0.02,1125.43,0.16,32.40542282
2020/04/10,ARUNACHAL PRADESH,EAST KAMENG,0,743.71,0,24.23511387
2020/04/10,ARUNACHAL PRADESH,CHANGLANG,0.04,776.77,0.23,30.1592388
2020/04/10,ARUNACHAL PRADESH,TAWANG,0,208.46,0,17.29007769
2020/04/10,ARUNACHAL PRADESH,LOWER DIBANG VALLEY,0.22,835.26,1.25,28.65822443
2020/04/10,ARUNACHAL PRADESH,DIBANG VALLEY,0.11,870.38,0.58,22.88416226
2020/04/10,ARUNACHAL PRADESH,PAPUM PARE,0.02,495.08,0.33,25.62659722
2020/04/10,ARUNACHAL PRADESH,LOWER SUBANSIRI,0.19,403.96,2.52,31.86486252
2020/04/10,ARUNACHAL PRADESH,WEST KAMENG,0.04,607.69,0.36,22.58184508
2020/04/10,ARUNACHAL PRADESH,EAST SIANG,0,583.6,0,30.4750311
2020/04/10,ARUNACHAL PRADESH,UPPER SIANG,0.1,971.28,0.56,27.97903295
2020/04/10,ARUNACHAL PRADESH,LOHIT,0.06,560,0.31,28.10556451
2020/04/10,ARUNACHAL PRADESH,ANJAW,0.05,811.64,0.26,24.34418849
2020/04/10,ARUNACHAL PRADESH,WEST SIANG,0,1289.73,0,31.71178781
2020/04/09,ARUNACHAL PRADESH,UPPER SUBANSIRI,0.16,1034.21,1.57,31.46771746
2020/04/09,ARUNACHAL PRADESH,TIRAP,0,328.11,0,31.63840445
2020/04/09,ARUNACHAL PRADESH,KURUNG KUMEY,0.13,1198.94,0.87,34.5220871
2020/04/09,ARUNACHAL PRADESH,EAST KAMENG,0.01,748.41,0.06,24.38811084
2020/04/09,ARUNACHAL PRADESH,CHANGLANG,0.07,791.76,0.38,30.74113582
2020/04/09,ARUNACHAL PRADESH,TAWANG,0,210.97,0,17.49811406
2020/04/09,ARUNACHAL PRADESH,LOWER DIBANG VALLEY,0.4,872.46,2.31,29.93461805
2020/04/09,ARUNACHAL PRADESH,DIBANG VALLEY,0.25,901.03,1.38,23.69002599
2020/04/09,ARUNACHAL PRADESH,PAPUM PARE,0.03,501.48,0.41,25.95805816
2020/04/09,ARUNACHAL PRADESH,LOWER SUBANSIRI,0.23,415.17,3.07,32.74879998
2020/04/09,ARUNACHAL PRADESH,WEST KAMENG,0.05,617.49,0.47,22.94587563
2020/04/09,ARUNACHAL PRADESH,EAST SIANG,0.02,599.69,0.09,31.31509145
2020/04/09,ARUNACHAL PRADESH,UPPER SIANG,0.61,1032.89,3.33,29.75372247
2020/04/09,ARUNACHAL PRADESH,LOHIT,0.17,584.08,0.97,29.31413484
2020/04/09,ARUNACHAL PRADESH,ANJAW,0.4,853.82,2.25,25.60935623
2020/04/09,ARUNACHAL PRADESH,WEST SIANG,0.01,1332.58,0.05,32.76534135
2020/04/08,ARUNACHAL PRADESH,UPPER SUBANSIRI,0.1,970.95,1.2,29.54306795
2020/04/08,ARUNACHAL PRADESH,TIRAP,0,333.92,0,32.19866417
2020/04/08,ARUNACHAL PRADESH,KURUNG KUMEY,0.02,1103.25,0.11,31.76697981
2020/04/08,ARUNACHAL PRADESH,EAST KAMENG,0,714.98,0,23.29879842
2020/04/08,ARUNACHAL PRADESH,CHANGLANG,0.04,783.5,0.22,30.42046634
2020/04/08,ARUNACHAL PRADESH,TAWANG,0,188.71,0,15.6520461
2020/04/08,ARUNACHAL PRADESH,LOWER DIBANG VALLEY,0.21,797.89,1.2,27.3760264
2020/04/08,ARUNACHAL PRADESH,DIBANG VALLEY,0.14,864.82,0.78,22.73803036
2020/04/08,ARUNACHAL PRADESH,PAPUM PARE,0.02,495.91,0.24,25.66947303
2020/04/08,ARUNACHAL PRADESH,LOWER SUBANSIRI,0.15,400.44,2.03,31.58650186
2020/04/08,ARUNACHAL PRADESH,WEST KAMENG,0.03,592.16,0.32,22.00481802
2020/04/08,ARUNACHAL PRADESH,EAST SIANG,0,586.98,0,30.65145325
2020/04/08,ARUNACHAL PRADESH,UPPER SIANG,0.29,958.72,1.56,27.61708587
2020/04/08,ARUNACHAL PRADESH,LOHIT,0.03,524.87,0.16,26.34214415
2020/04/08,ARUNACHAL PRADESH,ANJAW,0.04,803.78,0.24,24.10862799
2020/04/08,ARUNACHAL PRADESH,WEST SIANG,0,1255.32,0,30.86561749
2020/04/07,ARUNACHAL PRADESH,UPPER SUBANSIRI,0.06,924.98,0.77,28.14423362
2020/04/07,ARUNACHAL PRADESH,TIRAP,0.07,346.12,0.42,33.37451552
2020/04/07,ARUNACHAL PRADESH,KURUNG KUMEY,0.01,1068.18,0.05,30.75697102
2020/04/07,ARUNACHAL PRADESH,EAST KAMENG,0,672.82,0,21.92509025
2020/04/07,ARUNACHAL PRADESH,CHANGLANG,0.09,788.74,0.54,30.62374753
2020/04/07,ARUNACHAL PRADESH,TAWANG,0,172.27,0,14.28877231
2020/04/07,ARUNACHAL PRADESH,LOWER DIBANG VALLEY,0.08,772.74,0.49,26.51337152
2020/04/07,ARUNACHAL PRADESH,DIBANG VALLEY,0.03,788.86,0.18,20.7408811
2020/04/07,ARUNACHAL PRADESH,PAPUM PARE,0.01,452.57,0.09,23.42606536
2020/04/07,ARUNACHAL PRADESH,LOWER SUBANSIRI,0.08,379.57,1.09,29.9409888
2020/04/07,ARUNACHAL PRADESH,WEST KAMENG,0,493.14,0,18.32525384
2020/04/07,ARUNACHAL PRADESH,EAST SIANG,0,560.29,0,29.25786799
2020/04/07,ARUNACHAL PRADESH,UPPER SIANG,0.02,858.46,0.12,24.72902854
2020/04/07,ARUNACHAL PRADESH,LOHIT,0.03,529.89,0.15,26.59440087
2020/04/07,ARUNACHAL PRADESH,ANJAW,0.02,791.51,0.1,23.74040272
2020/04/07,ARUNACHAL PRADESH,WEST SIANG,0,1212.17,0,29.80465269
2020/04/06,ARUNACHAL PRADESH,UPPER SUBANSIRI,0.08,939.45,1.02,28.58437849
2020/04/06,ARUNACHAL PRADESH,TIRAP,0,290.29,0,27.99109946
2020/04/06,ARUNACHAL PRADESH,KURUNG KUMEY,0.01,1087.66,0.08,31.31795618
2020/04/06,ARUNACHAL PRADESH,EAST KAMENG,0,677.74,0,22.08524999
2020/04/06,ARUNACHAL PRADESH,CHANGLANG,0.03,719.02,0.18,27.91677414
2020/04/06,ARUNACHAL PRADESH,TAWANG,0,173.59,0,14.39784623
2020/04/06,ARUNACHAL PRADESH,LOWER DIBANG VALLEY,0.09,779.51,0.51,26.74553878
2020/04/06,ARUNACHAL PRADESH,DIBANG VALLEY,0.03,788.33,0.15,20.72683325
2020/04/06,ARUNACHAL PRADESH,PAPUM PARE,0.01,456.5,0.11,23.62951842
2020/04/06,ARUNACHAL PRADESH,LOWER SUBANSIRI,0.1,385.3,1.34,30.39255282
2020/04/06,ARUNACHAL PRADESH,WEST KAMENG,0,496.77,0,18.46003775
2020/04/06,ARUNACHAL PRADESH,EAST SIANG,0,568.56,0,29.6897664
2020/04/06,ARUNACHAL PRADESH,UPPER SIANG,0.03,863.21,0.16,24.86589605
2020/04/06,ARUNACHAL PRADESH,LOHIT,0.03,516.05,0.16,25.89994549
2020/04/06,ARUNACHAL PRADESH,ANJAW,0.01,769.12,0.04,23.06881539
2020/04/06,ARUNACHAL PRADESH,WEST SIANG,0,1219.9,0,29.99479934
2020/04/05,ARUNACHAL PRADESH,UPPER SUBANSIRI,0.03,876.66,0.37,26.67393457
2020/04/05,ARUNACHAL PRADESH,TIRAP,0,292.24,0,28.1792833
2020/04/05,ARUNACHAL PRADESH,KURUNG KUMEY,0.01,1055.1,0.05,30.38051927
2020/04/05,ARUNACHAL PRADESH,EAST KAMENG,0,682.61,0,22.24396595
2020/04/05,ARUNACHAL PRADESH,CHANGLANG,0.04,727.92,0.21,28.26244159
2020/04/05,ARUNACHAL PRADESH,TAWANG,0,174.83,0,14.50039437
2020/04/05,ARUNACHAL PRADESH,LOWER DIBANG VALLEY,0.12,799.24,0.67,27.42237204
2020/04/05,ARUNACHAL PRADESH,DIBANG VALLEY,0.02,794.2,0.14,20.88123254
2020/04/05,ARUNACHAL PRADESH,PAPUM PARE,0,458.38,0.01,23.72714027
2020/04/05,ARUNACHAL PRADESH,LOWER SUBANSIRI,0.03,370.99,0.5,29.26418776
2020/04/05,ARUNACHAL PRADESH,WEST KAMENG,0,500.61,0.01,18.60257062
2020/04/05,ARUNACHAL PRADESH,EAST SIANG,0,577.3,0,30.14601035
2020/04/05,ARUNACHAL PRADESH,UPPER SIANG,0.03,865.53,0.17,24.93260745
2020/04/05,ARUNACHAL PRADESH,LOHIT,0.04,525.39,0.23,26.36829887
2020/04/05,ARUNACHAL PRADESH,ANJAW,0.01,781.77,0.08,23.44823721
2020/04/05,ARUNACHAL PRADESH,WEST SIANG,0,1228.37,0,30.20317869
2020/04/04,ARUNACHAL PRADESH,UPPER SUBANSIRI,0.04,884.14,0.44,26.90162703
2020/04/04,ARUNACHAL PRADESH,TIRAP,0,294.99,0,28.44481676
2020/04/04,ARUNACHAL PRADESH,KURUNG KUMEY,0.01,1068.39,0.07,30.76303564
2020/04/04,ARUNACHAL PRADESH,EAST KAMENG,0,687.79,0,22.41282096
2020/04/04,ARUNACHAL PRADESH,CHANGLANG,0.03,733.78,0.19,28.4899709
2020/04/04,ARUNACHAL PRADESH,TAWANG,0,176.36,0,14.6279835
2020/04/04,ARUNACHAL PRADESH,LOWER DIBANG VALLEY,0.2,821.3,1.12,28.17941768
2020/04/04,ARUNACHAL PRADESH,DIBANG VALLEY,0.03,808.1,0.18,21.2465636
2020/04/04,ARUNACHAL PRADESH,PAPUM PARE,0,462.04,0.01,23.91651743
2020/04/04,ARUNACHAL PRADESH,LOWER SUBANSIRI,0.04,374.36,0.56,29.53005456
2020/04/04,ARUNACHAL PRADESH,WEST KAMENG,0,504.46,0.01,18.74592127
2020/04/04,ARUNACHAL PRADESH,EAST SIANG,0,586.97,0,30.65071962
2020/04/04,ARUNACHAL PRADESH,UPPER SIANG,0.02,876.34,0.13,25.24402755
2020/04/04,ARUNACHAL PRADESH,LOHIT,0.04,534.96,0.25,26.84851752
2020/04/04,ARUNACHAL PRADESH,ANJAW,0.01,788.83,0.07,23.66002969
2020/04/04,ARUNACHAL PRADESH,WEST SIANG,0,1240.28,0,30.49603894
2020/04/03,ARUNACHAL PRADESH,UPPER SUBANSIRI,0.05,892.77,0.56,27.16420663
2020/04/03,ARUNACHAL PRADESH,TIRAP,0,297.86,0,28.72188929
2020/04/03,ARUNACHAL PRADESH,KURUNG KUMEY,0.02,1084.25,0.1,31.2196134
2020/04/03,ARUNACHAL PRADESH,EAST KAMENG,0,689.49,0,22.46807851
2020/04/03,ARUNACHAL PRADESH,CHANGLANG,0.08,750.93,0.49,29.15609594
2020/04/03,ARUNACHAL PRADESH,TAWANG,0,175.59,0,14.56367689
2020/04/03,ARUNACHAL PRADESH,LOWER DIBANG VALLEY,0.18,812.14,1.02,27.8651446
2020/04/03,ARUNACHAL PRADESH,DIBANG VALLEY,0.09,826.2,0.48,21.72252055
2020/04/03,ARUNACHAL PRADESH,PAPUM PARE,0,466.2,0.02,24.13190186
2020/04/03,ARUNACHAL PRADESH,LOWER SUBANSIRI,0.04,378.16,0.62,29.82975948
2020/04/03,ARUNACHAL PRADESH,WEST KAMENG,0,488.39,0.02,18.14872567
2020/04/03,ARUNACHAL PRADESH,EAST SIANG,0,591.36,0,30.88026537
2020/04/03,ARUNACHAL PRADESH,UPPER SIANG,0.06,892.66,0.31,25.71433327
2020/04/03,ARUNACHAL PRADESH,LOHIT,0.1,550.1,0.56,27.60862892
2020/04/03,ARUNACHAL PRADESH,ANJAW,0.05,815,0.28,24.44516358
2020/04/03,ARUNACHAL PRADESH,WEST SIANG,0,1250.68,0,30.75174397
2020/04/02,ARUNACHAL PRADESH,UPPER SUBANSIRI,0.03,886.66,0.37,26.97838334
2020/04/02,ARUNACHAL PRADESH,TIRAP,0,299.94,0,28.92231345
2020/04/02,ARUNACHAL PRADESH,KURUNG KUMEY,0.02,1086.92,0.14,31.29672744
2020/04/02,ARUNACHAL PRADESH,EAST KAMENG,0,695.77,0,22.67287975
2020/04/02,ARUNACHAL PRADESH,CHANGLANG,0.04,727.72,0.24,28.25483683
2020/04/02,ARUNACHAL PRADESH,TAWANG,0,176.89,0,14.6713569
2020/04/02,ARUNACHAL PRADESH,LOWER DIBANG VALLEY,0.38,845.34,2.17,29.00419149
2020/04/02,ARUNACHAL PRADESH,DIBANG VALLEY,0.06,826.28,0.32,21.72465192
2020/04/02,ARUNACHAL PRADESH,PAPUM PARE,0,471.03,0.03,24.38184814
2020/04/02,ARUNACHAL PRADESH,LOWER SUBANSIRI,0.05,382.46,0.77,30.16857461
2020/04/02,ARUNACHAL PRADESH,WEST KAMENG,0,492.14,0.03,18.2881135
2020/04/02,ARUNACHAL PRADESH,EAST SIANG,0,595.83,0,31.11371663
2020/04/02,ARUNACHAL PRADESH,UPPER SIANG,0.03,876.15,0.17,25.23868774
2020/04/02,ARUNACHAL PRADESH,LOHIT,0.17,561.86,0.97,28.19885651
2020/04/02,ARUNACHAL PRADESH,ANJAW,0.38,856.56,2.13,25.69161815
2020/04/02,ARUNACHAL PRADESH,WEST SIANG,0,1237.44,0,30.42612114
2020/04/01,ARUNACHAL PRADESH,UPPER SUBANSIRI,0.03,895.25,0.4,27.23967596
2020/04/01,ARUNACHAL PRADESH,TIRAP,0,303.01,0,29.21772347
2020/04/01,ARUNACHAL PRADESH,KURUNG KUMEY,0.07,1133.87,0.47,32.64862168
2020/04/01,ARUNACHAL PRADESH,EAST KAMENG,0,701.73,0,22.86708985
2020/04/01,ARUNACHAL PRADESH,CHANGLANG,0.03,729.08,0.2,28.30752928
2020/04/01,ARUNACHAL PRADESH,TAWANG,0,169.51,0,14.05928399
2020/04/01,ARUNACHAL PRADESH,LOWER DIBANG VALLEY,0.21,780.14,1.18,26.76722668
2020/04/01,ARUNACHAL PRADESH,DIBANG VALLEY,0.09,825.36,0.52,21.70037251
2020/04/01,ARUNACHAL PRADESH,PAPUM PARE,0,475.89,0.04,24.63327736
2020/04/01,ARUNACHAL PRADESH,LOWER SUBANSIRI,0.07,388.25,0.98,30.62552189
2020/04/01,ARUNACHAL PRADESH,WEST KAMENG,0.01,493.94,0.04,18.35486826
2020/04/01,ARUNACHAL PRADESH,EAST SIANG,0,594.36,0,31.0366094
2020/04/01,ARUNACHAL PRADESH,UPPER SIANG,0.04,858.55,0.22,24.73160442
2020/04/01,ARUNACHAL PRADESH,LOHIT,0.04,490.52,0.27,24.61858036
2020/04/01,ARUNACHAL PRADESH,ANJAW,0.03,781.05,0.19,23.42682835
2020/04/01,ARUNACHAL PRADESH,WEST SIANG,0,1243.36,0,30.57155877
2020/05/31,ARUNACHAL PRADESH,UPPER SUBANSIRI,0.06,1050.9,0.68,31.97557577
2020/05/31,ARUNACHAL PRADESH,TIRAP,0.32,398.48,2.75,38.42366889
2020/05/31,ARUNACHAL PRADESH,KURUNG KUMEY,0.02,1158.54,0.14,33.35893359
2020/05/31,ARUNACHAL PRADESH,EAST KAMENG,0.01,891.5,0.22,29.05093452
2020/05/31,ARUNACHAL PRADESH,CHANGLANG,0.82,919.04,5.11,35.68293268
2020/05/31,ARUNACHAL PRADESH,TAWANG,0.19,286.9,1.93,23.79639269
2020/05/31,ARUNACHAL PRADESH,LOWER DIBANG VALLEY,0.92,934.93,5.63,32.07794945
2020/05/31,ARUNACHAL PRADESH,DIBANG VALLEY,0.44,958.78,2.44,25.20821012
2020/05/31,ARUNACHAL PRADESH,PAPUM PARE,0.08,623.37,0.96,32.26751953
2020/05/31,ARUNACHAL PRADESH,LOWER SUBANSIRI,0.32,436.45,3.75,34.42765542
2020/05/31,ARUNACHAL PRADESH,WEST KAMENG,0.23,749.01,2.68,27.83311668
2020/05/31,ARUNACHAL PRADESH,EAST SIANG,0.89,697.81,5.04,36.43880887
2020/05/31,ARUNACHAL PRADESH,UPPER SIANG,0.19,969.71,1.06,27.93365136
2020/05/31,ARUNACHAL PRADESH,LOHIT,1.71,725.36,9.81,36.40463566
2020/05/31,ARUNACHAL PRADESH,ANJAW,0.64,949.09,3.55,28.46698742
2020/05/31,ARUNACHAL PRADESH,WEST SIANG,0.01,1335.22,0.05,32.83023673
2020/05/30,ARUNACHAL PRADESH,UPPER SUBANSIRI,0.06,1062.73,0.69,32.33540924
2020/05/30,ARUNACHAL PRADESH,TIRAP,0.01,372.26,0.17,35.89528956
2020/05/30,ARUNACHAL PRADESH,KURUNG KUMEY,0.03,1176.37,0.19,33.87230417
2020/05/30,ARUNACHAL PRADESH,EAST KAMENG,0.02,908.77,0.31,29.61373508
2020/05/30,ARUNACHAL PRADESH,CHANGLANG,0.31,844.91,1.89,32.80500945
2020/05/30,ARUNACHAL PRADESH,TAWANG,0.19,288.91,1.95,23.96270457
2020/05/30,ARUNACHAL PRADESH,LOWER DIBANG VALLEY,0.6,893.44,3.54,30.65462999
2020/05/30,ARUNACHAL PRADESH,DIBANG VALLEY,0.51,981.58,2.79,25.80779564
2020/05/30,ARUNACHAL PRADESH,PAPUM PARE,0.14,643.19,1.62,33.29319529
2020/05/30,ARUNACHAL PRADESH,LOWER SUBANSIRI,0.36,445.92,4.07,35.17452693
2020/05/30,ARUNACHAL PRADESH,WEST KAMENG,0.25,767.64,2.89,28.52552932
2020/05/30,ARUNACHAL PRADESH,EAST SIANG,0.16,651.67,0.82,34.02952987
2020/05/30,ARUNACHAL PRADESH,UPPER SIANG,0.22,972.78,1.18,28.02221044
2020/05/30,ARUNACHAL PRADESH,LOHIT,0.6,637.92,3.3,32.01629751
2020/05/30,ARUNACHAL PRADESH,ANJAW,0.66,961.64,3.69,28.84328017
2020/05/30,ARUNACHAL PRADESH,WEST SIANG,0.01,1339.13,0.06,32.92643588
2020/05/29,ARUNACHAL PRADESH,UPPER SUBANSIRI,0.07,1079.69,0.82,32.85144712
2020/05/29,ARUNACHAL PRADESH,TIRAP,0,340.35,0,32.81890088
2020/05/29,ARUNACHAL PRADESH,KURUNG KUMEY,0.04,1199.42,0.25,34.53602463
2020/05/29,ARUNACHAL PRADESH,EAST KAMENG,0.04,932.68,0.55,30.39302882
2020/05/29,ARUNACHAL PRADESH,CHANGLANG,0.35,841.84,2.1,32.6855495
2020/05/29,ARUNACHAL PRADESH,TAWANG,0.19,293.89,1.98,24.37575623
2020/05/29,ARUNACHAL PRADESH,LOWER DIBANG VALLEY,0.66,898.1,3.86,30.81431455
2020/05/29,ARUNACHAL PRADESH,DIBANG VALLEY,0.6,1009.94,3.31,26.55339761
2020/05/29,ARUNACHAL PRADESH,PAPUM PARE,0.71,694.12,6.89,35.92951324
2020/05/29,ARUNACHAL PRADESH,LOWER SUBANSIRI,0.62,470.95,6.42,37.14907489
2020/05/29,ARUNACHAL PRADESH,WEST KAMENG,0.31,797.75,3.39,29.64446485
2020/05/29,ARUNACHAL PRADESH,EAST SIANG,0.58,675.82,3.09,35.29038888
2020/05/29,ARUNACHAL PRADESH,UPPER SIANG,0.25,989.64,1.36,28.50789666
2020/05/29,ARUNACHAL PRADESH,LOHIT,0.63,638.98,3.47,32.06958907
2020/05/29,ARUNACHAL PRADESH,ANJAW,0.78,981.79,4.39,29.44763723
2020/05/29,ARUNACHAL PRADESH,WEST SIANG,0.07,1357.39,0.43,33.37533232
2020/05/28,ARUNACHAL PRADESH,UPPER SUBANSIRI,0.07,1076.11,0.84,32.74260187
2020/05/28,ARUNACHAL PRADESH,TIRAP,0,345.62,0.01,33.32628058
2020/05/28,ARUNACHAL PRADESH,KURUNG KUMEY,0.06,1239.37,0.43,35.68613366
2020/05/28,ARUNACHAL PRADESH,EAST KAMENG,0.09,960.26,0.7,31.29165752
2020/05/28,ARUNACHAL PRADESH,CHANGLANG,0.39,859.66,2.35,33.37754368
2020/05/28,ARUNACHAL PRADESH,TAWANG,0.19,293.48,1.96,24.34215816
2020/05/28,ARUNACHAL PRADESH,LOWER DIBANG VALLEY,0.71,914.96,4.17,31.3928532
2020/05/28,ARUNACHAL PRADESH,DIBANG VALLEY,0.63,999.04,3.49,26.2669337
2020/05/28,ARUNACHAL PRADESH,PAPUM PARE,0.06,625.02,0.77,32.35280035
2020/05/28,ARUNACHAL PRADESH,LOWER SUBANSIRI,0.31,453.73,3.73,35.79072533
2020/05/28,ARUNACHAL PRADESH,WEST KAMENG,0.58,836.74,4.92,31.09345297
2020/05/28,ARUNACHAL PRADESH,EAST SIANG,0.01,622.96,0.09,32.53037556
2020/05/28,ARUNACHAL PRADESH,UPPER SIANG,0.27,1004.49,1.49,28.93547135
2020/05/28,ARUNACHAL PRADESH,LOHIT,0.76,659.25,4.29,33.08691015
2020/05/28,ARUNACHAL PRADESH,ANJAW,1.28,1027.34,7.13,30.81396948
2020/05/28,ARUNACHAL PRADESH,WEST SIANG,0,1346.69,0.04,33.11241001
2020/05/27,ARUNACHAL PRADESH,UPPER SUBANSIRI,0.09,1092.74,1.08,33.24852507
2020/05/27,ARUNACHAL PRADESH,TIRAP,0.01,364.47,0.12,35.1447527
2020/05/27,ARUNACHAL PRADESH,KURUNG KUMEY,0.05,1219.4,0.32,35.11136437
2020/05/27,ARUNACHAL PRADESH,EAST KAMENG,0.02,948.03,0.34,30.89307429
2020/05/27,ARUNACHAL PRADESH,CHANGLANG,0.84,948.84,5.2,36.83991588
2020/05/27,ARUNACHAL PRADESH,TAWANG,0.19,290.79,1.91,24.11871012
2020/05/27,ARUNACHAL PRADESH,LOWER DIBANG VALLEY,0.82,939.64,4.79,32.2395782
2020/05/27,ARUNACHAL PRADESH,DIBANG VALLEY,0.62,1022.49,3.4,26.88342922
2020/05/27,ARUNACHAL PRADESH,PAPUM PARE,0.07,643.82,0.82,33.32568262
2020/05/27,ARUNACHAL PRADESH,LOWER SUBANSIRI,0.3,445.56,3.61,35.14613872
2020/05/27,ARUNACHAL PRADESH,WEST KAMENG,0.32,802.97,3.44,29.83831899
2020/05/27,ARUNACHAL PRADESH,EAST SIANG,0.02,645.44,0.13,33.70436499
2020/05/27,ARUNACHAL PRADESH,UPPER SIANG,0.47,1058.76,2.57,30.49891846
2020/05/27,ARUNACHAL PRADESH,LOHIT,1.25,703.21,7.29,35.29315832
2020/05/27,ARUNACHAL PRADESH,ANJAW,1.43,1050.09,8.05,31.49646141
2020/05/27,ARUNACHAL PRADESH,WEST SIANG,0.01,1368.14,0.06,33.63984105
2020/05/26,ARUNACHAL PRADESH,UPPER SUBANSIRI,0.11,1092.6,1.25,33.24451145
2020/05/26,ARUNACHAL PRADESH,TIRAP,0,346.07,0,33.37056488
2020/05/26,ARUNACHAL PRADESH,KURUNG KUMEY,0.07,1257.65,0.45,36.21263488
2020/05/26,ARUNACHAL PRADESH,EAST KAMENG,0.33,990.93,2.61,32.29112395
2020/05/26,ARUNACHAL PRADESH,CHANGLANG,0.46,891.54,2.79,34.61546482
2020/05/26,ARUNACHAL PRADESH,TAWANG,0.19,295.54,1.91,24.51315879
2020/05/26,ARUNACHAL PRADESH,LOWER DIBANG VALLEY,0.85,948.51,4.97,32.54414943
2020/05/26,ARUNACHAL PRADESH,DIBANG VALLEY,0.61,1003.22,3.35,26.37669857
2020/05/26,ARUNACHAL PRADESH,PAPUM PARE,0.17,655.74,2.04,33.94304563
2020/05/26,ARUNACHAL PRADESH,LOWER SUBANSIRI,0.33,445.66,4,35.15405066
2020/05/26,ARUNACHAL PRADESH,WEST KAMENG,0.79,856.8,7.35,31.83870836
2020/05/26,ARUNACHAL PRADESH,EAST SIANG,0.02,652.25,0.13,34.05992572
2020/05/26,ARUNACHAL PRADESH,UPPER SIANG,0.28,1024.94,1.52,29.52463148
2020/05/26,ARUNACHAL PRADESH,LOHIT,1.07,698.5,6.24,35.05634014
2020/05/26,ARUNACHAL PRADESH,ANJAW,1.17,1025.34,6.55,30.75404336
2020/05/26,ARUNACHAL PRADESH,WEST SIANG,0,1358.2,0.04,33.39533831
2020/05/25,ARUNACHAL PRADESH,UPPER SUBANSIRI,0.09,1114.69,1.01,33.91662682
2020/05/25,ARUNACHAL PRADESH,TIRAP,0.03,376.04,0.49,36.26046827
2020/05/25,ARUNACHAL PRADESH,KURUNG KUMEY,0.03,1170.45,0.18,33.70191088
2020/05/25,ARUNACHAL PRADESH,EAST KAMENG,0.03,919.1,0.32,29.95044638
2020/05/25,ARUNACHAL PRADESH,CHANGLANG,1.6,1003.07,9.99,38.94579448
2020/05/25,ARUNACHAL PRADESH,TAWANG,0.19,293.97,1.97,24.38220921
2020/05/25,ARUNACHAL PRADESH,LOWER DIBANG VALLEY,1.92,1050.18,11.27,36.03219501
2020/05/25,ARUNACHAL PRADESH,DIBANG VALLEY,0.89,1065,4.89,28.00115012
2020/05/25,ARUNACHAL PRADESH,PAPUM PARE,0.07,625.16,0.86,32.36022862
2020/05/25,ARUNACHAL PRADESH,LOWER SUBANSIRI,0.31,440.65,3.65,34.75889813
2020/05/25,ARUNACHAL PRADESH,WEST KAMENG,0.33,789.26,3.46,29.32879681
2020/05/25,ARUNACHAL PRADESH,EAST SIANG,0.38,699.84,2.19,36.54488904
2020/05/25,ARUNACHAL PRADESH,UPPER SIANG,0.61,1100.39,3.33,31.69808346
2020/05/25,ARUNACHAL PRADESH,LOHIT,2.32,765.21,13.25,38.4047715
2020/05/25,ARUNACHAL PRADESH,ANJAW,2.13,1101.7,11.92,33.04446653
2020/05/25,ARUNACHAL PRADESH,WEST SIANG,0.15,1435.82,0.91,35.30375695
2020/05/24,ARUNACHAL PRADESH,UPPER SUBANSIRI,0.07,1068.81,0.77,32.52043274
2020/05/24,ARUNACHAL PRADESH,TIRAP,0,340.74,0,32.85626743
2020/05/24,ARUNACHAL PRADESH,KURUNG KUMEY,0.03,1169.48,0.18,33.6738659
2020/05/24,ARUNACHAL PRADESH,EAST KAMENG,0.01,921.02,0.24,30.01302678
2020/05/24,ARUNACHAL PRADESH,CHANGLANG,0.46,894.18,2.71,34.71772916
2020/05/24,ARUNACHAL PRADESH,TAWANG,0.2,294.32,2,24.41128051
2020/05/24,ARUNACHAL PRADESH,LOWER DIBANG VALLEY,0.94,962.51,5.46,33.02424002
2020/05/24,ARUNACHAL PRADESH,DIBANG VALLEY,0.68,1034.31,3.74,27.19416428
2020/05/24,ARUNACHAL PRADESH,PAPUM PARE,0.06,610.87,0.79,31.62025429
2020/05/24,ARUNACHAL PRADESH,LOWER SUBANSIRI,0.27,431.14,3.27,34.00885306
2020/05/24,ARUNACHAL PRADESH,WEST KAMENG,0.25,769.67,2.86,28.60108006
2020/05/24,ARUNACHAL PRADESH,EAST SIANG,0.02,647.94,0.1,33.83485725
2020/05/24,ARUNACHAL PRADESH,UPPER SIANG,0.3,1038.4,1.63,29.91256284
2020/05/24,ARUNACHAL PRADESH,LOHIT,1.46,730.78,8.73,36.67640057
2020/05/24,ARUNACHAL PRADESH,ANJAW,1.53,1059.7,8.51,31.78467392
2020/05/24,ARUNACHAL PRADESH,WEST SIANG,0,1358.85,0.04,33.41125804
2020/05/23,ARUNACHAL PRADESH,UPPER SUBANSIRI,0.08,1087.52,0.9,33.08990505
2020/05/23,ARUNACHAL PRADESH,TIRAP,0,338.34,0.04,32.62496636
2020/05/23,ARUNACHAL PRADESH,KURUNG KUMEY,0.04,1188.03,0.24,34.2079367
2020/05/23,ARUNACHAL PRADESH,EAST KAMENG,0.02,947.61,0.28,30.87954579
2020/05/23,ARUNACHAL PRADESH,CHANGLANG,0.24,837.5,1.42,32.51727813
2020/05/23,ARUNACHAL PRADESH,TAWANG,0.2,298.66,2.05,24.77184695
2020/05/23,ARUNACHAL PRADESH,LOWER DIBANG VALLEY,0.71,945.69,4.12,32.44735688
2020/05/23,ARUNACHAL PRADESH,DIBANG VALLEY,0.6,1001.26,3.32,26.32513866
2020/05/23,ARUNACHAL PRADESH,PAPUM PARE,0.07,629.85,0.83,32.60271971
2020/05/23,ARUNACHAL PRADESH,LOWER SUBANSIRI,0.31,441.62,3.72,34.83523099
2020/05/23,ARUNACHAL PRADESH,WEST KAMENG,0.28,785.67,3.11,29.19540814
2020/05/23,ARUNACHAL PRADESH,EAST SIANG,0.02,663.32,0.13,34.63770907
2020/05/23,ARUNACHAL PRADESH,UPPER SIANG,0.31,1053.94,1.67,30.35999699
2020/05/23,ARUNACHAL PRADESH,LOHIT,0.51,638.94,2.72,32.06755224
2020/05/23,ARUNACHAL PRADESH,ANJAW,0.83,994.34,4.6,29.82432477
2020/05/23,ARUNACHAL PRADESH,WEST SIANG,0,1380.77,0.05,33.95030148
2020/05/22,ARUNACHAL PRADESH,UPPER SUBANSIRI,0.1,1109.74,1.1,33.76583011
2020/05/22,ARUNACHAL PRADESH,TIRAP,0.01,343.31,0.09,33.10442006
2020/05/22,ARUNACHAL PRADESH,KURUNG KUMEY,0.05,1216,0.31,35.01345238
2020/05/22,ARUNACHAL PRADESH,EAST KAMENG,0.07,992.73,0.62,32.34971578
2020/05/22,ARUNACHAL PRADESH,CHANGLANG,0.2,824.33,1.15,32.0056292
2020/05/22,ARUNACHAL PRADESH,TAWANG,0.2,302.64,2.02,25.10167787
2020/05/22,ARUNACHAL PRADESH,LOWER DIBANG VALLEY,0.64,922.14,3.72,31.63920394
2020/05/22,ARUNACHAL PRADESH,DIBANG VALLEY,0.6,1007.3,3.28,26.48402887
2020/05/22,ARUNACHAL PRADESH,PAPUM PARE,0.13,655.87,1.22,33.94953579
2020/05/22,ARUNACHAL PRADESH,LOWER SUBANSIRI,0.39,455.13,4.34,35.90080742
2020/05/22,ARUNACHAL PRADESH,WEST KAMENG,0.35,820.11,3.7,30.47532457
2020/05/22,ARUNACHAL PRADESH,EAST SIANG,0.01,645.26,0.06,33.69480439
2020/05/22,ARUNACHAL PRADESH,UPPER SIANG,0.29,1058.91,1.61,30.50318854
2020/05/22,ARUNACHAL PRADESH,LOHIT,0.43,621.2,2.26,31.17687239
2020/05/22,ARUNACHAL PRADESH,ANJAW,0.37,944.38,2.09,28.32561612
2020/05/22,ARUNACHAL PRADESH,WEST SIANG,0.01,1392.52,0.07,34.23925605
2020/05/21,ARUNACHAL PRADESH,UPPER SUBANSIRI,0.14,1152.76,1.42,35.07484825
2020/05/21,ARUNACHAL PRADESH,TIRAP,0.01,349.38,0.16,33.68955265
2020/05/21,ARUNACHAL PRADESH,KURUNG KUMEY,0.07,1252.84,0.44,36.07402117
2020/05/21,ARUNACHAL PRADESH,EAST KAMENG,0.41,1045.94,2.95,34.08385545
2020/05/21,ARUNACHAL PRADESH,CHANGLANG,0.22,820.83,1.28,31.86992569
2020/05/21,ARUNACHAL PRADESH,TAWANG,0.21,313.68,2.08,26.01758484
2020/05/21,ARUNACHAL PRADESH,LOWER DIBANG VALLEY,1.19,983.63,6.83,33.74907698
2020/05/21,ARUNACHAL PRADESH,DIBANG VALLEY,1.17,1065.18,6.43,28.00576074
2020/05/21,ARUNACHAL PRADESH,PAPUM PARE,0.11,662.01,1.16,34.2676518
2020/05/21,ARUNACHAL PRADESH,LOWER SUBANSIRI,0.46,472.69,5.05,37.28613136
2020/05/21,ARUNACHAL PRADESH,WEST KAMENG,0.99,891.08,8.18,33.11248416
2020/05/21,ARUNACHAL PRADESH,EAST SIANG,0.02,667.51,0.14,34.85662237
2020/05/21,ARUNACHAL PRADESH,UPPER SIANG,0.79,1127.13,4.3,32.46844203
2020/05/21,ARUNACHAL PRADESH,LOHIT,0.59,645.79,3.18,32.41134289
2020/05/21,ARUNACHAL PRADESH,ANJAW,0.99,1009.7,5.49,30.28483738
2020/05/21,ARUNACHAL PRADESH,WEST SIANG,0.04,1453.74,0.23,35.74438779
2020/05/20,ARUNACHAL PRADESH,UPPER SUBANSIRI,0.18,1193.5,1.77,36.31444887
2020/05/20,ARUNACHAL PRADESH,TIRAP,0.18,397.16,1.8,38.29609956
2020/05/20,ARUNACHAL PRADESH,KURUNG KUMEY,0.2,1327.13,1.25,38.21334441
2020/05/20,ARUNACHAL PRADESH,EAST KAMENG,0.36,1042.85,2.64,33.9830948
2020/05/20,ARUNACHAL PRADESH,CHANGLANG,0.39,897.62,2.33,34.85119969
2020/05/20,ARUNACHAL PRADESH,TAWANG,0.21,321.22,2.12,26.64301745
2020/05/20,ARUNACHAL PRADESH,LOWER DIBANG VALLEY,0.82,932.37,4.71,31.99016575
2020/05/20,ARUNACHAL PRADESH,DIBANG VALLEY,0.44,973.03,2.41,25.58310469
2020/05/20,ARUNACHAL PRADESH,PAPUM PARE,0.22,685.38,1.96,35.47722616
2020/05/20,ARUNACHAL PRADESH,LOWER SUBANSIRI,0.59,493.05,6.07,38.8923307
2020/05/20,ARUNACHAL PRADESH,WEST KAMENG,0.93,886.69,8.11,32.9495618
2020/05/20,ARUNACHAL PRADESH,EAST SIANG,0.14,679.44,0.97,35.47976672
2020/05/20,ARUNACHAL PRADESH,UPPER SIANG,0.25,1043.54,1.39,30.06061592
2020/05/20,ARUNACHAL PRADESH,LOHIT,0.45,630.06,2.37,31.62179598
2020/05/20,ARUNACHAL PRADESH,ANJAW,0.43,933.24,2.42,27.99163347
2020/05/20,ARUNACHAL PRADESH,WEST SIANG,0.15,1438.96,0.9,35.38104335
2020/05/19,ARUNACHAL PRADESH,KURUNG KUMEY,0,0,0,0
2020/05/19,ARUNACHAL PRADESH,EAST KAMENG,0,0,0,0
2020/05/19,ARUNACHAL PRADESH,TAWANG,0,0,0,0
2020/05/18,ARUNACHAL PRADESH,KURUNG KUMEY,0,0,0,0
2020/05/18,ARUNACHAL PRADESH,EAST KAMENG,0,0,0,0
2020/05/18,ARUNACHAL PRADESH,TAWANG,0,0,0,0
2020/05/17,ARUNACHAL PRADESH,UPPER SUBANSIRI,0.17,1144.85,1.57,34.83411788
2020/05/17,ARUNACHAL PRADESH,TIRAP,0.05,378.47,0.76,36.49465247
2020/05/17,ARUNACHAL PRADESH,KURUNG KUMEY,0.06,1193.41,0.37,34.36301781
2020/05/17,ARUNACHAL PRADESH,EAST KAMENG,0.02,951.6,0.3,31.00959009
2020/05/17,ARUNACHAL PRADESH,CHANGLANG,0.46,901.49,2.78,35.00175088
2020/05/17,ARUNACHAL PRADESH,TAWANG,0.19,295.62,1.92,24.51945592
2020/05/17,ARUNACHAL PRADESH,LOWER DIBANG VALLEY,0.52,887.13,3.01,30.43793748
2020/05/17,ARUNACHAL PRADESH,DIBANG VALLEY,0.46,959.06,2.53,25.21555293
2020/05/17,ARUNACHAL PRADESH,PAPUM PARE,0.08,619.01,0.89,32.04143935
2020/05/17,ARUNACHAL PRADESH,LOWER SUBANSIRI,0.4,450.07,4.5,35.50150339
2020/05/17,ARUNACHAL PRADESH,WEST KAMENG,0.29,786.5,3.13,29.22626893
2020/05/17,ARUNACHAL PRADESH,EAST SIANG,0,628.66,0.03,32.8281612
2020/05/17,ARUNACHAL PRADESH,UPPER SIANG,0.32,1042.95,1.74,30.04357035
2020/05/17,ARUNACHAL PRADESH,LOHIT,0.58,641.12,3.17,32.17691831
2020/05/17,ARUNACHAL PRADESH,ANJAW,0.5,945.4,2.77,28.35625329
2020/05/17,ARUNACHAL PRADESH,WEST SIANG,0.13,1457.77,0.75,35.84350855
2020/05/16,ARUNACHAL PRADESH,UPPER SUBANSIRI,0.13,1134.38,1.34,34.51550357
2020/05/16,ARUNACHAL PRADESH,TIRAP,0.38,415.12,3.3,40.02793917
2020/05/16,ARUNACHAL PRADESH,KURUNG KUMEY,0.07,1204.34,0.44,34.67766003
2020/05/16,ARUNACHAL PRADESH,EAST KAMENG,0.02,915.66,0.3,29.83842595
2020/05/16,ARUNACHAL PRADESH,CHANGLANG,0.94,952.88,5.81,36.99677539
2020/05/16,ARUNACHAL PRADESH,TAWANG,0.06,259.1,0.59,21.49014554
2020/05/16,ARUNACHAL PRADESH,LOWER DIBANG VALLEY,0.52,904.61,3.05,31.0375855
2020/05/16,ARUNACHAL PRADESH,DIBANG VALLEY,0.37,931.13,2.04,24.48143874
2020/05/16,ARUNACHAL PRADESH,PAPUM PARE,0.13,623.19,1.26,32.25801525
2020/05/16,ARUNACHAL PRADESH,LOWER SUBANSIRI,0.55,476.55,5.79,37.59023599
2020/05/16,ARUNACHAL PRADESH,WEST KAMENG,0.25,748.73,2.88,27.82299535
2020/05/16,ARUNACHAL PRADESH,EAST SIANG,0.01,635.77,0.05,33.19894716
2020/05/16,ARUNACHAL PRADESH,UPPER SIANG,0.17,983.49,0.93,28.33074373
2020/05/16,ARUNACHAL PRADESH,LOHIT,0.81,672.47,4.53,33.75023393
2020/05/16,ARUNACHAL PRADESH,ANJAW,0.56,943.04,3.08,28.28562876
2020/05/16,ARUNACHAL PRADESH,WEST SIANG,0.01,1321,0.08,32.48073103
2020/05/15,ARUNACHAL PRADESH,UPPER SUBANSIRI,0.05,1073.47,0.59,32.66231296
2020/05/15,ARUNACHAL PRADESH,TIRAP,0.31,413.51,2.5,39.87270225
2020/05/15,ARUNACHAL PRADESH,KURUNG KUMEY,0.04,1167.26,0.23,33.60989865
2020/05/15,ARUNACHAL PRADESH,EAST KAMENG,0.1,925.14,0.79,30.14731426
2020/05/15,ARUNACHAL PRADESH,CHANGLANG,0.53,914.49,3.13,35.50627383
2020/05/15,ARUNACHAL PRADESH,TAWANG,0.04,253.83,0.44,21.0531681
2020/05/15,ARUNACHAL PRADESH,LOWER DIBANG VALLEY,0.68,927.38,3.95,31.81908259
2020/05/15,ARUNACHAL PRADESH,DIBANG VALLEY,0.45,961.47,2.46,25.27893447
2020/05/15,ARUNACHAL PRADESH,PAPUM PARE,0.07,615.19,0.83,31.84386336
2020/05/15,ARUNACHAL PRADESH,LOWER SUBANSIRI,0.28,435.55,3.37,34.35656351
2020/05/15,ARUNACHAL PRADESH,WEST KAMENG,0.38,781.02,3.89,29.02283412
2020/05/15,ARUNACHAL PRADESH,EAST SIANG,0.01,637.17,0.05,33.27236562
2020/05/15,ARUNACHAL PRADESH,UPPER SIANG,0.2,996.6,1.11,28.70834173
2020/05/15,ARUNACHAL PRADESH,LOHIT,0.64,660.58,3.48,33.15325542
2020/05/15,ARUNACHAL PRADESH,ANJAW,0.52,940.18,2.91,28.19973475
2020/05/15,ARUNACHAL PRADESH,WEST SIANG,0.01,1304.52,0.07,32.07534991
2020/05/14,ARUNACHAL PRADESH,UPPER SUBANSIRI,0.07,1089.83,0.8,33.16022317
2020/05/14,ARUNACHAL PRADESH,TIRAP,0.03,377.2,0.49,36.37220835
2020/05/14,ARUNACHAL PRADESH,KURUNG KUMEY,0.04,1190.44,0.25,34.27743884
2020/05/14,ARUNACHAL PRADESH,EAST KAMENG,0.01,923.93,0.24,30.10792558
2020/05/14,ARUNACHAL PRADESH,CHANGLANG,0.36,889.86,2.19,34.549954
2020/05/14,ARUNACHAL PRADESH,TAWANG,0.05,248.16,0.47,20.58276288
2020/05/14,ARUNACHAL PRADESH,LOWER DIBANG VALLEY,0.65,923.4,3.75,31.68260892
2020/05/14,ARUNACHAL PRADESH,DIBANG VALLEY,0.45,947.15,2.47,24.90245305
2020/05/14,ARUNACHAL PRADESH,PAPUM PARE,0.07,625.53,0.83,32.37932487
2020/05/14,ARUNACHAL PRADESH,LOWER SUBANSIRI,0.33,445.34,3.91,35.12863694
2020/05/14,ARUNACHAL PRADESH,WEST KAMENG,0.25,746.74,2.8,27.74880326
2020/05/14,ARUNACHAL PRADESH,EAST SIANG,0.01,651.38,0.07,34.01426994
2020/05/14,ARUNACHAL PRADESH,UPPER SIANG,0.22,977.83,1.19,28.16757085
2020/05/14,ARUNACHAL PRADESH,LOHIT,0.51,643.53,2.69,32.29750438
2020/05/14,ARUNACHAL PRADESH,ANJAW,0.41,922.3,2.27,27.66351941
2020/05/14,ARUNACHAL PRADESH,WEST SIANG,0.01,1313.7,0.05,32.3012718
2020/05/13,ARUNACHAL PRADESH,UPPER SUBANSIRI,0.1,1111.77,1.07,33.82757405
2020/05/13,ARUNACHAL PRADESH,TIRAP,0.52,417.54,4.36,40.26151817
2020/05/13,ARUNACHAL PRADESH,KURUNG KUMEY,0.11,1259.29,0.73,36.25985552
2020/05/13,ARUNACHAL PRADESH,EAST KAMENG,0.03,960.62,0.43,31.30347203
2020/05/13,ARUNACHAL PRADESH,CHANGLANG,1.41,988.05,8.89,38.36248145
2020/05/13,ARUNACHAL PRADESH,TAWANG,0.05,249.17,0.49,20.66686632
2020/05/13,ARUNACHAL PRADESH,LOWER DIBANG VALLEY,1.5,1008.59,8.84,34.60538209
2020/05/13,ARUNACHAL PRADESH,DIBANG VALLEY,0.78,986.44,4.29,25.93547276
2020/05/13,ARUNACHAL PRADESH,PAPUM PARE,0.2,661.05,2.14,34.21755344
2020/05/13,ARUNACHAL PRADESH,LOWER SUBANSIRI,0.45,478.42,4.91,37.7377871
2020/05/13,ARUNACHAL PRADESH,WEST KAMENG,0.31,774.44,3.31,28.77827581
2020/05/13,ARUNACHAL PRADESH,EAST SIANG,0.39,695.1,2.29,36.29716939
2020/05/13,ARUNACHAL PRADESH,UPPER SIANG,0.26,1001.36,1.42,28.84558187
2020/05/13,ARUNACHAL PRADESH,LOHIT,0.91,688.51,5.13,34.55504523
2020/05/13,ARUNACHAL PRADESH,ANJAW,0.67,965.44,3.74,28.95730816
2020/05/13,ARUNACHAL PRADESH,WEST SIANG,0,1328.39,0.05,32.66245333
2020/05/12,ARUNACHAL PRADESH,UPPER SUBANSIRI,0.16,1173.52,1.53,35.70664091
2020/05/12,ARUNACHAL PRADESH,TIRAP,0.01,347.87,0.1,33.54359403
2020/05/12,ARUNACHAL PRADESH,KURUNG KUMEY,0.03,1211.14,0.19,34.8733558
2020/05/12,ARUNACHAL PRADESH,EAST KAMENG,0.15,961.08,1.17,31.31850264
2020/05/12,ARUNACHAL PRADESH,CHANGLANG,0.33,845.1,1.94,32.81215471
2020/05/12,ARUNACHAL PRADESH,TAWANG,0.07,261.09,0.64,21.65572347
2020/05/12,ARUNACHAL PRADESH,LOWER DIBANG VALLEY,0.41,896.1,2.36,30.74567115
2020/05/12,ARUNACHAL PRADESH,DIBANG VALLEY,0.51,980.29,2.81,25.77381324
2020/05/12,ARUNACHAL PRADESH,PAPUM PARE,0.44,665.71,3.35,34.45909979
2020/05/12,ARUNACHAL PRADESH,LOWER SUBANSIRI,0.64,480.58,6.67,37.90824106
2020/05/12,ARUNACHAL PRADESH,WEST KAMENG,0.15,733.86,1.67,27.27014927
2020/05/12,ARUNACHAL PRADESH,EAST SIANG,0.03,669.65,0.18,34.96841594
2020/05/12,ARUNACHAL PRADESH,UPPER SIANG,1.01,1157.37,5.54,33.33949025
2020/05/12,ARUNACHAL PRADESH,LOHIT,0.19,587.23,0.95,29.47220202
2020/05/12,ARUNACHAL PRADESH,ANJAW,0.28,895.56,1.57,26.86152037
2020/05/12,ARUNACHAL PRADESH,WEST SIANG,0.23,1486.04,1.29,36.53874873
2020/05/11,ARUNACHAL PRADESH,UPPER SUBANSIRI,0.06,1094.73,0.64,33.30932372
2020/05/11,ARUNACHAL PRADESH,TIRAP,0,346.74,0,33.43469967
2020/05/11,ARUNACHAL PRADESH,KURUNG KUMEY,0.01,1152.24,0.06,33.17731821
2020/05/11,ARUNACHAL PRADESH,EAST KAMENG,0,854.68,0.08,27.85118191
2020/05/11,ARUNACHAL PRADESH,CHANGLANG,0.22,823.9,1.28,31.98911783
2020/05/11,ARUNACHAL PRADESH,TAWANG,0.05,251.55,0.51,20.8638829
2020/05/11,ARUNACHAL PRADESH,LOWER DIBANG VALLEY,0.99,971.04,5.81,33.31695114
2020/05/11,ARUNACHAL PRADESH,DIBANG VALLEY,0.38,935.79,2.11,24.60387507
2020/05/11,ARUNACHAL PRADESH,PAPUM PARE,0.05,581.52,0.71,30.10119361
2020/05/11,ARUNACHAL PRADESH,LOWER SUBANSIRI,0.18,408.92,2.4,32.25573668
2020/05/11,ARUNACHAL PRADESH,WEST KAMENG,0.12,688.36,1.45,25.57963259
2020/05/11,ARUNACHAL PRADESH,EAST SIANG,0.42,685.84,2.57,35.81401998
2020/05/11,ARUNACHAL PRADESH,UPPER SIANG,0.22,1013.37,1.19,29.19139876
2020/05/11,ARUNACHAL PRADESH,LOHIT,0.24,601.59,1.19,30.19284031
2020/05/11,ARUNACHAL PRADESH,ANJAW,0.39,910.77,2.15,27.31761495
2020/05/11,ARUNACHAL PRADESH,WEST SIANG,0,1320.98,0.02,32.48026635
2020/05/10,ARUNACHAL PRADESH,UPPER SUBANSIRI,0.36,1153.77,2.42,35.10551604
2020/05/10,ARUNACHAL PRADESH,TIRAP,0,341.38,0,32.91746731
2020/05/10,ARUNACHAL PRADESH,KURUNG KUMEY,0.07,1182.53,0.38,34.04968733
2020/05/10,ARUNACHAL PRADESH,EAST KAMENG,0.01,866.59,0.13,28.23947238
2020/05/10,ARUNACHAL PRADESH,CHANGLANG,0.19,821.56,1.06,31.89806347
2020/05/10,ARUNACHAL PRADESH,TAWANG,0.06,254.35,0.53,21.09623187
2020/05/10,ARUNACHAL PRADESH,LOWER DIBANG VALLEY,0.27,857.02,1.6,29.40478257
2020/05/10,ARUNACHAL PRADESH,DIBANG VALLEY,0.29,918.17,1.62,24.14059783
2020/05/10,ARUNACHAL PRADESH,PAPUM PARE,0.06,592.77,0.76,30.68355697
2020/05/10,ARUNACHAL PRADESH,LOWER SUBANSIRI,0.2,414.8,2.58,32.71988966
2020/05/10,ARUNACHAL PRADESH,WEST KAMENG,0.14,700.5,1.76,26.03077795
2020/05/10,ARUNACHAL PRADESH,EAST SIANG,0,605.8,0,31.63403186
2020/05/10,ARUNACHAL PRADESH,UPPER SIANG,0.15,991.69,0.81,28.56689314
2020/05/10,ARUNACHAL PRADESH,LOHIT,0.26,606.57,1.27,30.44295342
2020/05/10,ARUNACHAL PRADESH,ANJAW,0.51,925.93,2.84,27.77236663
2020/05/10,ARUNACHAL PRADESH,WEST SIANG,0.02,1332.11,0.14,32.7537403
2020/05/09,ARUNACHAL PRADESH,UPPER SUBANSIRI,0.04,1035.72,0.45,31.51368078
2020/05/09,ARUNACHAL PRADESH,TIRAP,0,349.15,0,33.66696707
2020/05/09,ARUNACHAL PRADESH,KURUNG KUMEY,0,1118.39,0.02,32.20266807
2020/05/09,ARUNACHAL PRADESH,EAST KAMENG,0.01,881.15,0.19,28.71364175
2020/05/09,ARUNACHAL PRADESH,CHANGLANG,0.2,836.52,1.17,32.47892509
2020/05/09,ARUNACHAL PRADESH,TAWANG,0.05,252.36,0.5,20.93107834
2020/05/09,ARUNACHAL PRADESH,LOWER DIBANG VALLEY,0.19,867.33,1.1,29.75854133
2020/05/09,ARUNACHAL PRADESH,DIBANG VALLEY,0.16,889.14,0.91,23.37742227
2020/05/09,ARUNACHAL PRADESH,PAPUM PARE,0.07,606.03,0.82,31.36968885
2020/05/09,ARUNACHAL PRADESH,LOWER SUBANSIRI,0.22,421.94,2.83,33.28277971
2020/05/09,ARUNACHAL PRADESH,WEST KAMENG,0.16,708.37,1.94,26.32324063
2020/05/09,ARUNACHAL PRADESH,EAST SIANG,0,622.77,0,32.52008124
2020/05/09,ARUNACHAL PRADESH,UPPER SIANG,0.13,992.21,0.7,28.58179154
2020/05/09,ARUNACHAL PRADESH,LOHIT,0.3,623.06,1.49,31.27059854
2020/05/09,ARUNACHAL PRADESH,ANJAW,0.33,904.5,1.81,27.12964687
2020/05/09,ARUNACHAL PRADESH,WEST SIANG,0,1337.5,0.04,32.88633595
2020/05/08,ARUNACHAL PRADESH,UPPER SUBANSIRI,0.05,1046.16,0.53,31.83142024
2020/05/08,ARUNACHAL PRADESH,TIRAP,0,359.47,0,34.66216177
2020/05/08,ARUNACHAL PRADESH,KURUNG KUMEY,0,1127.87,0.02,32.47573768
2020/05/08,ARUNACHAL PRADESH,EAST KAMENG,0.01,896.66,0.25,29.21927808
2020/05/08,ARUNACHAL PRADESH,CHANGLANG,0.24,860.36,1.39,33.40478081
2020/05/08,ARUNACHAL PRADESH,TAWANG,0.05,253.76,0.52,21.04761242
2020/05/08,ARUNACHAL PRADESH,LOWER DIBANG VALLEY,0.65,920.29,3.97,31.57587622
2020/05/08,ARUNACHAL PRADESH,DIBANG VALLEY,0.22,875.97,1.19,23.0311931
2020/05/08,ARUNACHAL PRADESH,PAPUM PARE,0.1,625.83,1.02,32.39466795
2020/05/08,ARUNACHAL PRADESH,LOWER SUBANSIRI,0.27,432.34,3.28,34.10285182
2020/05/08,ARUNACHAL PRADESH,WEST KAMENG,0.17,716.26,2.06,26.61611043
2020/05/08,ARUNACHAL PRADESH,EAST SIANG,0.08,659.56,0.5,34.44129223
2020/05/08,ARUNACHAL PRADESH,UPPER SIANG,0.16,999.02,0.89,28.77810946
2020/05/08,ARUNACHAL PRADESH,LOHIT,0.44,652.81,2.31,32.7634684
2020/05/08,ARUNACHAL PRADESH,ANJAW,0.29,902.57,1.6,27.07165671
2020/05/08,ARUNACHAL PRADESH,WEST SIANG,0.01,1379.12,0.08,33.9097705
2020/05/07,ARUNACHAL PRADESH,UPPER SUBANSIRI,0.04,1043.47,0.45,31.74943721
2020/05/07,ARUNACHAL PRADESH,TIRAP,0,372.58,0.01,35.92592016
2020/05/07,ARUNACHAL PRADESH,KURUNG KUMEY,0,1113.77,0.03,32.06968629
2020/05/07,ARUNACHAL PRADESH,EAST KAMENG,0.01,900.52,0.15,29.34508557
2020/05/07,ARUNACHAL PRADESH,CHANGLANG,0.36,885.42,2.06,34.37761689
2020/05/07,ARUNACHAL PRADESH,TAWANG,0.06,258.57,0.56,21.44627324
2020/05/07,ARUNACHAL PRADESH,LOWER DIBANG VALLEY,0.35,869.77,2.01,29.84233903
2020/05/07,ARUNACHAL PRADESH,DIBANG VALLEY,0.14,854.92,0.76,22.47773096
2020/05/07,ARUNACHAL PRADESH,PAPUM PARE,0.14,607.61,1.32,31.45180439
2020/05/07,ARUNACHAL PRADESH,LOWER SUBANSIRI,0.3,432.1,3.49,34.08435085
2020/05/07,ARUNACHAL PRADESH,WEST KAMENG,0.18,728.07,2.21,27.05516013
2020/05/07,ARUNACHAL PRADESH,EAST SIANG,0,600.63,0,31.36423326
2020/05/07,ARUNACHAL PRADESH,UPPER SIANG,0.08,949.84,0.46,27.36135324
2020/05/07,ARUNACHAL PRADESH,LOHIT,1.15,705.63,6.63,35.41434858
2020/05/07,ARUNACHAL PRADESH,ANJAW,0.53,949.41,2.95,28.47660254
2020/05/07,ARUNACHAL PRADESH,WEST SIANG,0,1306.87,0.04,32.13320776
2020/05/06,ARUNACHAL PRADESH,UPPER SUBANSIRI,0.04,1046.96,0.43,31.85567452
2020/05/06,ARUNACHAL PRADESH,TIRAP,0.23,404.64,1.48,39.01749514
2020/05/06,ARUNACHAL PRADESH,KURUNG KUMEY,0,1115.76,0.01,32.12692021
2020/05/06,ARUNACHAL PRADESH,EAST KAMENG,0.06,924.26,0.57,30.11866593
2020/05/06,ARUNACHAL PRADESH,CHANGLANG,0.47,904.88,2.69,35.13337732
2020/05/06,ARUNACHAL PRADESH,TAWANG,0.06,265.03,0.59,21.98213646
2020/05/06,ARUNACHAL PRADESH,LOWER DIBANG VALLEY,0.18,841.32,1.04,28.8661334
2020/05/06,ARUNACHAL PRADESH,DIBANG VALLEY,0.16,866.45,0.89,22.78078098
2020/05/06,ARUNACHAL PRADESH,PAPUM PARE,0.04,573.04,0.55,29.66206494
2020/05/06,ARUNACHAL PRADESH,LOWER SUBANSIRI,0.18,411.05,2.47,32.42353216
2020/05/06,ARUNACHAL PRADESH,WEST KAMENG,0.2,742.56,2.38,27.59341263
2020/05/06,ARUNACHAL PRADESH,EAST SIANG,0,595.36,0,31.08902516
2020/05/06,ARUNACHAL PRADESH,UPPER SIANG,0.1,953.57,0.52,27.46882949
2020/05/06,ARUNACHAL PRADESH,LOHIT,1.02,702.16,6.08,35.24014924
2020/05/06,ARUNACHAL PRADESH,ANJAW,1.17,1007.36,6.53,30.21474405
2020/05/06,ARUNACHAL PRADESH,WEST SIANG,0,1289.67,0.04,31.71026467
2020/05/05,ARUNACHAL PRADESH,UPPER SUBANSIRI,0.04,1041.06,0.44,31.67633448
2020/05/05,ARUNACHAL PRADESH,TIRAP,0,370.85,0,35.75958786
2020/05/05,ARUNACHAL PRADESH,KURUNG KUMEY,0,1116.01,0.01,32.13432107
2020/05/05,ARUNACHAL PRADESH,EAST KAMENG,0.01,920.1,0.24,29.9831473
2020/05/05,ARUNACHAL PRADESH,CHANGLANG,0.17,872.48,0.97,33.87541836
2020/05/05,ARUNACHAL PRADESH,TAWANG,0.06,259.83,0.58,21.55107752
2020/05/05,ARUNACHAL PRADESH,LOWER DIBANG VALLEY,0.21,850.99,1.27,29.19812567
2020/05/05,ARUNACHAL PRADESH,DIBANG VALLEY,0.21,880.83,1.13,23.15879402
2020/05/05,ARUNACHAL PRADESH,PAPUM PARE,0.04,574.67,0.59,29.74672316
2020/05/05,ARUNACHAL PRADESH,LOWER SUBANSIRI,0.17,408.6,2.35,32.23021795
2020/05/05,ARUNACHAL PRADESH,WEST KAMENG,0.22,751.5,2.58,27.92585352
2020/05/05,ARUNACHAL PRADESH,EAST SIANG,0,600.73,0,31.36942623
2020/05/05,ARUNACHAL PRADESH,UPPER SIANG,0.12,958.44,0.68,27.6091813
2020/05/05,ARUNACHAL PRADESH,LOHIT,0.15,594.9,0.7,29.85718235
2020/05/05,ARUNACHAL PRADESH,ANJAW,0.18,892.65,1.02,26.77414654
2020/05/05,ARUNACHAL PRADESH,WEST SIANG,0,1282.11,0,31.5245607
2020/05/04,ARUNACHAL PRADESH,UPPER SUBANSIRI,0.05,1053.77,0.51,32.06284595
2020/05/04,ARUNACHAL PRADESH,TIRAP,0.1,400.15,0.74,38.58452116
2020/05/04,ARUNACHAL PRADESH,KURUNG KUMEY,0,1124.37,0.03,32.37502688
2020/05/04,ARUNACHAL PRADESH,EAST KAMENG,0.03,956.6,0.35,31.17234375
2020/05/04,ARUNACHAL PRADESH,CHANGLANG,0.7,936.08,4.37,36.34475456
2020/05/04,ARUNACHAL PRADESH,TAWANG,0.07,266.3,0.63,22.08769697
2020/05/04,ARUNACHAL PRADESH,LOWER DIBANG VALLEY,0.31,887.13,1.79,30.43802989
2020/05/04,ARUNACHAL PRADESH,DIBANG VALLEY,0.26,900.14,1.43,23.66652685
2020/05/04,ARUNACHAL PRADESH,PAPUM PARE,0.05,587.65,0.62,30.41859752
2020/05/04,ARUNACHAL PRADESH,LOWER SUBANSIRI,0.18,414.08,2.48,32.66288463
2020/05/04,ARUNACHAL PRADESH,WEST KAMENG,0.24,772.74,2.79,28.71507161
2020/05/04,ARUNACHAL PRADESH,EAST SIANG,0,610.74,0.01,31.89201565
2020/05/04,ARUNACHAL PRADESH,UPPER SIANG,0.16,970.78,0.9,27.96459289
2020/05/04,ARUNACHAL PRADESH,LOHIT,0.18,613.12,0.88,30.77165132
2020/05/04,ARUNACHAL PRADESH,ANJAW,0.37,937.12,2.06,28.10797948
2020/05/04,ARUNACHAL PRADESH,WEST SIANG,0,1292.62,0.01,31.78277684
2020/05/03,ARUNACHAL PRADESH,UPPER SUBANSIRI,0.06,1062.82,0.62,32.33833131
2020/05/03,ARUNACHAL PRADESH,TIRAP,0,363.77,0,35.07688699
2020/05/03,ARUNACHAL PRADESH,KURUNG KUMEY,0.01,1124.5,0.05,32.37863966
2020/05/03,ARUNACHAL PRADESH,EAST KAMENG,0.01,925.88,0.23,30.17147497
2020/05/03,ARUNACHAL PRADESH,CHANGLANG,0.15,823.23,0.85,31.96319128
2020/05/03,ARUNACHAL PRADESH,TAWANG,0.07,270.74,0.66,22.45565189
2020/05/03,ARUNACHAL PRADESH,LOWER DIBANG VALLEY,0.95,960.71,5.57,32.96266714
2020/05/03,ARUNACHAL PRADESH,DIBANG VALLEY,0.29,922.24,1.59,24.247605
2020/05/03,ARUNACHAL PRADESH,PAPUM PARE,0.04,567.16,0.6,29.35764643
2020/05/03,ARUNACHAL PRADESH,LOWER SUBANSIRI,0.17,409.6,2.39,32.30939591
2020/05/03,ARUNACHAL PRADESH,WEST KAMENG,0.25,771.4,2.85,28.66519985
2020/05/03,ARUNACHAL PRADESH,EAST SIANG,0,612.79,0,31.99899346
2020/05/03,ARUNACHAL PRADESH,UPPER SIANG,0.15,983.31,0.82,28.32552525
2020/05/03,ARUNACHAL PRADESH,LOHIT,0.36,634.9,1.95,31.86470877
2020/05/03,ARUNACHAL PRADESH,ANJAW,0.93,980.5,5.12,29.40901265
2020/05/03,ARUNACHAL PRADESH,WEST SIANG,0,1299.04,0.02,31.94075446
2020/05/02,ARUNACHAL PRADESH,UPPER SUBANSIRI,0.07,1075.81,0.73,32.73349332
2020/05/02,ARUNACHAL PRADESH,TIRAP,0,338.02,0,32.59371087
2020/05/02,ARUNACHAL PRADESH,KURUNG KUMEY,0.01,1132.25,0.06,32.6017824
2020/05/02,ARUNACHAL PRADESH,EAST KAMENG,0.06,968.99,0.53,31.5762272
2020/05/02,ARUNACHAL PRADESH,CHANGLANG,0.15,831.49,0.84,32.28390389
2020/05/02,ARUNACHAL PRADESH,TAWANG,0.08,281.42,0.7,23.34183214
2020/05/02,ARUNACHAL PRADESH,LOWER DIBANG VALLEY,0.42,841.16,2.41,28.86065305
2020/05/02,ARUNACHAL PRADESH,DIBANG VALLEY,0.52,954.63,2.85,25.09919745
2020/05/02,ARUNACHAL PRADESH,PAPUM PARE,0.05,577.66,0.62,29.90122064
2020/05/02,ARUNACHAL PRADESH,LOWER SUBANSIRI,0.18,414.02,2.5,32.65818015
2020/05/02,ARUNACHAL PRADESH,WEST KAMENG,0.33,805.85,3.44,29.94561651
2020/05/02,ARUNACHAL PRADESH,EAST SIANG,0,599.86,0,31.32378958
2020/05/02,ARUNACHAL PRADESH,UPPER SIANG,0.18,980.22,0.96,28.23642365
2020/05/02,ARUNACHAL PRADESH,LOHIT,0.15,585.74,0.7,29.39745248
2020/05/02,ARUNACHAL PRADESH,ANJAW,0.44,894.66,2.44,26.83440117
2020/05/02,ARUNACHAL PRADESH,WEST SIANG,0,1312.6,0.03,32.27421196
2020/05/01,ARUNACHAL PRADESH,UPPER SUBANSIRI,0.06,1065.25,0.65,32.41235197
2020/05/01,ARUNACHAL PRADESH,TIRAP,0,342.58,0,33.03355878
2020/05/01,ARUNACHAL PRADESH,KURUNG KUMEY,0.01,1134.96,0.07,32.67999834
2020/05/01,ARUNACHAL PRADESH,EAST KAMENG,0.02,929.47,0.25,30.28827117
2020/05/01,ARUNACHAL PRADESH,CHANGLANG,0.16,837.46,0.86,32.5156137
2020/05/01,ARUNACHAL PRADESH,TAWANG,0.07,266.16,0.66,22.07608348
2020/05/01,ARUNACHAL PRADESH,LOWER DIBANG VALLEY,0.32,844.09,1.83,28.96141685
2020/05/01,ARUNACHAL PRADESH,DIBANG VALLEY,0.35,942.04,1.93,24.7682841
2020/05/01,ARUNACHAL PRADESH,PAPUM PARE,0.05,577.53,0.68,29.89464992
2020/05/01,ARUNACHAL PRADESH,LOWER SUBANSIRI,0.22,419.89,2.85,33.12091466
2020/05/01,ARUNACHAL PRADESH,WEST KAMENG,0.3,789.06,3.26,29.32137379
2020/05/01,ARUNACHAL PRADESH,EAST SIANG,0,609.58,0,31.83139808
2020/05/01,ARUNACHAL PRADESH,UPPER SIANG,0.17,977.41,0.94,28.15540749
2020/05/01,ARUNACHAL PRADESH,LOHIT,0.17,597.22,0.76,29.97368068
2020/05/01,ARUNACHAL PRADESH,ANJAW,0.49,895.71,2.72,26.86596834
2020/05/01,ARUNACHAL PRADESH,WEST SIANG,0,1318.03,0.02,32.40771998
2020/06/28,ARUNACHAL PRADESH,UPPER SUBANSIRI,0.08,1106.65,0.98,33.67190385
2020/06/28,ARUNACHAL PRADESH,TIRAP,0.1,362.59,1.52,34.96304503
2020/06/28,ARUNACHAL PRADESH,KURUNG KUMEY,0.06,1207.43,0.36,34.76666465
2020/06/28,ARUNACHAL PRADESH,EAST KAMENG,0.02,939.81,0.27,30.62545683
2020/06/28,ARUNACHAL PRADESH,CHANGLANG,0.7,877.7,3.87,34.07785204
2020/06/28,ARUNACHAL PRADESH,TAWANG,0.44,304.23,4.28,25.23317598
2020/06/28,ARUNACHAL PRADESH,LOWER DIBANG VALLEY,0.6,912.35,3.62,31.30346665
2020/06/28,ARUNACHAL PRADESH,DIBANG VALLEY,0.29,857.88,1.66,22.55535467
2020/06/28,ARUNACHAL PRADESH,PAPUM PARE,0.06,607.22,0.84,31.43146542
2020/06/28,ARUNACHAL PRADESH,LOWER SUBANSIRI,0.27,424.48,3.27,33.48293832
2020/06/28,ARUNACHAL PRADESH,WEST KAMENG,0.27,764.95,3.05,28.42549817
2020/06/28,ARUNACHAL PRADESH,EAST SIANG,0.13,640.28,0.58,33.43476094
2020/06/28,ARUNACHAL PRADESH,UPPER SIANG,0.07,1010.62,0.38,29.11207655
2020/06/28,ARUNACHAL PRADESH,LOHIT,1.08,665.99,5.58,33.42485119
2020/06/28,ARUNACHAL PRADESH,ANJAW,0.69,970.43,3.8,29.10711529
2020/06/28,ARUNACHAL PRADESH,WEST SIANG,0.02,1378.76,0.12,33.90091545
2020/06/27,ARUNACHAL PRADESH,UPPER SUBANSIRI,0.11,1136.35,1.24,34.5756834
2020/06/27,ARUNACHAL PRADESH,TIRAP,0.11,369.65,1.63,35.64379452
2020/06/27,ARUNACHAL PRADESH,KURUNG KUMEY,0.08,1235.46,0.52,35.57366516
2020/06/27,ARUNACHAL PRADESH,EAST KAMENG,0.04,965.59,0.42,31.46536875
2020/06/27,ARUNACHAL PRADESH,CHANGLANG,0.83,902.56,4.62,35.04322036
2020/06/27,ARUNACHAL PRADESH,TAWANG,0.45,309.71,4.38,25.68784295
2020/06/27,ARUNACHAL PRADESH,LOWER DIBANG VALLEY,0.83,951.04,5.03,32.63086379
2020/06/27,ARUNACHAL PRADESH,DIBANG VALLEY,0.27,877.32,1.5,23.06650702
2020/06/27,ARUNACHAL PRADESH,PAPUM PARE,0.09,627.45,1.19,32.47848033
2020/06/27,ARUNACHAL PRADESH,LOWER SUBANSIRI,0.31,433.9,3.69,34.22629504
2020/06/27,ARUNACHAL PRADESH,WEST KAMENG,0.31,785.78,3.39,29.19966511
2020/06/27,ARUNACHAL PRADESH,EAST SIANG,0.23,659.63,1.14,34.44493282
2020/06/27,ARUNACHAL PRADESH,UPPER SIANG,0.09,1035.01,0.51,29.81489255
2020/06/27,ARUNACHAL PRADESH,LOHIT,1.45,695.44,7.74,34.90315075
2020/06/27,ARUNACHAL PRADESH,ANJAW,0.86,1006.42,4.77,30.1865425
2020/06/27,ARUNACHAL PRADESH,WEST SIANG,0.03,1399.24,0.16,34.40455012
2020/06/26,ARUNACHAL PRADESH,UPPER SUBANSIRI,0.09,1138.56,1,34.64273957
2020/06/26,ARUNACHAL PRADESH,TIRAP,0.12,378.51,1.79,36.49786614
2020/06/26,ARUNACHAL PRADESH,KURUNG KUMEY,0.12,1244.96,0.74,35.84722492
2020/06/26,ARUNACHAL PRADESH,EAST KAMENG,0.43,1036.72,3.25,33.78321084
2020/06/26,ARUNACHAL PRADESH,CHANGLANG,0.96,932.51,5.37,36.2060608
2020/06/26,ARUNACHAL PRADESH,TAWANG,0.45,314.82,4.39,26.11178681
2020/06/26,ARUNACHAL PRADESH,LOWER DIBANG VALLEY,1.28,1005.32,7.7,34.49334634
2020/06/26,ARUNACHAL PRADESH,DIBANG VALLEY,0.29,899.55,1.61,23.65114768
2020/06/26,ARUNACHAL PRADESH,PAPUM PARE,0.32,666.99,3.45,34.52536653
2020/06/26,ARUNACHAL PRADESH,LOWER SUBANSIRI,0.33,440.5,3.84,34.74721904
2020/06/26,ARUNACHAL PRADESH,WEST KAMENG,0.63,833.17,6.04,30.9608315
2020/06/26,ARUNACHAL PRADESH,EAST SIANG,0.45,678.27,2.4,35.41840028
2020/06/26,ARUNACHAL PRADESH,UPPER SIANG,0.11,1048.82,0.62,30.21267318
2020/06/26,ARUNACHAL PRADESH,LOHIT,1.89,729.27,10.35,36.600908
2020/06/26,ARUNACHAL PRADESH,ANJAW,1.19,1058.72,6.62,31.75529304
2020/06/26,ARUNACHAL PRADESH,WEST SIANG,0.03,1413.11,0.17,34.74555473
2020/06/25,ARUNACHAL PRADESH,UPPER SUBANSIRI,0.11,1156.99,1.25,35.20362408
2020/06/25,ARUNACHAL PRADESH,TIRAP,0.13,387.77,1.94,37.39110271
2020/06/25,ARUNACHAL PRADESH,KURUNG KUMEY,0.1,1262.83,0.62,36.36176894
2020/06/25,ARUNACHAL PRADESH,EAST KAMENG,0.16,998.95,1.31,32.55248791
2020/06/25,ARUNACHAL PRADESH,CHANGLANG,1.39,984.8,8.01,38.23607781
2020/06/25,ARUNACHAL PRADESH,TAWANG,0.44,293.75,4.3,24.36416165
2020/06/25,ARUNACHAL PRADESH,LOWER DIBANG VALLEY,0.77,934.87,4.64,32.07612502
2020/06/25,ARUNACHAL PRADESH,DIBANG VALLEY,0.27,900.12,1.54,23.66593798
2020/06/25,ARUNACHAL PRADESH,PAPUM PARE,0.07,625.32,0.84,32.36805781
2020/06/25,ARUNACHAL PRADESH,LOWER SUBANSIRI,0.37,438.67,4.23,34.60215753
2020/06/25,ARUNACHAL PRADESH,WEST KAMENG,0.38,789.48,4.02,29.33726598
2020/06/25,ARUNACHAL PRADESH,EAST SIANG,0.22,664.4,1.04,34.69413329
2020/06/25,ARUNACHAL PRADESH,UPPER SIANG,0.1,1009.39,0.56,29.07685073
2020/06/25,ARUNACHAL PRADESH,LOHIT,2.21,739.59,12.18,37.11858103
2020/06/25,ARUNACHAL PRADESH,ANJAW,1.27,1065.17,7.08,31.94860115
2020/06/25,ARUNACHAL PRADESH,WEST SIANG,0.02,1410.74,0.14,34.68707528
2020/06/24,ARUNACHAL PRADESH,UPPER SUBANSIRI,0.38,1241.8,2.95,37.78421715
2020/06/24,ARUNACHAL PRADESH,TIRAP,0.24,404.3,2.6,38.98471177
2020/06/24,ARUNACHAL PRADESH,KURUNG KUMEY,0.46,1353.47,2.7,38.97156357
2020/06/24,ARUNACHAL PRADESH,EAST KAMENG,0.53,1035.15,3.31,33.73200462
2020/06/24,ARUNACHAL PRADESH,CHANGLANG,1.78,1018.62,10.52,39.54923842
2020/06/24,ARUNACHAL PRADESH,TAWANG,0.41,283.48,4.01,23.51231607
2020/06/24,ARUNACHAL PRADESH,LOWER DIBANG VALLEY,1.05,971.17,6.39,33.32158696
2020/06/24,ARUNACHAL PRADESH,DIBANG VALLEY,0.34,898.21,1.94,23.61572124
2020/06/24,ARUNACHAL PRADESH,PAPUM PARE,0.06,616.08,0.82,31.89010121
2020/06/24,ARUNACHAL PRADESH,LOWER SUBANSIRI,0.5,457.2,5.34,36.06454096
2020/06/24,ARUNACHAL PRADESH,WEST KAMENG,0.25,754.97,2.7,28.05486451
2020/06/24,ARUNACHAL PRADESH,EAST SIANG,0.35,687.46,1.71,35.89854694
2020/06/24,ARUNACHAL PRADESH,UPPER SIANG,0.13,1024.7,0.73,29.51770357
2020/06/24,ARUNACHAL PRADESH,LOHIT,2.53,762.92,14.08,38.28990926
2020/06/24,ARUNACHAL PRADESH,ANJAW,1.12,1037.83,6.23,31.12851431
2020/06/24,ARUNACHAL PRADESH,WEST SIANG,0.04,1437.01,0.23,35.33314012
2020/06/23,ARUNACHAL PRADESH,UPPER SUBANSIRI,0.1,1078.55,1.09,32.81694305
2020/06/23,ARUNACHAL PRADESH,TIRAP,0.14,396.6,1.96,38.24252451
2020/06/23,ARUNACHAL PRADESH,KURUNG KUMEY,0.4,1249.78,2.28,35.98605288
2020/06/23,ARUNACHAL PRADESH,EAST KAMENG,0.03,890.58,0.14,29.02112049
2020/06/23,ARUNACHAL PRADESH,CHANGLANG,1.42,999.31,8.64,38.79948235
2020/06/23,ARUNACHAL PRADESH,TAWANG,0.43,286.08,4.12,23.72789193
2020/06/23,ARUNACHAL PRADESH,LOWER DIBANG VALLEY,1.62,1024.93,9.76,35.16602733
2020/06/23,ARUNACHAL PRADESH,DIBANG VALLEY,0.6,941.54,3.33,24.75493445
2020/06/23,ARUNACHAL PRADESH,PAPUM PARE,0.06,613.53,0.79,31.75796643
2020/06/23,ARUNACHAL PRADESH,LOWER SUBANSIRI,0.26,428.71,3.14,33.81705669
2020/06/23,ARUNACHAL PRADESH,WEST KAMENG,0.22,737.79,2.59,27.4164867
2020/06/23,ARUNACHAL PRADESH,EAST SIANG,1.1,753.22,6.25,39.33223025
2020/06/23,ARUNACHAL PRADESH,UPPER SIANG,0.39,1075.61,2.14,30.98443098
2020/06/23,ARUNACHAL PRADESH,LOHIT,2.35,762.44,13.3,38.26542061
2020/06/23,ARUNACHAL PRADESH,ANJAW,1.47,1058.44,8.18,31.74678153
2020/06/23,ARUNACHAL PRADESH,WEST SIANG,0.05,1456.23,0.32,35.80559711
2020/06/22,ARUNACHAL PRADESH,UPPER SUBANSIRI,0.03,1021.66,0.34,31.08601643
2020/06/22,ARUNACHAL PRADESH,TIRAP,0.13,401.75,1.91,38.73894444
2020/06/22,ARUNACHAL PRADESH,KURUNG KUMEY,0.05,1151.69,0.29,33.16167688
2020/06/22,ARUNACHAL PRADESH,EAST KAMENG,0.02,888.72,0.09,28.96037306
2020/06/22,ARUNACHAL PRADESH,CHANGLANG,0.34,874.92,1.98,33.96981619
2020/06/22,ARUNACHAL PRADESH,TAWANG,0.45,291.45,4.32,24.17361277
2020/06/22,ARUNACHAL PRADESH,LOWER DIBANG VALLEY,0.26,846.98,1.51,29.0604362
2020/06/22,ARUNACHAL PRADESH,DIBANG VALLEY,0.31,814.83,1.76,21.42360968
2020/06/22,ARUNACHAL PRADESH,PAPUM PARE,0.07,615.01,0.85,31.83458614
2020/06/22,ARUNACHAL PRADESH,LOWER SUBANSIRI,0.29,437.16,3.44,34.48318944
2020/06/22,ARUNACHAL PRADESH,WEST KAMENG,0.25,754.68,2.86,28.04411264
2020/06/22,ARUNACHAL PRADESH,EAST SIANG,0.18,667.3,1.05,34.84556553
2020/06/22,ARUNACHAL PRADESH,UPPER SIANG,0.09,993.68,0.49,28.62407151
2020/06/22,ARUNACHAL PRADESH,LOHIT,0.32,600.88,1.59,30.15725613
2020/06/22,ARUNACHAL PRADESH,ANJAW,0.28,871.89,1.58,26.15132655
2020/06/22,ARUNACHAL PRADESH,WEST SIANG,0.05,1400.27,0.29,34.42967816
2020/06/21,ARUNACHAL PRADESH,UPPER SUBANSIRI,0.04,1021.02,0.4,31.06653491
2020/06/21,ARUNACHAL PRADESH,TIRAP,0.12,385.42,1.78,37.16402978
2020/06/21,ARUNACHAL PRADESH,KURUNG KUMEY,0.05,1152.41,0.32,33.18225674
2020/06/21,ARUNACHAL PRADESH,EAST KAMENG,0.01,904.44,0.12,29.47263126
2020/06/21,ARUNACHAL PRADESH,CHANGLANG,0.37,887.56,2.23,34.4608473
2020/06/21,ARUNACHAL PRADESH,TAWANG,0.47,296.01,4.44,24.55166936
2020/06/21,ARUNACHAL PRADESH,LOWER DIBANG VALLEY,0.26,837.31,1.47,28.72864295
2020/06/21,ARUNACHAL PRADESH,DIBANG VALLEY,0.3,821.7,1.7,21.60413928
2020/06/21,ARUNACHAL PRADESH,PAPUM PARE,0.1,638.04,1.15,33.02666955
2020/06/21,ARUNACHAL PRADESH,LOWER SUBANSIRI,0.38,454.16,4.19,35.82423154
2020/06/21,ARUNACHAL PRADESH,WEST KAMENG,0.32,780.65,3.47,29.00915253
2020/06/21,ARUNACHAL PRADESH,EAST SIANG,0.18,665.89,1.19,34.77209117
2020/06/21,ARUNACHAL PRADESH,UPPER SIANG,0.1,999.93,0.54,28.80431214
2020/06/21,ARUNACHAL PRADESH,LOHIT,0.36,603.04,1.85,30.26563158
2020/06/21,ARUNACHAL PRADESH,ANJAW,0.35,891.78,1.99,26.74799899
2020/06/21,ARUNACHAL PRADESH,WEST SIANG,0.13,1436.89,0.79,35.33018467
2020/06/20,ARUNACHAL PRADESH,UPPER SUBANSIRI,0.04,1023.84,0.42,31.15226962
2020/06/20,ARUNACHAL PRADESH,TIRAP,0.55,423.5,4.96,40.83677213
2020/06/20,ARUNACHAL PRADESH,KURUNG KUMEY,0.06,1155.65,0.34,33.27575679
2020/06/20,ARUNACHAL PRADESH,EAST KAMENG,0,898.17,0.01,29.2682614
2020/06/20,ARUNACHAL PRADESH,CHANGLANG,0.58,913.86,3.54,35.4818772
2020/06/20,ARUNACHAL PRADESH,TAWANG,0.47,300.36,4.48,24.91290409
2020/06/20,ARUNACHAL PRADESH,LOWER DIBANG VALLEY,0.26,848.39,1.51,29.108859
2020/06/20,ARUNACHAL PRADESH,DIBANG VALLEY,0.34,833.34,1.9,21.91011885
2020/06/20,ARUNACHAL PRADESH,PAPUM PARE,0.16,639,1.75,33.07628722
2020/06/20,ARUNACHAL PRADESH,LOWER SUBANSIRI,0.4,447.73,4.39,35.31680784
2020/06/20,ARUNACHAL PRADESH,WEST KAMENG,0.26,778.27,2.9,28.92062359
2020/06/20,ARUNACHAL PRADESH,EAST SIANG,0.03,639.35,0.1,33.38626939
2020/06/20,ARUNACHAL PRADESH,UPPER SIANG,0.11,1008.01,0.59,29.03691036
2020/06/20,ARUNACHAL PRADESH,LOHIT,0.43,618.06,2.27,31.01918171
2020/06/20,ARUNACHAL PRADESH,ANJAW,0.33,893.88,1.88,26.81103709
2020/06/20,ARUNACHAL PRADESH,WEST SIANG,0.28,1430.5,1.67,35.17305024
2020/06/19,ARUNACHAL PRADESH,UPPER SUBANSIRI,0.05,1033.76,0.54,31.45417347
2020/06/19,ARUNACHAL PRADESH,TIRAP,0.1,381.88,1.48,36.82291712
2020/06/19,ARUNACHAL PRADESH,KURUNG KUMEY,0.05,1151.15,0.29,33.14619863
2020/06/19,ARUNACHAL PRADESH,EAST KAMENG,0.03,924.73,0.24,30.13389886
2020/06/19,ARUNACHAL PRADESH,CHANGLANG,0.46,909.71,2.82,35.32058178
2020/06/19,ARUNACHAL PRADESH,TAWANG,0.46,305.83,4.44,25.36651695
2020/06/19,ARUNACHAL PRADESH,LOWER DIBANG VALLEY,0.29,873.86,1.72,29.98281589
2020/06/19,ARUNACHAL PRADESH,DIBANG VALLEY,0.3,842.43,1.67,22.14920013
2020/06/19,ARUNACHAL PRADESH,PAPUM PARE,0.37,669.98,3.38,34.68014348
2020/06/19,ARUNACHAL PRADESH,LOWER SUBANSIRI,0.56,470.46,5.83,37.10996037
2020/06/19,ARUNACHAL PRADESH,WEST KAMENG,0.31,809.69,3.41,30.0881672
2020/06/19,ARUNACHAL PRADESH,EAST SIANG,0.05,656.36,0.24,34.27420462
2020/06/19,ARUNACHAL PRADESH,UPPER SIANG,0.12,1026.59,0.68,29.57228786
2020/06/19,ARUNACHAL PRADESH,LOHIT,0.53,638,2.88,32.02038749
2020/06/19,ARUNACHAL PRADESH,ANJAW,0.42,915.6,2.36,27.46260522
2020/06/19,ARUNACHAL PRADESH,WEST SIANG,0.19,1449.41,1.16,35.63789279
2020/06/18,ARUNACHAL PRADESH,UPPER SUBANSIRI,0.03,1016.71,0.39,30.93543353
2020/06/18,ARUNACHAL PRADESH,TIRAP,0.17,391.98,1.83,37.7966654
2020/06/18,ARUNACHAL PRADESH,KURUNG KUMEY,0.05,1157.77,0.29,33.33657922
2020/06/18,ARUNACHAL PRADESH,EAST KAMENG,0.02,921.92,0.12,30.04247049
2020/06/18,ARUNACHAL PRADESH,CHANGLANG,0.69,939.07,4.26,36.46056014
2020/06/18,ARUNACHAL PRADESH,TAWANG,0.47,313.56,4.47,26.00765849
2020/06/18,ARUNACHAL PRADESH,LOWER DIBANG VALLEY,0.36,907.83,2.15,31.14820103
2020/06/18,ARUNACHAL PRADESH,DIBANG VALLEY,0.26,851.03,1.46,22.37543932
2020/06/18,ARUNACHAL PRADESH,PAPUM PARE,0.08,627.6,1.07,32.48628894
2020/06/18,ARUNACHAL PRADESH,LOWER SUBANSIRI,0.27,428.14,3.3,33.77194407
2020/06/18,ARUNACHAL PRADESH,WEST KAMENG,0.4,835.3,3.96,31.03985897
2020/06/18,ARUNACHAL PRADESH,EAST SIANG,0.07,669.96,0.3,34.9844748
2020/06/18,ARUNACHAL PRADESH,UPPER SIANG,0.23,1064.06,1.27,30.65170461
2020/06/18,ARUNACHAL PRADESH,LOHIT,0.66,655.47,3.65,32.89708825
2020/06/18,ARUNACHAL PRADESH,ANJAW,0.41,918.57,2.31,27.55154163
2020/06/18,ARUNACHAL PRADESH,WEST SIANG,0.05,1415.27,0.31,34.79855639
2020/06/17,ARUNACHAL PRADESH,UPPER SUBANSIRI,0.04,1027.96,0.42,31.27749899
2020/06/17,ARUNACHAL PRADESH,TIRAP,0.34,409.12,3.19,39.45007902
2020/06/17,ARUNACHAL PRADESH,KURUNG KUMEY,0.05,1167.07,0.33,33.60447736
2020/06/17,ARUNACHAL PRADESH,EAST KAMENG,0.45,980.59,3.21,31.95425914
2020/06/17,ARUNACHAL PRADESH,CHANGLANG,0.41,928.53,2.43,36.05165886
2020/06/17,ARUNACHAL PRADESH,TAWANG,0.47,306.31,4.46,25.40623267
2020/06/17,ARUNACHAL PRADESH,LOWER DIBANG VALLEY,0.23,846.47,1.35,29.04309064
2020/06/17,ARUNACHAL PRADESH,DIBANG VALLEY,0.19,829.01,1.09,21.79631838
2020/06/17,ARUNACHAL PRADESH,PAPUM PARE,0.48,676.07,4.84,34.9953017
2020/06/17,ARUNACHAL PRADESH,LOWER SUBANSIRI,0.38,440.82,4.28,34.77215419
2020/06/17,ARUNACHAL PRADESH,WEST KAMENG,1.31,899.78,10.73,33.43593856
2020/06/17,ARUNACHAL PRADESH,EAST SIANG,0.06,635.59,0.25,33.18970371
2020/06/17,ARUNACHAL PRADESH,UPPER SIANG,0.12,971.84,0.66,27.99509126
2020/06/17,ARUNACHAL PRADESH,LOHIT,0.36,620.38,1.81,31.13568521
2020/06/17,ARUNACHAL PRADESH,ANJAW,0.53,924.06,2.98,27.71621789
2020/06/17,ARUNACHAL PRADESH,WEST SIANG,0.06,1379.14,0.38,33.91033538
2020/06/16,ARUNACHAL PRADESH,UPPER SUBANSIRI,0.03,1013.03,0.37,30.82336255
2020/06/16,ARUNACHAL PRADESH,TIRAP,0.27,400.44,2.27,38.61236001
2020/06/16,ARUNACHAL PRADESH,KURUNG KUMEY,0.04,1109.27,0.23,31.94029934
2020/06/16,ARUNACHAL PRADESH,EAST KAMENG,0.17,937.57,1.16,30.55235572
2020/06/16,ARUNACHAL PRADESH,CHANGLANG,0.2,882.39,1.12,34.26020951
2020/06/16,ARUNACHAL PRADESH,TAWANG,0.41,282.67,4.02,23.44534075
2020/06/16,ARUNACHAL PRADESH,LOWER DIBANG VALLEY,0.26,869.56,1.59,29.83514078
2020/06/16,ARUNACHAL PRADESH,DIBANG VALLEY,0.16,830.83,0.89,21.84420781
2020/06/16,ARUNACHAL PRADESH,PAPUM PARE,0.07,615.33,0.9,31.85101769
2020/06/16,ARUNACHAL PRADESH,LOWER SUBANSIRI,0.14,404,1.85,31.86779123
2020/06/16,ARUNACHAL PRADESH,WEST KAMENG,0.18,722.69,2.16,26.85527617
2020/06/16,ARUNACHAL PRADESH,EAST SIANG,0.11,655.2,0.48,34.21383367
2020/06/16,ARUNACHAL PRADESH,UPPER SIANG,0.12,982.64,0.67,28.3061907
2020/06/16,ARUNACHAL PRADESH,LOHIT,0.21,586.41,0.92,29.43086195
2020/06/16,ARUNACHAL PRADESH,ANJAW,0.25,851.42,1.4,25.53737012
2020/06/16,ARUNACHAL PRADESH,WEST SIANG,0.05,1376.35,0.31,33.84171106
2020/06/15,ARUNACHAL PRADESH,UPPER SUBANSIRI,0.04,999.47,0.41,30.41060882
2020/06/15,ARUNACHAL PRADESH,TIRAP,0.67,426.66,5.46,41.1408126
2020/06/15,ARUNACHAL PRADESH,KURUNG KUMEY,0.05,1133,0.28,32.62334309
2020/06/15,ARUNACHAL PRADESH,EAST KAMENG,0.32,950.72,2.26,30.98087554
2020/06/15,ARUNACHAL PRADESH,CHANGLANG,0.56,922.27,3.3,35.80829624
2020/06/15,ARUNACHAL PRADESH,TAWANG,0.42,281.77,4.07,23.37057915
2020/06/15,ARUNACHAL PRADESH,LOWER DIBANG VALLEY,0.35,876.79,2.11,30.0830779
2020/06/15,ARUNACHAL PRADESH,DIBANG VALLEY,0.32,902.52,1.79,23.72916296
2020/06/15,ARUNACHAL PRADESH,PAPUM PARE,0.41,651.7,4.1,33.73358487
2020/06/15,ARUNACHAL PRADESH,LOWER SUBANSIRI,0.09,390.84,1.18,30.8294421
2020/06/15,ARUNACHAL PRADESH,WEST KAMENG,0.25,725.06,2.85,26.94323687
2020/06/15,ARUNACHAL PRADESH,EAST SIANG,0.63,687.26,3.47,35.88782806
2020/06/15,ARUNACHAL PRADESH,UPPER SIANG,0.38,1068.6,2.08,30.7823431
2020/06/15,ARUNACHAL PRADESH,LOHIT,0.25,577.25,1.22,28.97142914
2020/06/15,ARUNACHAL PRADESH,ANJAW,0.23,850.82,1.31,25.51949947
2020/06/15,ARUNACHAL PRADESH,WEST SIANG,0.21,1409.27,1.27,34.65111248
2020/06/14,ARUNACHAL PRADESH,UPPER SUBANSIRI,0.02,996.32,0.25,30.31489304
2020/06/14,ARUNACHAL PRADESH,TIRAP,0.01,365.4,0.1,35.23444994
2020/06/14,ARUNACHAL PRADESH,KURUNG KUMEY,0.06,1104.19,0.31,31.79396758
2020/06/14,ARUNACHAL PRADESH,EAST KAMENG,0.01,885.95,0.04,28.87025956
2020/06/14,ARUNACHAL PRADESH,CHANGLANG,0.09,822.89,0.43,31.95004693
2020/06/14,ARUNACHAL PRADESH,TAWANG,0.42,285.07,4.06,23.64398813
2020/06/14,ARUNACHAL PRADESH,LOWER DIBANG VALLEY,0.3,833.1,1.79,28.58409255
2020/06/14,ARUNACHAL PRADESH,DIBANG VALLEY,0.18,837.71,1.03,22.02512497
2020/06/14,ARUNACHAL PRADESH,PAPUM PARE,0.04,591.36,0.59,30.61055094
2020/06/14,ARUNACHAL PRADESH,LOWER SUBANSIRI,0.08,386.43,1.17,30.48191397
2020/06/14,ARUNACHAL PRADESH,WEST KAMENG,0.19,719.33,2.28,26.73029386
2020/06/14,ARUNACHAL PRADESH,EAST SIANG,1.01,701.37,5.91,36.6246909
2020/06/14,ARUNACHAL PRADESH,UPPER SIANG,0.13,961.76,0.71,27.70480612
2020/06/14,ARUNACHAL PRADESH,LOHIT,0.2,575.75,0.85,28.89601232
2020/06/14,ARUNACHAL PRADESH,ANJAW,0.27,854.26,1.52,25.62254545
2020/06/14,ARUNACHAL PRADESH,WEST SIANG,0.18,1377.18,1.18,33.86194182
2020/06/13,ARUNACHAL PRADESH,UPPER SUBANSIRI,0.02,983.24,0.27,29.91698313
2020/06/13,ARUNACHAL PRADESH,TIRAP,0.01,365.36,0.13,35.23016402
2020/06/13,ARUNACHAL PRADESH,KURUNG KUMEY,0.06,1105.48,0.36,31.83092658
2020/06/13,ARUNACHAL PRADESH,EAST KAMENG,0.12,908.65,0.88,29.60993634
2020/06/13,ARUNACHAL PRADESH,CHANGLANG,0.12,831.27,0.63,32.27531635
2020/06/13,ARUNACHAL PRADESH,TAWANG,0.4,288.98,3.87,23.96847162
2020/06/13,ARUNACHAL PRADESH,LOWER DIBANG VALLEY,0.17,793.17,0.99,27.21428408
2020/06/13,ARUNACHAL PRADESH,DIBANG VALLEY,0.18,834.68,1.01,21.94549549
2020/06/13,ARUNACHAL PRADESH,PAPUM PARE,0.13,609.75,1.67,31.56223918
2020/06/13,ARUNACHAL PRADESH,LOWER SUBANSIRI,0.09,389.69,1.37,30.73875125
2020/06/13,ARUNACHAL PRADESH,WEST KAMENG,0.23,732.59,2.62,27.22317647
2020/06/13,ARUNACHAL PRADESH,EAST SIANG,0.01,556.39,0.03,29.05427778
2020/06/13,ARUNACHAL PRADESH,UPPER SIANG,0.17,955.7,0.93,27.53026355
2020/06/13,ARUNACHAL PRADESH,LOHIT,0.2,555.05,0.93,27.85686326
2020/06/13,ARUNACHAL PRADESH,ANJAW,0.26,851.5,1.44,25.53995307
2020/06/13,ARUNACHAL PRADESH,WEST SIANG,0.09,1316.39,0.52,32.36741419
2020/06/12,ARUNACHAL PRADESH,UPPER SUBANSIRI,0.02,988.58,0.27,30.07951581
2020/06/12,ARUNACHAL PRADESH,TIRAP,0.07,377.68,0.66,36.41857412
2020/06/12,ARUNACHAL PRADESH,KURUNG KUMEY,0.02,1074.79,0.1,30.9473235
2020/06/12,ARUNACHAL PRADESH,EAST KAMENG,0.14,914.16,0.92,29.78950753
2020/06/12,ARUNACHAL PRADESH,CHANGLANG,0.17,843.19,0.97,32.73800994
2020/06/12,ARUNACHAL PRADESH,TAWANG,0.37,285.08,3.57,23.645057
2020/06/12,ARUNACHAL PRADESH,LOWER DIBANG VALLEY,0.18,807.11,1.09,27.69247716
2020/06/12,ARUNACHAL PRADESH,DIBANG VALLEY,0.22,844.33,1.23,22.19924179
2020/06/12,ARUNACHAL PRADESH,PAPUM PARE,0.03,589.61,0.47,30.51995327
2020/06/12,ARUNACHAL PRADESH,LOWER SUBANSIRI,0.09,388.88,1.42,30.67517973
2020/06/12,ARUNACHAL PRADESH,WEST KAMENG,0.34,741.89,3.66,27.56865068
2020/06/12,ARUNACHAL PRADESH,EAST SIANG,0.01,563.29,0.03,29.41453515
2020/06/12,ARUNACHAL PRADESH,UPPER SIANG,0.17,959.2,0.94,27.63092572
2020/06/12,ARUNACHAL PRADESH,LOHIT,0.26,570.94,1.24,28.65431513
2020/06/12,ARUNACHAL PRADESH,ANJAW,0.32,869.22,1.78,26.07147981
2020/06/12,ARUNACHAL PRADESH,WEST SIANG,0.07,1321.02,0.44,32.48115251
2020/06/11,ARUNACHAL PRADESH,UPPER SUBANSIRI,0.02,978.89,0.28,29.78459062
2020/06/11,ARUNACHAL PRADESH,TIRAP,0.18,389.66,1.28,37.57361484
2020/06/11,ARUNACHAL PRADESH,KURUNG KUMEY,0.02,1078.14,0.08,31.04372579
2020/06/11,ARUNACHAL PRADESH,EAST KAMENG,0.01,843.52,0.06,27.48762737
2020/06/11,ARUNACHAL PRADESH,CHANGLANG,0.24,842.68,1.43,32.71810728
2020/06/11,ARUNACHAL PRADESH,TAWANG,0.37,288.98,3.51,23.96864725
2020/06/11,ARUNACHAL PRADESH,LOWER DIBANG VALLEY,0.22,826.39,1.3,28.35391956
2020/06/11,ARUNACHAL PRADESH,DIBANG VALLEY,0.23,856.97,1.3,22.53153405
2020/06/11,ARUNACHAL PRADESH,PAPUM PARE,0.04,584.16,0.56,30.23785928
2020/06/11,ARUNACHAL PRADESH,LOWER SUBANSIRI,0.11,392.32,1.58,30.94607216
2020/06/11,ARUNACHAL PRADESH,WEST KAMENG,0.17,705.58,2.08,26.21942099
2020/06/11,ARUNACHAL PRADESH,EAST SIANG,0.01,567.88,0.03,29.65408023
2020/06/11,ARUNACHAL PRADESH,UPPER SIANG,0.17,968.36,0.95,27.89478881
2020/06/11,ARUNACHAL PRADESH,LOHIT,0.3,576.88,1.5,28.95263435
2020/06/11,ARUNACHAL PRADESH,ANJAW,0.36,887.56,2.03,26.6213093
2020/06/11,ARUNACHAL PRADESH,WEST SIANG,0.07,1323.04,0.43,32.53072301
2020/06/10,ARUNACHAL PRADESH,UPPER SUBANSIRI,0.04,991.76,0.43,30.17604583
2020/06/10,ARUNACHAL PRADESH,TIRAP,0.44,404.4,3.54,38.99506838
2020/06/10,ARUNACHAL PRADESH,KURUNG KUMEY,0.01,1087.38,0.07,31.30990862
2020/06/10,ARUNACHAL PRADESH,EAST KAMENG,0.02,891.6,0.13,29.05436584
2020/06/10,ARUNACHAL PRADESH,CHANGLANG,0.46,885.05,2.87,34.36338319
2020/06/10,ARUNACHAL PRADESH,TAWANG,0.38,288.45,3.53,23.92457566
2020/06/10,ARUNACHAL PRADESH,LOWER DIBANG VALLEY,0.2,825.01,1.18,28.30645728
2020/06/10,ARUNACHAL PRADESH,DIBANG VALLEY,0.23,882.88,1.28,23.21261809
2020/06/10,ARUNACHAL PRADESH,PAPUM PARE,0.14,625.83,1.45,32.39493206
2020/06/10,ARUNACHAL PRADESH,LOWER SUBANSIRI,0.14,393.26,2.01,31.02036677
2020/06/10,ARUNACHAL PRADESH,WEST KAMENG,0.25,740.86,2.8,27.53043243
2020/06/10,ARUNACHAL PRADESH,EAST SIANG,0.01,569.6,0.03,29.74386628
2020/06/10,ARUNACHAL PRADESH,UPPER SIANG,0.13,954.9,0.7,27.50703713
2020/06/10,ARUNACHAL PRADESH,LOHIT,0.65,633.11,3.55,31.77465048
2020/06/10,ARUNACHAL PRADESH,ANJAW,0.21,867.85,1.16,26.03033013
2020/06/10,ARUNACHAL PRADESH,WEST SIANG,0.06,1300.46,0.34,31.97575449
2020/06/09,ARUNACHAL PRADESH,UPPER SUBANSIRI,0.02,986.72,0.28,30.02276476
2020/06/09,ARUNACHAL PRADESH,TIRAP,0,347.86,0,33.54275445
2020/06/09,ARUNACHAL PRADESH,KURUNG KUMEY,0.01,1092.99,0.03,31.47145847
2020/06/09,ARUNACHAL PRADESH,EAST KAMENG,0.03,864.48,0.19,28.17046877
2020/06/09,ARUNACHAL PRADESH,CHANGLANG,0.18,824.16,1.07,31.99898407
2020/06/09,ARUNACHAL PRADESH,TAWANG,0.38,292.53,3.54,24.26313513
2020/06/09,ARUNACHAL PRADESH,LOWER DIBANG VALLEY,0.21,819.59,1.26,28.12073077
2020/06/09,ARUNACHAL PRADESH,DIBANG VALLEY,0.28,880.74,1.57,23.15636187
2020/06/09,ARUNACHAL PRADESH,PAPUM PARE,0.04,566.61,0.57,29.32905719
2020/06/09,ARUNACHAL PRADESH,LOWER SUBANSIRI,0.12,389.09,1.84,30.69185245
2020/06/09,ARUNACHAL PRADESH,WEST KAMENG,0.22,722.26,2.5,26.83923603
2020/06/09,ARUNACHAL PRADESH,EAST SIANG,0.01,576.29,0.03,30.09321725
2020/06/09,ARUNACHAL PRADESH,UPPER SIANG,0.14,938.29,0.78,27.02860551
2020/06/09,ARUNACHAL PRADESH,LOHIT,0.37,588.48,1.84,29.53500646
2020/06/09,ARUNACHAL PRADESH,ANJAW,0.3,874.27,1.67,26.2226789
2020/06/09,ARUNACHAL PRADESH,WEST SIANG,0.06,1287.56,0.34,31.65847589
2020/06/08,ARUNACHAL PRADESH,UPPER SUBANSIRI,0.02,1000.1,0.28,30.42984456
2020/06/08,ARUNACHAL PRADESH,TIRAP,0,346.52,0,33.41320634
2020/06/08,ARUNACHAL PRADESH,KURUNG KUMEY,0,1099.86,0,31.66931363
2020/06/08,ARUNACHAL PRADESH,EAST KAMENG,0.02,866.25,0.14,28.22825508
2020/06/08,ARUNACHAL PRADESH,CHANGLANG,0.25,842.04,1.53,32.69322769
2020/06/08,ARUNACHAL PRADESH,TAWANG,0.36,293.74,3.45,24.36363097
2020/06/08,ARUNACHAL PRADESH,LOWER DIBANG VALLEY,0.3,843.16,1.78,28.92942881
2020/06/08,ARUNACHAL PRADESH,DIBANG VALLEY,0.44,911.94,2.42,23.9768558
2020/06/08,ARUNACHAL PRADESH,PAPUM PARE,0.05,578.01,0.71,29.91939351
2020/06/08,ARUNACHAL PRADESH,LOWER SUBANSIRI,0.14,395.14,2.04,31.16871025
2020/06/08,ARUNACHAL PRADESH,WEST KAMENG,0.25,740.36,2.75,27.51184721
2020/06/08,ARUNACHAL PRADESH,EAST SIANG,0.01,588.46,0.04,30.72881742
2020/06/08,ARUNACHAL PRADESH,UPPER SIANG,0.22,949,1.18,27.33701361
2020/06/08,ARUNACHAL PRADESH,LOHIT,0.48,610.24,2.53,30.62712103
2020/06/08,ARUNACHAL PRADESH,ANJAW,0.35,889.23,1.93,26.67156167
2020/06/08,ARUNACHAL PRADESH,WEST SIANG,0.03,1282.55,0.19,31.53522598
2020/06/07,ARUNACHAL PRADESH,UPPER SUBANSIRI,0.05,1012.55,0.57,30.80875198
2020/06/07,ARUNACHAL PRADESH,TIRAP,0.01,346.06,0.04,33.3689078
2020/06/07,ARUNACHAL PRADESH,KURUNG KUMEY,0,1101.67,0,31.72144769
2020/06/07,ARUNACHAL PRADESH,EAST KAMENG,0.15,903.77,1.08,29.45095267
2020/06/07,ARUNACHAL PRADESH,CHANGLANG,0.34,870.7,2.02,33.80630041
2020/06/07,ARUNACHAL PRADESH,TAWANG,0.39,297.59,3.62,24.68259828
2020/06/07,ARUNACHAL PRADESH,LOWER DIBANG VALLEY,0.37,859.81,2.21,29.50058321
2020/06/07,ARUNACHAL PRADESH,DIBANG VALLEY,0.45,931.78,2.47,24.49853881
2020/06/07,ARUNACHAL PRADESH,PAPUM PARE,0.22,619.38,2.15,32.06097479
2020/06/07,ARUNACHAL PRADESH,LOWER SUBANSIRI,0.17,406.39,2.35,32.05624356
2020/06/07,ARUNACHAL PRADESH,WEST KAMENG,0.28,760.97,3.06,28.27755176
2020/06/07,ARUNACHAL PRADESH,EAST SIANG,0.02,604.51,0.11,31.56694067
2020/06/07,ARUNACHAL PRADESH,UPPER SIANG,0.21,961.29,1.15,27.69107463
2020/06/07,ARUNACHAL PRADESH,LOHIT,0.59,626.75,3.14,31.4553231
2020/06/07,ARUNACHAL PRADESH,ANJAW,0.34,888.4,1.85,26.6465311
2020/06/07,ARUNACHAL PRADESH,WEST SIANG,0.04,1307.95,0.28,32.15978128
2020/06/06,ARUNACHAL PRADESH,UPPER SUBANSIRI,0.02,1012.13,0.31,30.79605078
2020/06/06,ARUNACHAL PRADESH,TIRAP,0,344.32,0,33.20115235
2020/06/06,ARUNACHAL PRADESH,KURUNG KUMEY,0,1107.2,0.01,31.8807068
2020/06/06,ARUNACHAL PRADESH,EAST KAMENG,0.07,889.06,0.51,28.9715994
2020/06/06,ARUNACHAL PRADESH,CHANGLANG,0.43,891.75,2.6,34.62340084
2020/06/06,ARUNACHAL PRADESH,TAWANG,0.32,297.56,3,24.68032949
2020/06/06,ARUNACHAL PRADESH,LOWER DIBANG VALLEY,0.48,879.94,2.83,30.1911741
2020/06/06,ARUNACHAL PRADESH,DIBANG VALLEY,0.49,943.26,2.71,24.8003725
2020/06/06,ARUNACHAL PRADESH,PAPUM PARE,0.1,589.25,1.27,30.50130754
2020/06/06,ARUNACHAL PRADESH,LOWER SUBANSIRI,0.16,401.25,2.27,31.6507426
2020/06/06,ARUNACHAL PRADESH,WEST KAMENG,0.35,789.12,3.72,29.32378128
2020/06/06,ARUNACHAL PRADESH,EAST SIANG,0.02,604.37,0.1,31.55971327
2020/06/06,ARUNACHAL PRADESH,UPPER SIANG,0.22,945.56,1.2,27.23809521
2020/06/06,ARUNACHAL PRADESH,LOHIT,0.75,650.23,4.14,32.63400975
2020/06/06,ARUNACHAL PRADESH,ANJAW,0.4,905.24,2.23,27.15173436
2020/06/06,ARUNACHAL PRADESH,WEST SIANG,0,1282.35,0.03,31.53035071
2020/06/05,ARUNACHAL PRADESH,UPPER SUBANSIRI,0.03,1023.95,0.34,31.1557263
2020/06/05,ARUNACHAL PRADESH,TIRAP,0,343.18,0,33.09129704
2020/06/05,ARUNACHAL PRADESH,KURUNG KUMEY,0,1113.57,0.02,32.0638482
2020/06/05,ARUNACHAL PRADESH,EAST KAMENG,0.04,881.1,0.33,28.71229669
2020/06/05,ARUNACHAL PRADESH,CHANGLANG,0.9,939.72,5.61,36.48592589
2020/06/05,ARUNACHAL PRADESH,TAWANG,0.29,293.42,2.73,24.33725496
2020/06/05,ARUNACHAL PRADESH,LOWER DIBANG VALLEY,0.48,885.87,2.87,30.3948666
2020/06/05,ARUNACHAL PRADESH,DIBANG VALLEY,0.53,958.28,2.95,25.19523772
2020/06/05,ARUNACHAL PRADESH,PAPUM PARE,0.05,582.94,0.67,30.17442048
2020/06/05,ARUNACHAL PRADESH,LOWER SUBANSIRI,0.17,404.04,2.36,31.8706345
2020/06/05,ARUNACHAL PRADESH,WEST KAMENG,0.24,745.28,2.69,27.69475851
2020/06/05,ARUNACHAL PRADESH,EAST SIANG,0.03,610.78,0.13,31.89400833
2020/06/05,ARUNACHAL PRADESH,UPPER SIANG,0.24,956.85,1.3,27.56314322
2020/06/05,ARUNACHAL PRADESH,LOHIT,1.06,679.28,6.05,34.09200784
2020/06/05,ARUNACHAL PRADESH,ANJAW,0.53,930.2,2.93,27.9003883
2020/06/05,ARUNACHAL PRADESH,WEST SIANG,0,1286.99,0.03,31.64447419
2020/06/04,ARUNACHAL PRADESH,UPPER SUBANSIRI,0.04,1035.23,0.4,31.49889788
2020/06/04,ARUNACHAL PRADESH,TIRAP,0,351.48,0,33.89137335
2020/06/04,ARUNACHAL PRADESH,KURUNG KUMEY,0.01,1115.95,0.04,32.13259305
2020/06/04,ARUNACHAL PRADESH,EAST KAMENG,0.01,860.1,0.13,28.02767286
2020/06/04,ARUNACHAL PRADESH,CHANGLANG,0.4,901.34,2.38,34.99597305
2020/06/04,ARUNACHAL PRADESH,TAWANG,0.24,287.64,2.37,23.8575134
2020/06/04,ARUNACHAL PRADESH,LOWER DIBANG VALLEY,0.59,905.62,3.51,31.07250233
2020/06/04,ARUNACHAL PRADESH,DIBANG VALLEY,0.62,987.44,3.4,25.96187656
2020/06/04,ARUNACHAL PRADESH,PAPUM PARE,0.05,585.58,0.7,30.31124291
2020/06/04,ARUNACHAL PRADESH,LOWER SUBANSIRI,0.18,407.35,2.45,32.13178693
2020/06/04,ARUNACHAL PRADESH,WEST KAMENG,0.17,710.55,2.1,26.40403034
2020/06/04,ARUNACHAL PRADESH,EAST SIANG,0.04,621.43,0.16,32.45059358
2020/06/04,ARUNACHAL PRADESH,UPPER SIANG,0.27,968.91,1.48,27.91079114
2020/06/04,ARUNACHAL PRADESH,LOHIT,0.69,644.55,3.74,32.34885862
2020/06/04,ARUNACHAL PRADESH,ANJAW,0.55,941.57,3.03,28.2413021
2020/06/04,ARUNACHAL PRADESH,WEST SIANG,0,1296.27,0.03,31.87270498
2020/06/03,ARUNACHAL PRADESH,UPPER SUBANSIRI,0.04,1033.4,0.43,31.44318793
2020/06/03,ARUNACHAL PRADESH,TIRAP,0.01,362,0.17,34.9064576
2020/06/03,ARUNACHAL PRADESH,KURUNG KUMEY,0.01,1125.23,0.06,32.39972093
2020/06/03,ARUNACHAL PRADESH,EAST KAMENG,0.01,870.58,0.18,28.36922151
2020/06/03,ARUNACHAL PRADESH,CHANGLANG,1,960.67,6.24,37.29946402
2020/06/03,ARUNACHAL PRADESH,TAWANG,0.2,285.22,2.04,23.65695582
2020/06/03,ARUNACHAL PRADESH,LOWER DIBANG VALLEY,1.27,994.86,7.43,34.13438969
2020/06/03,ARUNACHAL PRADESH,DIBANG VALLEY,0.8,1019.39,4.38,26.80185336
2020/06/03,ARUNACHAL PRADESH,PAPUM PARE,0.07,594.43,0.86,30.76924937
2020/06/03,ARUNACHAL PRADESH,LOWER SUBANSIRI,0.22,415.15,2.78,32.74694453
2020/06/03,ARUNACHAL PRADESH,WEST KAMENG,0.19,726.59,2.28,27.00019059
2020/06/03,ARUNACHAL PRADESH,EAST SIANG,0.06,643.98,0.28,33.62814434
2020/06/03,ARUNACHAL PRADESH,UPPER SIANG,0.32,1001.25,1.76,28.84221701
2020/06/03,ARUNACHAL PRADESH,LOHIT,1.45,716.2,8.15,35.94473658
2020/06/03,ARUNACHAL PRADESH,ANJAW,1,995.3,5.59,29.8529323
2020/06/03,ARUNACHAL PRADESH,WEST SIANG,0,1312.7,0.04,32.27661739
2020/06/02,ARUNACHAL PRADESH,UPPER SUBANSIRI,0.04,1035.04,0.46,31.49289141
2020/06/02,ARUNACHAL PRADESH,TIRAP,0,361.28,0.01,34.83670484
2020/06/02,ARUNACHAL PRADESH,KURUNG KUMEY,0.01,1133.54,0.09,32.63893638
2020/06/02,ARUNACHAL PRADESH,EAST KAMENG,0.01,876.22,0.19,28.55300122
2020/06/02,ARUNACHAL PRADESH,CHANGLANG,0.3,867.02,1.81,33.66327281
2020/06/02,ARUNACHAL PRADESH,TAWANG,0.19,285.45,1.98,23.67564217
2020/06/02,ARUNACHAL PRADESH,LOWER DIBANG VALLEY,1.21,982.64,7.02,33.71495363
2020/06/02,ARUNACHAL PRADESH,DIBANG VALLEY,0.7,995.51,3.87,26.17402259
2020/06/02,ARUNACHAL PRADESH,PAPUM PARE,0.07,603.42,0.91,31.23468368
2020/06/02,ARUNACHAL PRADESH,LOWER SUBANSIRI,0.22,416.6,2.84,32.86167805
2020/06/02,ARUNACHAL PRADESH,WEST KAMENG,0.2,722.18,2.35,26.83634176
2020/06/02,ARUNACHAL PRADESH,EAST SIANG,0.1,655.79,0.55,34.24453532
2020/06/02,ARUNACHAL PRADESH,UPPER SIANG,0.28,985.36,1.52,28.38465547
2020/06/02,ARUNACHAL PRADESH,LOHIT,0.65,639.37,3.46,32.08896846
2020/06/02,ARUNACHAL PRADESH,ANJAW,0.59,955.25,3.29,28.6516725
2020/06/02,ARUNACHAL PRADESH,WEST SIANG,0.01,1317.8,0.05,32.40206436
2020/06/01,ARUNACHAL PRADESH,UPPER SUBANSIRI,0.04,1037.62,0.52,31.57156614
2020/06/01,ARUNACHAL PRADESH,TIRAP,0,352.22,0.06,33.96283249
2020/06/01,ARUNACHAL PRADESH,KURUNG KUMEY,0.02,1144.79,0.1,32.96300154
2020/06/01,ARUNACHAL PRADESH,EAST KAMENG,0.01,877.11,0.2,28.58208631
2020/06/01,ARUNACHAL PRADESH,CHANGLANG,0.33,860.63,1.95,33.41513625
2020/06/01,ARUNACHAL PRADESH,TAWANG,0.18,285.49,1.9,23.67899859
2020/06/01,ARUNACHAL PRADESH,LOWER DIBANG VALLEY,0.47,909.6,2.83,31.20892422
2020/06/01,ARUNACHAL PRADESH,DIBANG VALLEY,0.36,941.71,1.98,24.75960772
2020/06/01,ARUNACHAL PRADESH,PAPUM PARE,0.06,604.72,0.8,31.30207829
2020/06/01,ARUNACHAL PRADESH,LOWER SUBANSIRI,0.26,423.98,3.17,33.44336305
2020/06/01,ARUNACHAL PRADESH,WEST KAMENG,0.21,735.47,2.51,27.32997944
2020/06/01,ARUNACHAL PRADESH,EAST SIANG,0.07,661.45,0.36,34.5400477
2020/06/01,ARUNACHAL PRADESH,UPPER SIANG,0.17,959.82,0.92,27.64875463
2020/06/01,ARUNACHAL PRADESH,LOHIT,0.8,659.13,4.24,33.0808758
2020/06/01,ARUNACHAL PRADESH,ANJAW,0.87,988.93,4.84,29.6620279
2020/06/01,ARUNACHAL PRADESH,WEST SIANG,0,1328.58,0.05,32.66701469
2020/07/31,ARUNACHAL PRADESH,UPPER SUBANSIRI,0.2,1143.12,1.64,34.78142379
2020/07/31,ARUNACHAL PRADESH,TIRAP,0.1,378.47,1.51,36.49454989
2020/07/31,ARUNACHAL PRADESH,KURUNG KUMEY,0.61,1291.92,3.45,37.19940213
2020/07/31,ARUNACHAL PRADESH,EAST KAMENG,0.43,1001.54,2.74,32.63682817
2020/07/31,ARUNACHAL PRADESH,CHANGLANG,0.86,882.67,4.51,34.27099005
2020/07/31,ARUNACHAL PRADESH,TAWANG,0.78,337.04,6.34,27.9548722
2020/07/31,ARUNACHAL PRADESH,LOWER DIBANG VALLEY,0.22,832.95,1.28,28.57895585
2020/07/31,ARUNACHAL PRADESH,DIBANG VALLEY,0.45,992.04,2.51,26.08276276
2020/07/31,ARUNACHAL PRADESH,PAPUM PARE,0.06,613.38,0.74,31.75016489
2020/07/31,ARUNACHAL PRADESH,LOWER SUBANSIRI,0.21,426.38,2.79,33.63277669
2020/07/31,ARUNACHAL PRADESH,WEST KAMENG,0.37,773.54,3.47,28.7446796
2020/07/31,ARUNACHAL PRADESH,EAST SIANG,0.2,647.7,0.81,33.82201534
2020/07/31,ARUNACHAL PRADESH,UPPER SIANG,0.52,1135.05,2.84,32.6965849
2020/07/31,ARUNACHAL PRADESH,LOHIT,1.2,640.83,6.11,32.16223311
2020/07/31,ARUNACHAL PRADESH,ANJAW,0.28,928.69,1.58,27.8550413
2020/07/31,ARUNACHAL PRADESH,WEST SIANG,0.14,1453.16,0.8,35.7302485
2020/07/30,ARUNACHAL PRADESH,UPPER SUBANSIRI,0.24,1179.86,1.97,35.89937134
2020/07/30,ARUNACHAL PRADESH,TIRAP,0.13,395.37,1.96,38.12382389
2020/07/30,ARUNACHAL PRADESH,KURUNG KUMEY,0.75,1334.88,4.25,38.43642568
2020/07/30,ARUNACHAL PRADESH,EAST KAMENG,0.47,1018.2,3,33.17963885
2020/07/30,ARUNACHAL PRADESH,CHANGLANG,1.07,912.4,5.76,35.42529444
2020/07/30,ARUNACHAL PRADESH,TAWANG,0.82,346.41,6.56,28.73214943
2020/07/30,ARUNACHAL PRADESH,LOWER DIBANG VALLEY,0.33,864.92,1.95,29.67601321
2020/07/30,ARUNACHAL PRADESH,DIBANG VALLEY,0.52,1025.23,2.88,26.95542728
2020/07/30,ARUNACHAL PRADESH,PAPUM PARE,0.07,631.03,0.81,32.66361443
2020/07/30,ARUNACHAL PRADESH,LOWER SUBANSIRI,0.26,437.37,3.28,34.49987138
2020/07/30,ARUNACHAL PRADESH,WEST KAMENG,0.4,790.13,3.73,29.36116225
2020/07/30,ARUNACHAL PRADESH,EAST SIANG,0.32,672.54,1.4,35.11931175
2020/07/30,ARUNACHAL PRADESH,UPPER SIANG,0.81,1196.81,4.46,34.475567
2020/07/30,ARUNACHAL PRADESH,LOHIT,1.61,675.12,8.64,33.88292923
2020/07/30,ARUNACHAL PRADESH,ANJAW,0.34,950.76,1.89,28.51714145
2020/07/30,ARUNACHAL PRADESH,WEST SIANG,0.24,1502.74,1.34,36.94938864
2020/07/29,ARUNACHAL PRADESH,UPPER SUBANSIRI,0.39,1233.84,2.9,37.54188645
2020/07/29,ARUNACHAL PRADESH,TIRAP,0.22,398.8,2.54,38.45488063
2020/07/29,ARUNACHAL PRADESH,KURUNG KUMEY,0.75,1364.21,4.28,39.280775
2020/07/29,ARUNACHAL PRADESH,EAST KAMENG,0.71,1063.98,4.52,34.67152995
2020/07/29,ARUNACHAL PRADESH,CHANGLANG,1.23,936.83,6.8,36.37372998
2020/07/29,ARUNACHAL PRADESH,TAWANG,0.82,348.8,6.59,28.92985557
2020/07/29,ARUNACHAL PRADESH,LOWER DIBANG VALLEY,0.49,887.93,2.91,30.46546886
2020/07/29,ARUNACHAL PRADESH,DIBANG VALLEY,0.54,1028.32,3.02,27.03679267
2020/07/29,ARUNACHAL PRADESH,PAPUM PARE,0.2,658.84,2.01,34.10328802
2020/07/29,ARUNACHAL PRADESH,LOWER SUBANSIRI,0.31,452.56,3.75,35.69851841
2020/07/29,ARUNACHAL PRADESH,WEST KAMENG,0.42,797.91,3.85,29.65045916
2020/07/29,ARUNACHAL PRADESH,EAST SIANG,0.42,685.43,1.93,35.79213672
2020/07/29,ARUNACHAL PRADESH,UPPER SIANG,0.71,1175.81,3.92,33.87083302
2020/07/29,ARUNACHAL PRADESH,LOHIT,1.95,702.39,10.71,35.25183733
2020/07/29,ARUNACHAL PRADESH,ANJAW,0.43,978.49,2.4,29.34881577
2020/07/29,ARUNACHAL PRADESH,WEST SIANG,0.52,1559.15,2.96,38.33621627
2020/07/28,ARUNACHAL PRADESH,UPPER SUBANSIRI,0.21,1158.08,1.81,35.23673683
2020/07/28,ARUNACHAL PRADESH,TIRAP,0.11,370.6,1.56,35.73511693
2020/07/28,ARUNACHAL PRADESH,KURUNG KUMEY,0.62,1322.53,3.5,38.08076139
2020/07/28,ARUNACHAL PRADESH,EAST KAMENG,0.39,1027.6,2.57,33.48609978
2020/07/28,ARUNACHAL PRADESH,CHANGLANG,0.99,894.16,5.4,34.7168835
2020/07/28,ARUNACHAL PRADESH,TAWANG,0.81,350,6.51,29.03009848
2020/07/28,ARUNACHAL PRADESH,LOWER DIBANG VALLEY,0.76,915.77,4.45,31.42060739
2020/07/28,ARUNACHAL PRADESH,DIBANG VALLEY,0.73,1073.88,4.09,28.23460586
2020/07/28,ARUNACHAL PRADESH,PAPUM PARE,0.06,637.14,0.8,32.98024529
2020/07/28,ARUNACHAL PRADESH,LOWER SUBANSIRI,0.18,424.9,2.43,33.51613876
2020/07/28,ARUNACHAL PRADESH,WEST KAMENG,0.39,804.18,3.74,29.88347921
2020/07/28,ARUNACHAL PRADESH,EAST SIANG,0.98,730.18,5.25,38.12900366
2020/07/28,ARUNACHAL PRADESH,UPPER SIANG,0.54,1178.69,2.95,33.95360945
2020/07/28,ARUNACHAL PRADESH,LOHIT,1.5,673.86,7.9,33.82001994
2020/07/28,ARUNACHAL PRADESH,ANJAW,0.52,998.03,2.91,29.93500863
2020/07/28,ARUNACHAL PRADESH,WEST SIANG,0.11,1485.58,0.65,36.52740864
2020/07/27,ARUNACHAL PRADESH,UPPER SUBANSIRI,0.41,1186.36,3.03,36.09714049
2020/07/27,ARUNACHAL PRADESH,TIRAP,0.04,349.82,0.54,33.73138002
2020/07/27,ARUNACHAL PRADESH,KURUNG KUMEY,1.18,1445.25,6.81,41.61431174
2020/07/27,ARUNACHAL PRADESH,EAST KAMENG,0.93,1103.14,5.75,35.94760926
2020/07/27,ARUNACHAL PRADESH,CHANGLANG,1.1,905.7,6.11,35.16516638
2020/07/27,ARUNACHAL PRADESH,TAWANG,0.83,366.8,6.66,30.42322084
2020/07/27,ARUNACHAL PRADESH,LOWER DIBANG VALLEY,0.72,903.37,4.25,30.99517787
2020/07/27,ARUNACHAL PRADESH,DIBANG VALLEY,0.66,1043.1,3.7,27.42536798
2020/07/27,ARUNACHAL PRADESH,PAPUM PARE,0.09,662.44,0.93,34.28988805
2020/07/27,ARUNACHAL PRADESH,LOWER SUBANSIRI,0.19,436.74,2.53,34.44988948
2020/07/27,ARUNACHAL PRADESH,WEST KAMENG,0.77,847.09,6.15,31.47796721
2020/07/27,ARUNACHAL PRADESH,EAST SIANG,0.22,622.37,1.09,32.49964595
2020/07/27,ARUNACHAL PRADESH,UPPER SIANG,0.25,1049.53,1.35,30.23310664
2020/07/27,ARUNACHAL PRADESH,LOHIT,1.82,698.79,9.9,35.07116834
2020/07/27,ARUNACHAL PRADESH,ANJAW,0.66,1029.27,3.68,30.87189574
2020/07/27,ARUNACHAL PRADESH,WEST SIANG,0.11,1414.23,0.69,34.77308879
2020/07/26,ARUNACHAL PRADESH,UPPER SUBANSIRI,0.06,1074.13,0.65,32.68241468
2020/07/26,ARUNACHAL PRADESH,TIRAP,0.05,357.61,0.73,34.48256948
2020/07/26,ARUNACHAL PRADESH,KURUNG KUMEY,0.15,1200.55,0.86,34.56861609
2020/07/26,ARUNACHAL PRADESH,EAST KAMENG,0.1,885.69,0.61,28.86174816
2020/07/26,ARUNACHAL PRADESH,CHANGLANG,0.9,903.5,4.97,35.07976617
2020/07/26,ARUNACHAL PRADESH,TAWANG,0.52,334.15,4.83,27.71491696
2020/07/26,ARUNACHAL PRADESH,LOWER DIBANG VALLEY,0.5,892.2,3.05,30.61187502
2020/07/26,ARUNACHAL PRADESH,DIBANG VALLEY,0.19,876.21,1.08,23.03734854
2020/07/26,ARUNACHAL PRADESH,PAPUM PARE,0.06,578.01,0.76,29.91948459
2020/07/26,ARUNACHAL PRADESH,LOWER SUBANSIRI,0.18,413.38,2.45,32.60762467
2020/07/26,ARUNACHAL PRADESH,WEST KAMENG,0.23,745.42,2.61,27.6998911
2020/07/26,ARUNACHAL PRADESH,EAST SIANG,0.07,617.41,0.3,32.24067694
2020/07/26,ARUNACHAL PRADESH,UPPER SIANG,0.14,992.11,0.79,28.57894607
2020/07/26,ARUNACHAL PRADESH,LOHIT,1.64,708.33,9.11,35.55006821
2020/07/26,ARUNACHAL PRADESH,ANJAW,0.73,1036.22,4.05,31.08046883
2020/07/26,ARUNACHAL PRADESH,WEST SIANG,0.01,1362.43,0.06,33.49924267
2020/07/25,ARUNACHAL PRADESH,UPPER SUBANSIRI,0.07,1099.76,0.75,33.46222953
2020/07/25,ARUNACHAL PRADESH,TIRAP,0.06,352.75,0.94,34.01450385
2020/07/25,ARUNACHAL PRADESH,KURUNG KUMEY,0.28,1234.28,1.6,35.5396052
2020/07/25,ARUNACHAL PRADESH,EAST KAMENG,0.17,906.33,1.01,29.53442583
2020/07/25,ARUNACHAL PRADESH,CHANGLANG,0.88,912.11,4.96,35.41414062
2020/07/25,ARUNACHAL PRADESH,TAWANG,0.56,352.01,5.09,29.19669568
2020/07/25,ARUNACHAL PRADESH,LOWER DIBANG VALLEY,0.68,917.18,4.2,31.46896857
2020/07/25,ARUNACHAL PRADESH,DIBANG VALLEY,0.2,897.36,1.14,23.59345609
2020/07/25,ARUNACHAL PRADESH,PAPUM PARE,0.06,588.51,0.79,30.46312131
2020/07/25,ARUNACHAL PRADESH,LOWER SUBANSIRI,0.2,419.66,2.62,33.10325758
2020/07/25,ARUNACHAL PRADESH,WEST KAMENG,0.29,766.16,3.06,28.47060111
2020/07/25,ARUNACHAL PRADESH,EAST SIANG,0.09,631.34,0.4,32.9677181
2020/07/25,ARUNACHAL PRADESH,UPPER SIANG,0.19,1011.55,1.04,29.13891615
2020/07/25,ARUNACHAL PRADESH,LOHIT,1.91,737.4,10.86,37.00905697
2020/07/25,ARUNACHAL PRADESH,ANJAW,1.32,1108.06,7.31,33.23498602
2020/07/25,ARUNACHAL PRADESH,WEST SIANG,0.01,1387.34,0.06,34.11180895
2020/07/24,ARUNACHAL PRADESH,UPPER SUBANSIRI,0.05,1071.07,0.58,32.58945057
2020/07/24,ARUNACHAL PRADESH,TIRAP,0.07,358.05,1.11,34.52488627
2020/07/24,ARUNACHAL PRADESH,KURUNG KUMEY,0.09,1172.25,0.51,33.75374722
2020/07/24,ARUNACHAL PRADESH,EAST KAMENG,0.09,884.72,0.54,28.83024893
2020/07/24,ARUNACHAL PRADESH,CHANGLANG,0.69,876.79,3.69,34.04268952
2020/07/24,ARUNACHAL PRADESH,TAWANG,0.46,308.04,4.41,25.54947951
2020/07/24,ARUNACHAL PRADESH,LOWER DIBANG VALLEY,0.85,933.47,5.17,32.02809752
2020/07/24,ARUNACHAL PRADESH,DIBANG VALLEY,0.23,919.65,1.27,24.17941988
2020/07/24,ARUNACHAL PRADESH,PAPUM PARE,0.07,599.89,0.83,31.05195611
2020/07/24,ARUNACHAL PRADESH,LOWER SUBANSIRI,0.22,425.37,2.87,33.55342208
2020/07/24,ARUNACHAL PRADESH,WEST KAMENG,0.24,741.09,2.68,27.53906119
2020/07/24,ARUNACHAL PRADESH,EAST SIANG,0.15,644.48,0.68,33.65418326
2020/07/24,ARUNACHAL PRADESH,UPPER SIANG,0.25,1032.57,1.34,29.74457781
2020/07/24,ARUNACHAL PRADESH,LOHIT,1.16,666.75,6.11,33.46297897
2020/07/24,ARUNACHAL PRADESH,ANJAW,0.37,925.84,2.03,27.76947639
2020/07/24,ARUNACHAL PRADESH,WEST SIANG,0.01,1391.47,0.07,34.2133343
2020/07/23,ARUNACHAL PRADESH,UPPER SUBANSIRI,0.06,1070.38,0.64,32.56826629
2020/07/23,ARUNACHAL PRADESH,TIRAP,0.08,365.23,1.13,35.21786893
2020/07/23,ARUNACHAL PRADESH,KURUNG KUMEY,0.09,1182.4,0.55,34.04596562
2020/07/23,ARUNACHAL PRADESH,EAST KAMENG,0.11,901.41,0.72,29.37408481
2020/07/23,ARUNACHAL PRADESH,CHANGLANG,0.84,898.21,4.61,34.87442115
2020/07/23,ARUNACHAL PRADESH,TAWANG,0.48,315.33,4.54,26.15405592
2020/07/23,ARUNACHAL PRADESH,LOWER DIBANG VALLEY,1.29,981.68,7.93,33.68197819
2020/07/23,ARUNACHAL PRADESH,DIBANG VALLEY,0.27,920.07,1.51,24.19041859
2020/07/23,ARUNACHAL PRADESH,PAPUM PARE,0.08,611.11,0.97,31.63260318
2020/07/23,ARUNACHAL PRADESH,LOWER SUBANSIRI,0.24,430.91,3.02,33.99028107
2020/07/23,ARUNACHAL PRADESH,WEST KAMENG,0.31,762.45,3.28,28.33281071
2020/07/23,ARUNACHAL PRADESH,EAST SIANG,0.29,666.13,1.5,34.7845802
2020/07/23,ARUNACHAL PRADESH,UPPER SIANG,0.29,1056.5,1.6,30.43387296
2020/07/23,ARUNACHAL PRADESH,LOHIT,1.4,691.43,7.59,34.70186989
2020/07/23,ARUNACHAL PRADESH,ANJAW,0.5,952.37,2.76,28.56544266
2020/07/23,ARUNACHAL PRADESH,WEST SIANG,0.01,1383.42,0.08,34.01536137
2020/07/22,ARUNACHAL PRADESH,UPPER SUBANSIRI,0.07,1088.32,0.74,33.11409951
2020/07/22,ARUNACHAL PRADESH,TIRAP,0.05,358.52,0.79,34.57077269
2020/07/22,ARUNACHAL PRADESH,KURUNG KUMEY,0.11,1197.2,0.65,34.47193218
2020/07/22,ARUNACHAL PRADESH,EAST KAMENG,0.11,892.39,0.71,29.07994446
2020/07/22,ARUNACHAL PRADESH,CHANGLANG,0.9,909.34,5.06,35.30641575
2020/07/22,ARUNACHAL PRADESH,TAWANG,0.49,320.6,4.65,26.59126323
2020/07/22,ARUNACHAL PRADESH,LOWER DIBANG VALLEY,0.96,956.38,5.77,32.8140202
2020/07/22,ARUNACHAL PRADESH,DIBANG VALLEY,0.32,948.6,1.79,24.94073054
2020/07/22,ARUNACHAL PRADESH,PAPUM PARE,0.06,592.35,0.74,30.66170052
2020/07/22,ARUNACHAL PRADESH,LOWER SUBANSIRI,0.24,418.46,3,33.00830964
2020/07/22,ARUNACHAL PRADESH,WEST KAMENG,0.19,727.79,2.2,27.04474841
2020/07/22,ARUNACHAL PRADESH,EAST SIANG,0.14,652.06,0.6,34.04967607
2020/07/22,ARUNACHAL PRADESH,UPPER SIANG,0.34,1080.93,1.86,31.13758339
2020/07/22,ARUNACHAL PRADESH,LOHIT,1.43,689.97,7.79,34.62845264
2020/07/22,ARUNACHAL PRADESH,ANJAW,0.61,970.09,3.36,29.09690477
2020/07/22,ARUNACHAL PRADESH,WEST SIANG,0.01,1404.42,0.09,34.53171361
2020/07/21,ARUNACHAL PRADESH,UPPER SUBANSIRI,0.08,1108.91,0.87,33.74079481
2020/07/21,ARUNACHAL PRADESH,TIRAP,0.02,357.25,0.28,34.44799257
2020/07/21,ARUNACHAL PRADESH,KURUNG KUMEY,0.14,1216.53,0.81,35.0286647
2020/07/21,ARUNACHAL PRADESH,EAST KAMENG,0.11,899.16,0.73,29.30073753
2020/07/21,ARUNACHAL PRADESH,CHANGLANG,1.11,932.64,6.3,36.21107744
2020/07/21,ARUNACHAL PRADESH,TAWANG,0.51,325.82,4.76,27.0246504
2020/07/21,ARUNACHAL PRADESH,LOWER DIBANG VALLEY,1.24,990.25,7.44,33.97621601
2020/07/21,ARUNACHAL PRADESH,DIBANG VALLEY,0.36,979.67,2.04,25.75749969
2020/07/21,ARUNACHAL PRADESH,PAPUM PARE,0.06,606.6,0.76,31.39947512
2020/07/21,ARUNACHAL PRADESH,LOWER SUBANSIRI,0.27,425.85,3.26,33.59123948
2020/07/21,ARUNACHAL PRADESH,WEST KAMENG,0.16,723.76,1.87,26.89493436
2020/07/21,ARUNACHAL PRADESH,EAST SIANG,0.24,673.74,1.11,35.18200587
2020/07/21,ARUNACHAL PRADESH,UPPER SIANG,0.39,1112.02,2.11,32.03318753
2020/07/21,ARUNACHAL PRADESH,LOHIT,1.76,716.87,9.79,35.97848948
2020/07/21,ARUNACHAL PRADESH,ANJAW,0.77,1001.16,4.28,30.02873897
2020/07/21,ARUNACHAL PRADESH,WEST SIANG,0.02,1429.67,0.12,35.15255052
2020/07/20,ARUNACHAL PRADESH,UPPER SUBANSIRI,0.09,1130.07,1.02,34.38459327
2020/07/20,ARUNACHAL PRADESH,TIRAP,0.02,356.19,0.25,34.34635592
2020/07/20,ARUNACHAL PRADESH,KURUNG KUMEY,0.15,1238.14,0.87,35.65087916
2020/07/20,ARUNACHAL PRADESH,EAST KAMENG,0.11,909.73,0.74,29.64502099
2020/07/20,ARUNACHAL PRADESH,CHANGLANG,0.96,909.03,5.54,35.29451656
2020/07/20,ARUNACHAL PRADESH,TAWANG,0.52,334.75,4.85,27.76456001
2020/07/20,ARUNACHAL PRADESH,LOWER DIBANG VALLEY,1.63,1031.85,9.71,35.40355602
2020/07/20,ARUNACHAL PRADESH,DIBANG VALLEY,0.52,1022.19,2.9,26.87549498
2020/07/20,ARUNACHAL PRADESH,PAPUM PARE,0.07,622.85,0.87,32.2403336
2020/07/20,ARUNACHAL PRADESH,LOWER SUBANSIRI,0.3,433.96,3.59,34.23096391
2020/07/20,ARUNACHAL PRADESH,WEST KAMENG,0.17,733.62,2.04,27.26151691
2020/07/20,ARUNACHAL PRADESH,EAST SIANG,0.34,693.01,1.66,36.18803572
2020/07/20,ARUNACHAL PRADESH,UPPER SIANG,0.59,1159.44,3.22,33.39910819
2020/07/20,ARUNACHAL PRADESH,LOHIT,1.93,735.82,10.97,36.92981123
2020/07/20,ARUNACHAL PRADESH,ANJAW,0.95,1038.76,5.29,31.15665108
2020/07/20,ARUNACHAL PRADESH,WEST SIANG,0.02,1465.36,0.17,36.03016067
2020/07/19,ARUNACHAL PRADESH,UPPER SUBANSIRI,0.12,1163.68,1.27,35.40719776
2020/07/19,ARUNACHAL PRADESH,TIRAP,0.02,352.34,0.33,33.97440119
2020/07/19,ARUNACHAL PRADESH,KURUNG KUMEY,0.28,1281.75,1.63,36.90641287
2020/07/19,ARUNACHAL PRADESH,EAST KAMENG,0.17,931.14,1.14,30.34288964
2020/07/19,ARUNACHAL PRADESH,CHANGLANG,1.13,945.43,6.58,36.70770225
2020/07/19,ARUNACHAL PRADESH,TAWANG,0.54,347.1,4.98,28.78961821
2020/07/19,ARUNACHAL PRADESH,LOWER DIBANG VALLEY,2.5,1096.67,14.89,37.62737284
2020/07/19,ARUNACHAL PRADESH,DIBANG VALLEY,0.98,1078.65,5.43,28.36006275
2020/07/19,ARUNACHAL PRADESH,PAPUM PARE,0.19,648.4,2,33.56279194
2020/07/19,ARUNACHAL PRADESH,LOWER SUBANSIRI,0.35,445.48,4.1,35.13969815
2020/07/19,ARUNACHAL PRADESH,WEST KAMENG,0.17,739.16,2.02,27.46720379
2020/07/19,ARUNACHAL PRADESH,EAST SIANG,1.28,764.84,7.48,39.93921297
2020/07/19,ARUNACHAL PRADESH,UPPER SIANG,0.95,1222.19,5.18,35.20673895
2020/07/19,ARUNACHAL PRADESH,LOHIT,2.42,769.21,14.02,38.60527689
2020/07/19,ARUNACHAL PRADESH,ANJAW,1.25,1088.92,6.97,32.66112812
2020/07/19,ARUNACHAL PRADESH,WEST SIANG,0.2,1561.52,1.27,38.39460115
2020/07/06,ARUNACHAL PRADESH,UPPER SUBANSIRI,0.07,1090.17,0.88,33.17033792
2020/07/06,ARUNACHAL PRADESH,TIRAP,0.42,411.41,4.56,39.67088207
2020/07/06,ARUNACHAL PRADESH,KURUNG KUMEY,0.06,1194.75,0.37,34.40143785
2020/07/06,ARUNACHAL PRADESH,EAST KAMENG,0.04,925.45,0.36,30.15729456
2020/07/06,ARUNACHAL PRADESH,CHANGLANG,0.8,915.54,4.47,35.54719829
2020/07/06,ARUNACHAL PRADESH,TAWANG,0.41,301.07,4.05,24.97128488
2020/07/06,ARUNACHAL PRADESH,LOWER DIBANG VALLEY,0.39,898.42,2.32,30.8252713
2020/07/06,ARUNACHAL PRADESH,DIBANG VALLEY,0.24,795.5,1.37,20.91521533
2020/07/06,ARUNACHAL PRADESH,PAPUM PARE,0.3,658.42,2.96,34.08155972
2020/07/06,ARUNACHAL PRADESH,LOWER SUBANSIRI,0.47,456.34,5.04,35.99600918
2020/07/06,ARUNACHAL PRADESH,WEST KAMENG,0.22,750.6,2.53,27.89250363
2020/07/06,ARUNACHAL PRADESH,EAST SIANG,0.23,637.13,1.62,33.26995975
2020/07/06,ARUNACHAL PRADESH,UPPER SIANG,0.04,950.95,0.21,27.39329254
2020/07/06,ARUNACHAL PRADESH,LOHIT,1.16,697.53,6.26,35.00812055
2020/07/06,ARUNACHAL PRADESH,ANJAW,0.21,894.4,1.18,26.82652908
2020/07/06,ARUNACHAL PRADESH,WEST SIANG,0.22,1403.74,1.38,34.51495923
2020/07/03,ARUNACHAL PRADESH,UPPER SUBANSIRI,0.09,1134.96,1.01,34.53327496
2020/07/03,ARUNACHAL PRADESH,TIRAP,0.13,385.79,1.98,37.19968885
2020/07/03,ARUNACHAL PRADESH,KURUNG KUMEY,0.1,1257.4,0.61,36.2055415
2020/07/03,ARUNACHAL PRADESH,EAST KAMENG,0.03,938.92,0.33,30.59635126
2020/07/03,ARUNACHAL PRADESH,CHANGLANG,0.31,820.94,1.5,31.87417089
2020/07/03,ARUNACHAL PRADESH,TAWANG,0.43,305.9,4.16,25.37223535
2020/07/03,ARUNACHAL PRADESH,LOWER DIBANG VALLEY,0.28,855.72,1.64,29.36034555
2020/07/03,ARUNACHAL PRADESH,DIBANG VALLEY,0.29,833.36,1.64,21.91073937
2020/07/03,ARUNACHAL PRADESH,PAPUM PARE,0.06,601.37,0.78,31.12854428
2020/07/03,ARUNACHAL PRADESH,LOWER SUBANSIRI,0.32,435.88,3.82,34.38248356
2020/07/03,ARUNACHAL PRADESH,WEST KAMENG,0.18,733.66,2.24,27.26286435
2020/07/03,ARUNACHAL PRADESH,EAST SIANG,0.03,621.27,0.12,32.4419933
2020/07/03,ARUNACHAL PRADESH,UPPER SIANG,0.04,986.16,0.21,28.40756925
2020/07/03,ARUNACHAL PRADESH,LOHIT,0.61,618.55,2.88,31.04417322
2020/07/03,ARUNACHAL PRADESH,ANJAW,0.21,865.65,1.16,25.96433698
2020/07/03,ARUNACHAL PRADESH,WEST SIANG,0.01,1391.56,0.08,34.21561799
2020/07/02,ARUNACHAL PRADESH,UPPER SUBANSIRI,0.24,1194.79,2.01,36.35375378
2020/07/02,ARUNACHAL PRADESH,TIRAP,0.3,415.52,3.54,40.06705392
2020/07/02,ARUNACHAL PRADESH,KURUNG KUMEY,0.32,1336.75,1.88,38.49016796
2020/07/02,ARUNACHAL PRADESH,EAST KAMENG,0.1,975.16,0.8,31.7773868
2020/07/02,ARUNACHAL PRADESH,CHANGLANG,0.39,837.8,1.99,32.52880197
2020/07/02,ARUNACHAL PRADESH,TAWANG,0.44,314.66,4.25,26.09876093
2020/07/02,ARUNACHAL PRADESH,LOWER DIBANG VALLEY,0.36,882.06,2.12,30.26409889
2020/07/02,ARUNACHAL PRADESH,DIBANG VALLEY,0.27,845.01,1.5,22.21701965
2020/07/02,ARUNACHAL PRADESH,PAPUM PARE,0.07,611.12,0.85,31.63324127
2020/07/02,ARUNACHAL PRADESH,LOWER SUBANSIRI,0.39,450.43,4.5,35.53024278
2020/07/02,ARUNACHAL PRADESH,WEST KAMENG,0.2,747.64,2.43,27.78227569
2020/07/02,ARUNACHAL PRADESH,EAST SIANG,0.04,641.47,0.14,33.49705794
2020/07/02,ARUNACHAL PRADESH,UPPER SIANG,0.07,1002.19,0.4,28.86927801
2020/07/02,ARUNACHAL PRADESH,LOHIT,0.88,648.71,4.52,32.55778679
2020/07/02,ARUNACHAL PRADESH,ANJAW,0.23,885.97,1.29,26.57376834
2020/07/02,ARUNACHAL PRADESH,WEST SIANG,0.03,1426.78,0.18,35.08149999
2020/08/31,ARUNACHAL PRADESH,UPPER SUBANSIRI,0.16,1041.9,1.07,31.70172512
2020/08/31,ARUNACHAL PRADESH,TIRAP,0.16,389.23,2.07,37.53143426
2020/08/31,ARUNACHAL PRADESH,KURUNG KUMEY,0.8,1238.02,4.53,35.64737834
2020/08/31,ARUNACHAL PRADESH,EAST KAMENG,0.54,965.92,3.23,31.47631531
2020/08/31,ARUNACHAL PRADESH,CHANGLANG,1.33,941.98,7.46,36.57361768
2020/08/31,ARUNACHAL PRADESH,TAWANG,0.78,349.77,6.35,29.01084458
2020/08/31,ARUNACHAL PRADESH,LOWER DIBANG VALLEY,0.74,925.25,4.23,31.74600369
2020/08/31,ARUNACHAL PRADESH,DIBANG VALLEY,0.8,1142.3,4.48,30.03352072
2020/08/31,ARUNACHAL PRADESH,PAPUM PARE,0.03,543.35,0.49,28.12554185
2020/08/31,ARUNACHAL PRADESH,LOWER SUBANSIRI,0.12,378.97,1.74,29.89300772
2020/08/31,ARUNACHAL PRADESH,WEST KAMENG,0.56,803.1,5.27,29.84341795
2020/08/31,ARUNACHAL PRADESH,EAST SIANG,0.44,628.01,1.99,32.79411297
2020/08/31,ARUNACHAL PRADESH,UPPER SIANG,0.08,1018.34,0.41,29.33449785
2020/08/31,ARUNACHAL PRADESH,LOHIT,2.1,692.05,10.79,34.73278422
2020/08/31,ARUNACHAL PRADESH,ANJAW,0.41,973.22,2.31,29.19083349
2020/08/31,ARUNACHAL PRADESH,WEST SIANG,0.08,1353.63,0.44,33.28292613
2020/08/30,ARUNACHAL PRADESH,UPPER SUBANSIRI,0.15,1046.85,1.01,31.85222593
2020/08/30,ARUNACHAL PRADESH,TIRAP,0.22,401.37,2.74,38.70216781
2020/08/30,ARUNACHAL PRADESH,KURUNG KUMEY,0.64,1210.45,3.6,34.85345339
2020/08/30,ARUNACHAL PRADESH,EAST KAMENG,0.61,987.52,3.83,32.18011318
2020/08/30,ARUNACHAL PRADESH,CHANGLANG,1.38,950.7,7.64,36.91220055
2020/08/30,ARUNACHAL PRADESH,TAWANG,0.75,339.1,6.11,28.12588441
2020/08/30,ARUNACHAL PRADESH,LOWER DIBANG VALLEY,0.5,880.16,2.88,30.19887077
2020/08/30,ARUNACHAL PRADESH,DIBANG VALLEY,0.6,1083.97,3.39,28.49994518
2020/08/30,ARUNACHAL PRADESH,PAPUM PARE,0.04,550.24,0.52,28.48168361
2020/08/30,ARUNACHAL PRADESH,LOWER SUBANSIRI,0.12,382.28,1.84,30.154435
2020/08/30,ARUNACHAL PRADESH,WEST KAMENG,0.69,813.63,6.46,30.23439072
2020/08/30,ARUNACHAL PRADESH,EAST SIANG,0.53,641.11,2.43,33.47803489
2020/08/30,ARUNACHAL PRADESH,UPPER SIANG,0.07,1020.35,0.39,29.3925416
2020/08/30,ARUNACHAL PRADESH,LOHIT,2.25,698.26,11.68,35.04465279
2020/08/30,ARUNACHAL PRADESH,ANJAW,0.42,969.99,2.36,29.09383926
2020/08/30,ARUNACHAL PRADESH,WEST SIANG,0.08,1366.45,0.47,33.59808626
2020/08/29,ARUNACHAL PRADESH,UPPER SUBANSIRI,0.12,1039.15,0.85,31.61813739
2020/08/29,ARUNACHAL PRADESH,TIRAP,0.24,399.26,3.03,38.49937616
2020/08/29,ARUNACHAL PRADESH,KURUNG KUMEY,0.6,1211.6,3.41,34.8866481
2020/08/29,ARUNACHAL PRADESH,EAST KAMENG,0.26,880.89,1.43,28.70518543
2020/08/29,ARUNACHAL PRADESH,CHANGLANG,1.33,932.62,7.38,36.2101232
2020/08/29,ARUNACHAL PRADESH,TAWANG,0.64,320.35,5.48,26.57044406
2020/08/29,ARUNACHAL PRADESH,LOWER DIBANG VALLEY,0.38,869.68,2.17,29.83937889
2020/08/29,ARUNACHAL PRADESH,DIBANG VALLEY,0.9,1131.12,4.98,29.73944154
2020/08/29,ARUNACHAL PRADESH,PAPUM PARE,0.04,541.49,0.56,28.02918334
2020/08/29,ARUNACHAL PRADESH,LOWER SUBANSIRI,0.13,385.74,1.94,30.42758512
2020/08/29,ARUNACHAL PRADESH,WEST KAMENG,0.4,752.43,4.09,27.96045224
2020/08/29,ARUNACHAL PRADESH,EAST SIANG,0.55,660.38,2.52,34.48427065
2020/08/29,ARUNACHAL PRADESH,UPPER SIANG,0.09,1047.55,0.51,30.17591821
2020/08/29,ARUNACHAL PRADESH,LOHIT,2.1,688.29,10.86,34.54423202
2020/08/29,ARUNACHAL PRADESH,ANJAW,0.45,977.9,2.48,29.33112925
2020/08/29,ARUNACHAL PRADESH,WEST SIANG,0.09,1393.89,0.54,34.27288299
2020/08/28,ARUNACHAL PRADESH,UPPER SUBANSIRI,0.12,1036.67,0.88,31.54262158
2020/08/28,ARUNACHAL PRADESH,TIRAP,0.27,405.8,3.41,39.12978194
2020/08/28,ARUNACHAL PRADESH,KURUNG KUMEY,0.56,1210.23,3.18,34.84723249
2020/08/28,ARUNACHAL PRADESH,EAST KAMENG,0.2,873.17,1.11,28.45389015
2020/08/28,ARUNACHAL PRADESH,CHANGLANG,1.34,939.1,7.44,36.4618024
2020/08/28,ARUNACHAL PRADESH,TAWANG,0.59,310.22,5.13,25.73015822
2020/08/28,ARUNACHAL PRADESH,LOWER DIBANG VALLEY,0.39,840.76,2.28,28.84685217
2020/08/28,ARUNACHAL PRADESH,DIBANG VALLEY,0.62,1039.28,3.45,27.324716
2020/08/28,ARUNACHAL PRADESH,PAPUM PARE,0.04,544.91,0.57,28.20621427
2020/08/28,ARUNACHAL PRADESH,LOWER SUBANSIRI,0.13,387.32,2,30.55226617
2020/08/28,ARUNACHAL PRADESH,WEST KAMENG,0.16,706.58,1.77,26.25655962
2020/08/28,ARUNACHAL PRADESH,EAST SIANG,0.75,677.32,3.6,35.36862615
2020/08/28,ARUNACHAL PRADESH,UPPER SIANG,0.06,1028.24,0.31,29.61973037
2020/08/28,ARUNACHAL PRADESH,LOHIT,2.24,694.8,11.68,34.87103597
2020/08/28,ARUNACHAL PRADESH,ANJAW,0.54,1002.69,3.01,30.0746151
2020/08/28,ARUNACHAL PRADESH,WEST SIANG,0.09,1402.26,0.49,34.47878161
2020/08/27,ARUNACHAL PRADESH,UPPER SUBANSIRI,0.14,1040.73,0.94,31.66618764
2020/08/27,ARUNACHAL PRADESH,TIRAP,0.35,418.55,4.06,40.35947404
2020/08/27,ARUNACHAL PRADESH,KURUNG KUMEY,0.65,1229.99,3.68,35.41627051
2020/08/27,ARUNACHAL PRADESH,EAST KAMENG,0.24,872.11,1.33,28.41933865
2020/08/27,ARUNACHAL PRADESH,CHANGLANG,1.44,955.99,8.07,37.11768659
2020/08/27,ARUNACHAL PRADESH,TAWANG,0.65,318.36,5.48,26.40550778
2020/08/27,ARUNACHAL PRADESH,LOWER DIBANG VALLEY,0.2,793.2,1.18,27.2151183
2020/08/27,ARUNACHAL PRADESH,DIBANG VALLEY,0.48,944.15,2.67,24.82367409
2020/08/27,ARUNACHAL PRADESH,PAPUM PARE,0.04,550.52,0.61,28.49658521
2020/08/27,ARUNACHAL PRADESH,LOWER SUBANSIRI,0.14,390.95,2.08,30.8385601
2020/08/27,ARUNACHAL PRADESH,WEST KAMENG,0.19,708.96,1.93,26.34491087
2020/08/27,ARUNACHAL PRADESH,EAST SIANG,0.61,659.13,2.73,34.41902235
2020/08/27,ARUNACHAL PRADESH,UPPER SIANG,0.07,1032.29,0.37,29.73656535
2020/08/27,ARUNACHAL PRADESH,LOHIT,2.27,681.67,11.85,34.21196352
2020/08/27,ARUNACHAL PRADESH,ANJAW,0.61,1019.15,3.43,30.56829588
2020/08/27,ARUNACHAL PRADESH,WEST SIANG,0.1,1410.8,0.55,34.6886604
2020/08/26,ARUNACHAL PRADESH,UPPER SUBANSIRI,0.15,1056.26,1.07,32.13866984
2020/08/26,ARUNACHAL PRADESH,TIRAP,0.53,425.14,5.22,40.99447602
2020/08/26,ARUNACHAL PRADESH,KURUNG KUMEY,0.94,1265.44,5.31,36.43684028
2020/08/26,ARUNACHAL PRADESH,EAST KAMENG,0.28,883.07,1.51,28.77619449
2020/08/26,ARUNACHAL PRADESH,CHANGLANG,1.63,983.7,9.32,38.19354538
2020/08/26,ARUNACHAL PRADESH,TAWANG,0.69,327.1,5.77,27.13045647
2020/08/26,ARUNACHAL PRADESH,LOWER DIBANG VALLEY,0.29,811.56,1.7,27.84498545
2020/08/26,ARUNACHAL PRADESH,DIBANG VALLEY,0.63,977.71,3.53,25.70596537
2020/08/26,ARUNACHAL PRADESH,PAPUM PARE,0.05,557.6,0.65,28.86275425
2020/08/26,ARUNACHAL PRADESH,LOWER SUBANSIRI,0.14,394.85,2.13,31.14622651
2020/08/26,ARUNACHAL PRADESH,WEST KAMENG,0.22,722.33,2.3,26.84179613
2020/08/26,ARUNACHAL PRADESH,EAST SIANG,1.15,695.93,6.19,36.34085605
2020/08/26,ARUNACHAL PRADESH,UPPER SIANG,0.12,1057.38,0.67,30.45917109
2020/08/26,ARUNACHAL PRADESH,LOHIT,2.43,695.43,12.82,34.90273626
2020/08/26,ARUNACHAL PRADESH,ANJAW,0.74,1056.44,4.2,31.68685216
2020/08/26,ARUNACHAL PRADESH,WEST SIANG,0.16,1452.42,0.92,35.71200962
2020/08/25,ARUNACHAL PRADESH,UPPER SUBANSIRI,0.16,1065.55,1.1,32.4214953
2020/08/25,ARUNACHAL PRADESH,TIRAP,0.3,411.34,3.82,39.66383127
2020/08/25,ARUNACHAL PRADESH,KURUNG KUMEY,0.67,1241.5,3.78,35.74747015
2020/08/25,ARUNACHAL PRADESH,EAST KAMENG,0.26,890.45,1.41,29.016805
2020/08/25,ARUNACHAL PRADESH,CHANGLANG,1.42,949.41,8.17,36.86222496
2020/08/25,ARUNACHAL PRADESH,TAWANG,0.71,333.96,5.87,27.69920242
2020/08/25,ARUNACHAL PRADESH,LOWER DIBANG VALLEY,0.19,783.34,1.11,26.87678708
2020/08/25,ARUNACHAL PRADESH,DIBANG VALLEY,0.53,924.59,2.96,24.30925444
2020/08/25,ARUNACHAL PRADESH,PAPUM PARE,0.05,565.81,0.7,29.28772217
2020/08/25,ARUNACHAL PRADESH,LOWER SUBANSIRI,0.15,400.08,2.17,31.55821703
2020/08/25,ARUNACHAL PRADESH,WEST KAMENG,0.26,737.47,2.67,27.40455375
2020/08/25,ARUNACHAL PRADESH,EAST SIANG,0.1,598.7,0.36,31.26320885
2020/08/25,ARUNACHAL PRADESH,UPPER SIANG,0.07,991.75,0.36,28.56876082
2020/08/25,ARUNACHAL PRADESH,LOHIT,1.97,679.06,10.31,34.08110995
2020/08/25,ARUNACHAL PRADESH,ANJAW,0.68,1032.5,3.83,30.96891644
2020/08/25,ARUNACHAL PRADESH,WEST SIANG,0.05,1357.06,0.32,33.36733469
2020/08/24,ARUNACHAL PRADESH,UPPER SUBANSIRI,0.16,1078.47,1.12,32.81431765
2020/08/24,ARUNACHAL PRADESH,TIRAP,0.49,430.79,5.76,41.53917782
2020/08/24,ARUNACHAL PRADESH,KURUNG KUMEY,0.77,1267.28,4.34,36.48984502
2020/08/24,ARUNACHAL PRADESH,EAST KAMENG,0.27,904.7,1.53,29.48132881
2020/08/24,ARUNACHAL PRADESH,CHANGLANG,1.64,967.27,9.58,37.55575512
2020/08/24,ARUNACHAL PRADESH,TAWANG,0.71,343.16,5.87,28.46223975
2020/08/24,ARUNACHAL PRADESH,LOWER DIBANG VALLEY,0.22,790.16,1.24,27.11105777
2020/08/24,ARUNACHAL PRADESH,DIBANG VALLEY,0.56,927.24,3.15,24.3789761
2020/08/24,ARUNACHAL PRADESH,PAPUM PARE,0.06,575.58,0.78,29.79356691
2020/08/24,ARUNACHAL PRADESH,LOWER SUBANSIRI,0.17,406.53,2.38,32.06766035
2020/08/24,ARUNACHAL PRADESH,WEST KAMENG,0.29,754.39,2.96,28.03310752
2020/08/24,ARUNACHAL PRADESH,EAST SIANG,0.12,610.15,0.43,31.86130376
2020/08/24,ARUNACHAL PRADESH,UPPER SIANG,0.09,1004.88,0.47,28.94671307
2020/08/24,ARUNACHAL PRADESH,LOHIT,2.19,686.92,11.5,34.47543607
2020/08/24,ARUNACHAL PRADESH,ANJAW,0.86,1050.42,4.89,31.50621164
2020/08/24,ARUNACHAL PRADESH,WEST SIANG,0.07,1375.95,0.4,33.83187282
2020/08/23,ARUNACHAL PRADESH,UPPER SUBANSIRI,0.1,1056.78,0.82,32.15441711
2020/08/23,ARUNACHAL PRADESH,TIRAP,0.32,412.07,4.2,39.73415193
2020/08/23,ARUNACHAL PRADESH,KURUNG KUMEY,0.51,1236.89,2.89,35.61483694
2020/08/23,ARUNACHAL PRADESH,EAST KAMENG,0.3,916.14,1.67,29.85383717
2020/08/23,ARUNACHAL PRADESH,CHANGLANG,1.91,996.76,11.27,38.70055439
2020/08/23,ARUNACHAL PRADESH,TAWANG,0.6,312.6,5.21,25.92813519
2020/08/23,ARUNACHAL PRADESH,LOWER DIBANG VALLEY,0.15,791.69,0.88,27.16324304
2020/08/23,ARUNACHAL PRADESH,DIBANG VALLEY,0.37,908.57,2.09,23.88830451
2020/08/23,ARUNACHAL PRADESH,PAPUM PARE,0.08,582.52,0.9,30.15267935
2020/08/23,ARUNACHAL PRADESH,LOWER SUBANSIRI,0.2,411.58,2.61,32.46538216
2020/08/23,ARUNACHAL PRADESH,WEST KAMENG,0.26,744.67,2.74,27.67193522
2020/08/23,ARUNACHAL PRADESH,EAST SIANG,0.13,620.73,0.5,32.41361012
2020/08/23,ARUNACHAL PRADESH,UPPER SIANG,0.11,1025.74,0.63,29.54762538
2020/08/23,ARUNACHAL PRADESH,LOHIT,2.52,709.05,13.54,35.58597947
2020/08/23,ARUNACHAL PRADESH,ANJAW,0.58,1012.94,3.23,30.38202484
2020/08/23,ARUNACHAL PRADESH,WEST SIANG,0.08,1394.7,0.46,34.29289429
2020/08/22,ARUNACHAL PRADESH,UPPER SUBANSIRI,0.11,1067.13,0.88,32.469432
2020/08/22,ARUNACHAL PRADESH,TIRAP,0.43,426.71,5.2,41.14566031
2020/08/22,ARUNACHAL PRADESH,KURUNG KUMEY,0.52,1227.59,2.95,35.34704052
2020/08/22,ARUNACHAL PRADESH,EAST KAMENG,0.31,926.92,1.81,30.20534946
2020/08/22,ARUNACHAL PRADESH,CHANGLANG,1.62,969.18,9.31,37.62974034
2020/08/22,ARUNACHAL PRADESH,TAWANG,0.62,318.81,5.33,26.44255043
2020/08/22,ARUNACHAL PRADESH,LOWER DIBANG VALLEY,0.18,806.39,1.07,27.66791377
2020/08/22,ARUNACHAL PRADESH,DIBANG VALLEY,0.42,925.6,2.36,24.3358256
2020/08/22,ARUNACHAL PRADESH,PAPUM PARE,0.09,589.53,1.01,30.51554645
2020/08/22,ARUNACHAL PRADESH,LOWER SUBANSIRI,0.21,416.38,2.77,32.84389692
2020/08/22,ARUNACHAL PRADESH,WEST KAMENG,0.29,761.52,3.02,28.29810755
2020/08/22,ARUNACHAL PRADESH,EAST SIANG,0.14,618.23,0.52,32.28330473
2020/08/22,ARUNACHAL PRADESH,UPPER SIANG,0.11,996.3,0.62,28.69980651
2020/08/22,ARUNACHAL PRADESH,LOHIT,2.62,717.97,14.13,36.03368285
2020/08/22,ARUNACHAL PRADESH,ANJAW,0.37,941.7,2.07,28.24534158
2020/08/22,ARUNACHAL PRADESH,WEST SIANG,0.09,1388.26,0.5,34.13443705
2020/08/21,ARUNACHAL PRADESH,UPPER SUBANSIRI,0.12,1074.83,1.02,32.70373901
2020/08/21,ARUNACHAL PRADESH,TIRAP,0.81,443.8,7.88,42.79365474
2020/08/21,ARUNACHAL PRADESH,KURUNG KUMEY,0.59,1248.36,3.3,35.94513777
2020/08/21,ARUNACHAL PRADESH,EAST KAMENG,0.36,948.02,2.12,30.89276518
2020/08/21,ARUNACHAL PRADESH,CHANGLANG,1.89,988.49,10.97,38.37947234
2020/08/21,ARUNACHAL PRADESH,TAWANG,0.65,324.04,5.49,26.87621173
2020/08/21,ARUNACHAL PRADESH,LOWER DIBANG VALLEY,0.23,826.69,1.35,28.36441811
2020/08/21,ARUNACHAL PRADESH,DIBANG VALLEY,0.47,950.56,2.64,24.99230847
2020/08/21,ARUNACHAL PRADESH,PAPUM PARE,0.13,595.56,1.31,30.82781924
2020/08/21,ARUNACHAL PRADESH,LOWER SUBANSIRI,0.22,414.8,2.85,32.71961483
2020/08/21,ARUNACHAL PRADESH,WEST KAMENG,0.38,786.54,3.81,29.22791804
2020/08/21,ARUNACHAL PRADESH,EAST SIANG,0.18,622.3,0.7,32.49600336
2020/08/21,ARUNACHAL PRADESH,UPPER SIANG,0.14,1010.62,0.78,29.11232808
2020/08/21,ARUNACHAL PRADESH,LOHIT,3.04,747.75,16.7,37.5281116
2020/08/21,ARUNACHAL PRADESH,ANJAW,0.45,967.69,2.49,29.02490769
2020/08/21,ARUNACHAL PRADESH,WEST SIANG,0.1,1381.58,0.59,33.97028933
2020/08/20,ARUNACHAL PRADESH,UPPER SUBANSIRI,0.15,1095.62,1.24,33.3362064
2020/08/20,ARUNACHAL PRADESH,TIRAP,0.77,435.26,6.85,41.97081273
2020/08/20,ARUNACHAL PRADESH,KURUNG KUMEY,0.67,1274.34,3.78,36.69324963
2020/08/20,ARUNACHAL PRADESH,EAST KAMENG,0.38,950.38,2.23,30.96981719
2020/08/20,ARUNACHAL PRADESH,CHANGLANG,1.98,1002.05,11.66,38.90612518
2020/08/20,ARUNACHAL PRADESH,TAWANG,0.68,331.97,5.7,27.53469501
2020/08/20,ARUNACHAL PRADESH,LOWER DIBANG VALLEY,0.33,851.42,1.93,29.21282433
2020/08/20,ARUNACHAL PRADESH,DIBANG VALLEY,0.52,978.94,2.94,25.73842087
2020/08/20,ARUNACHAL PRADESH,PAPUM PARE,0.06,586.24,0.73,30.34555824
2020/08/20,ARUNACHAL PRADESH,LOWER SUBANSIRI,0.24,419.3,3.01,33.07469086
2020/08/20,ARUNACHAL PRADESH,WEST KAMENG,0.56,817.48,5.24,30.37763089
2020/08/20,ARUNACHAL PRADESH,EAST SIANG,0.32,640.67,1.56,33.45516686
2020/08/20,ARUNACHAL PRADESH,UPPER SIANG,0.18,1022.01,1,29.44038881
2020/08/20,ARUNACHAL PRADESH,LOHIT,3.13,765.65,17.46,38.42648534
2020/08/20,ARUNACHAL PRADESH,ANJAW,0.55,1000.76,3.06,30.01674724
2020/08/20,ARUNACHAL PRADESH,WEST SIANG,0.16,1402.81,0.95,34.4921134
2020/08/19,ARUNACHAL PRADESH,UPPER SUBANSIRI,0.19,1113.99,1.49,33.89527943
2020/08/19,ARUNACHAL PRADESH,TIRAP,0.2,393.92,2.89,37.98376277
2020/08/19,ARUNACHAL PRADESH,KURUNG KUMEY,0.68,1268.11,3.83,36.51379282
2020/08/19,ARUNACHAL PRADESH,EAST KAMENG,0.37,945.43,2.19,30.80847661
2020/08/19,ARUNACHAL PRADESH,CHANGLANG,1.34,930.91,7.66,36.14382396
2020/08/19,ARUNACHAL PRADESH,TAWANG,0.7,333.44,5.83,27.65630894
2020/08/19,ARUNACHAL PRADESH,LOWER DIBANG VALLEY,0.35,846.03,1.99,29.02767944
2020/08/19,ARUNACHAL PRADESH,DIBANG VALLEY,0.59,1007.22,3.3,26.48179443
2020/08/19,ARUNACHAL PRADESH,PAPUM PARE,0.06,596.28,0.77,30.86484378
2020/08/19,ARUNACHAL PRADESH,LOWER SUBANSIRI,0.27,427.35,3.3,33.70980146
2020/08/19,ARUNACHAL PRADESH,WEST KAMENG,0.26,760.46,2.29,28.25892149
2020/08/19,ARUNACHAL PRADESH,EAST SIANG,0.18,619.87,0.72,32.36867553
2020/08/19,ARUNACHAL PRADESH,UPPER SIANG,0.23,1045.01,1.28,30.10274365
2020/08/19,ARUNACHAL PRADESH,LOHIT,2,697.16,10.87,34.98950093
2020/08/19,ARUNACHAL PRADESH,ANJAW,0.93,1044.02,5.15,31.31438862
2020/08/19,ARUNACHAL PRADESH,WEST SIANG,0.15,1399.19,0.81,34.40316692
2020/08/18,ARUNACHAL PRADESH,UPPER SUBANSIRI,0.21,1122.8,1.7,34.16326486
2020/08/18,ARUNACHAL PRADESH,TIRAP,0.31,412.71,4.31,39.79597081
2020/08/18,ARUNACHAL PRADESH,KURUNG KUMEY,0.73,1295.59,4.14,37.30491826
2020/08/18,ARUNACHAL PRADESH,EAST KAMENG,0.36,943.93,2.15,30.75941965
2020/08/18,ARUNACHAL PRADESH,CHANGLANG,1.58,961.19,9.12,37.31955196
2020/08/18,ARUNACHAL PRADESH,TAWANG,0.71,339.86,5.88,28.18834149
2020/08/18,ARUNACHAL PRADESH,LOWER DIBANG VALLEY,0.21,843.8,1.21,28.95141038
2020/08/18,ARUNACHAL PRADESH,DIBANG VALLEY,0.31,946.69,1.71,24.89055575
2020/08/18,ARUNACHAL PRADESH,PAPUM PARE,0.08,609.41,0.9,31.5449615
2020/08/18,ARUNACHAL PRADESH,LOWER SUBANSIRI,0.32,437.07,3.77,34.47613261
2020/08/18,ARUNACHAL PRADESH,WEST KAMENG,0.28,761.35,2.56,28.29190587
2020/08/18,ARUNACHAL PRADESH,EAST SIANG,0.23,634.61,0.97,33.13849005
2020/08/18,ARUNACHAL PRADESH,UPPER SIANG,0.21,1046.09,1.16,30.13397681
2020/08/18,ARUNACHAL PRADESH,LOHIT,2.33,717.17,12.83,35.99369566
2020/08/18,ARUNACHAL PRADESH,ANJAW,0.46,992.68,2.57,29.77446042
2020/08/18,ARUNACHAL PRADESH,WEST SIANG,0.11,1394.04,0.6,34.27668536
2020/08/17,ARUNACHAL PRADESH,UPPER SUBANSIRI,0.26,1157.47,2.1,35.21807904
2020/08/17,ARUNACHAL PRADESH,TIRAP,0.37,422.57,4.96,40.74665361
2020/08/17,ARUNACHAL PRADESH,KURUNG KUMEY,0.79,1318.61,4.5,37.96776017
2020/08/17,ARUNACHAL PRADESH,EAST KAMENG,0.3,948.69,1.75,30.9147479
2020/08/17,ARUNACHAL PRADESH,CHANGLANG,1.85,987.48,10.9,38.34040657
2020/08/17,ARUNACHAL PRADESH,TAWANG,0.73,334.73,6,27.76351394
2020/08/17,ARUNACHAL PRADESH,LOWER DIBANG VALLEY,0.29,858.28,1.73,29.44821515
2020/08/17,ARUNACHAL PRADESH,DIBANG VALLEY,0.37,965.36,2.09,25.38142712
2020/08/17,ARUNACHAL PRADESH,PAPUM PARE,0.1,624.62,1.18,32.33224828
2020/08/17,ARUNACHAL PRADESH,LOWER SUBANSIRI,0.39,450.01,4.42,35.49729146
2020/08/17,ARUNACHAL PRADESH,WEST KAMENG,0.24,743.79,2.39,27.63917414
2020/08/17,ARUNACHAL PRADESH,EAST SIANG,0.3,649.96,1.36,33.94025511
2020/08/17,ARUNACHAL PRADESH,UPPER SIANG,0.27,1070.73,1.46,30.84382359
2020/08/17,ARUNACHAL PRADESH,LOHIT,2.61,737.06,14.48,36.99170126
2020/08/17,ARUNACHAL PRADESH,ANJAW,0.55,1012.96,3.09,30.38281718
2020/08/17,ARUNACHAL PRADESH,WEST SIANG,0.15,1421.71,0.84,34.95702886
2020/08/16,ARUNACHAL PRADESH,UPPER SUBANSIRI,0.3,1177.43,2.43,35.82540716
2020/08/16,ARUNACHAL PRADESH,TIRAP,0.34,417.88,4.76,40.2946438
2020/08/16,ARUNACHAL PRADESH,KURUNG KUMEY,0.76,1329.19,4.32,38.27265053
2020/08/16,ARUNACHAL PRADESH,EAST KAMENG,0.33,969.82,1.93,31.60309529
2020/08/16,ARUNACHAL PRADESH,CHANGLANG,1.94,995.04,11.5,38.63397223
2020/08/16,ARUNACHAL PRADESH,TAWANG,0.78,349.28,6.33,28.97039087
2020/08/16,ARUNACHAL PRADESH,LOWER DIBANG VALLEY,0.41,880.11,2.46,30.19714121
2020/08/16,ARUNACHAL PRADESH,DIBANG VALLEY,0.4,985.02,2.27,25.89822128
2020/08/16,ARUNACHAL PRADESH,PAPUM PARE,0.13,639.56,1.46,33.10521406
2020/08/16,ARUNACHAL PRADESH,LOWER SUBANSIRI,0.52,470.48,5.54,37.11161723
2020/08/16,ARUNACHAL PRADESH,WEST KAMENG,0.23,739,2.15,27.46139676
2020/08/16,ARUNACHAL PRADESH,EAST SIANG,0.4,665.55,1.87,34.75443506
2020/08/16,ARUNACHAL PRADESH,UPPER SIANG,0.31,1079.32,1.69,31.09111523
2020/08/16,ARUNACHAL PRADESH,LOHIT,2.68,729.35,14.79,36.60507558
2020/08/16,ARUNACHAL PRADESH,ANJAW,0.46,965.67,2.58,28.96435408
2020/08/16,ARUNACHAL PRADESH,WEST SIANG,0.25,1456.73,1.43,35.81806336
2020/08/15,ARUNACHAL PRADESH,UPPER SUBANSIRI,0.19,1123.03,1.47,34.17029185
2020/08/15,ARUNACHAL PRADESH,TIRAP,0.33,414.69,4.7,39.98713073
2020/08/15,ARUNACHAL PRADESH,KURUNG KUMEY,0.67,1244.24,3.77,35.82643512
2020/08/15,ARUNACHAL PRADESH,EAST KAMENG,0.35,953.51,2.06,31.07171655
2020/08/15,ARUNACHAL PRADESH,CHANGLANG,1.93,988.15,11.57,38.36644849
2020/08/15,ARUNACHAL PRADESH,TAWANG,0.79,333.86,6.34,27.69119076
2020/08/15,ARUNACHAL PRADESH,LOWER DIBANG VALLEY,0.27,849.76,1.63,29.1557059
2020/08/15,ARUNACHAL PRADESH,DIBANG VALLEY,0.42,983.67,2.37,25.86269808
2020/08/15,ARUNACHAL PRADESH,PAPUM PARE,0.21,648.58,2.22,33.57213738
2020/08/15,ARUNACHAL PRADESH,LOWER SUBANSIRI,0.39,449.44,4.3,35.45168235
2020/08/15,ARUNACHAL PRADESH,WEST KAMENG,0.26,748.98,2.49,27.83206905
2020/08/15,ARUNACHAL PRADESH,EAST SIANG,0.36,660.02,1.65,34.46527634
2020/08/15,ARUNACHAL PRADESH,UPPER SIANG,0.32,1077.23,1.77,31.03108287
2020/08/15,ARUNACHAL PRADESH,LOHIT,2.76,741.41,15.42,37.21005462
2020/08/15,ARUNACHAL PRADESH,ANJAW,0.54,985.35,3.06,29.55459993
2020/08/15,ARUNACHAL PRADESH,WEST SIANG,0.34,1467.08,2.02,36.07247382
2020/08/14,ARUNACHAL PRADESH,UPPER SUBANSIRI,0.21,1114.73,1.58,33.91773865
2020/08/14,ARUNACHAL PRADESH,TIRAP,0.36,422.11,4.9,40.70189946
2020/08/14,ARUNACHAL PRADESH,KURUNG KUMEY,0.75,1262.35,4.23,36.34788938
2020/08/14,ARUNACHAL PRADESH,EAST KAMENG,0.41,979.82,2.5,31.9291759
2020/08/14,ARUNACHAL PRADESH,CHANGLANG,2,1000.27,12.08,38.83704979
2020/08/14,ARUNACHAL PRADESH,TAWANG,0.83,342.44,6.55,28.40312162
2020/08/14,ARUNACHAL PRADESH,LOWER DIBANG VALLEY,0.3,857.29,1.82,29.41427286
2020/08/14,ARUNACHAL PRADESH,DIBANG VALLEY,0.48,1008.99,2.67,26.52834035
2020/08/14,ARUNACHAL PRADESH,PAPUM PARE,0.72,696.84,6.52,36.07055149
2020/08/14,ARUNACHAL PRADESH,LOWER SUBANSIRI,0.58,469.62,6.01,37.04387309
2020/08/14,ARUNACHAL PRADESH,WEST KAMENG,0.29,761.78,2.74,28.30765683
2020/08/14,ARUNACHAL PRADESH,EAST SIANG,0.4,663.56,1.85,34.65030266
2020/08/14,ARUNACHAL PRADESH,UPPER SIANG,0.38,1102.09,2.11,31.7470653
2020/08/14,ARUNACHAL PRADESH,LOHIT,2.67,741.32,14.92,37.20548991
2020/08/14,ARUNACHAL PRADESH,ANJAW,0.62,1007.15,3.5,30.2084559
2020/08/14,ARUNACHAL PRADESH,WEST SIANG,0.17,1422.51,0.97,34.97656218
2020/08/13,ARUNACHAL PRADESH,UPPER SUBANSIRI,0.24,1127.19,1.75,34.29701052
2020/08/13,ARUNACHAL PRADESH,TIRAP,0.65,435.98,6.66,42.03989177
2020/08/13,ARUNACHAL PRADESH,KURUNG KUMEY,0.71,1266.34,3.97,36.46280731
2020/08/13,ARUNACHAL PRADESH,EAST KAMENG,0.39,950.72,2.41,30.98086213
2020/08/13,ARUNACHAL PRADESH,CHANGLANG,2.37,1039.27,14.42,40.35126441
2020/08/13,ARUNACHAL PRADESH,TAWANG,0.83,331.91,6.57,27.52900001
2020/08/13,ARUNACHAL PRADESH,LOWER DIBANG VALLEY,0.4,874.8,2.43,30.01478379
2020/08/13,ARUNACHAL PRADESH,DIBANG VALLEY,0.53,1033.51,2.95,27.17301055
2020/08/13,ARUNACHAL PRADESH,PAPUM PARE,0.39,636.63,4.14,32.95394333
2020/08/13,ARUNACHAL PRADESH,LOWER SUBANSIRI,0.25,421.76,3.11,33.26888018
2020/08/13,ARUNACHAL PRADESH,WEST KAMENG,0.26,744.63,2.47,27.67062678
2020/08/13,ARUNACHAL PRADESH,EAST SIANG,0.27,642.41,1.12,33.54611232
2020/08/13,ARUNACHAL PRADESH,UPPER SIANG,0.51,1131.07,2.82,32.5820021
2020/08/13,ARUNACHAL PRADESH,LOHIT,2.97,762.26,16.71,38.25636459
2020/08/13,ARUNACHAL PRADESH,ANJAW,0.7,1030.18,3.98,30.89904262
2020/08/13,ARUNACHAL PRADESH,WEST SIANG,0.18,1435.19,1.03,35.28828744
2020/08/12,ARUNACHAL PRADESH,UPPER SUBANSIRI,0.28,1152.09,2.06,35.05451805
2020/08/12,ARUNACHAL PRADESH,TIRAP,0.44,424.09,4.93,40.89289053
2020/08/12,ARUNACHAL PRADESH,KURUNG KUMEY,0.77,1284.44,4.33,36.98396261
2020/08/12,ARUNACHAL PRADESH,EAST KAMENG,0.38,964.66,2.27,31.43512248
2020/08/12,ARUNACHAL PRADESH,CHANGLANG,1.68,981.15,10.01,38.09463775
2020/08/12,ARUNACHAL PRADESH,TAWANG,0.85,338.88,6.72,28.10750518
2020/08/12,ARUNACHAL PRADESH,LOWER DIBANG VALLEY,0.58,900.8,3.52,30.90716854
2020/08/12,ARUNACHAL PRADESH,DIBANG VALLEY,0.58,1065.99,3.24,28.02702915
2020/08/12,ARUNACHAL PRADESH,PAPUM PARE,0.07,611.33,0.8,31.64399278
2020/08/12,ARUNACHAL PRADESH,LOWER SUBANSIRI,0.28,429.18,3.34,33.85375128
2020/08/12,ARUNACHAL PRADESH,WEST KAMENG,0.28,755.95,2.7,28.09114063
2020/08/12,ARUNACHAL PRADESH,EAST SIANG,0.37,656.28,1.63,34.27035071
2020/08/12,ARUNACHAL PRADESH,UPPER SIANG,0.5,1124.94,2.76,32.40543512
2020/08/12,ARUNACHAL PRADESH,LOHIT,2.18,714.59,11.89,35.8640272
2020/08/12,ARUNACHAL PRADESH,ANJAW,0.6,1003.51,3.36,30.09912461
2020/08/12,ARUNACHAL PRADESH,WEST SIANG,0.21,1456.25,1.2,35.80616103
2020/08/11,ARUNACHAL PRADESH,UPPER SUBANSIRI,0.32,1172.31,2.36,35.6698427
2020/08/11,ARUNACHAL PRADESH,TIRAP,0.18,408.12,2.57,39.35322274
2020/08/11,ARUNACHAL PRADESH,KURUNG KUMEY,0.86,1311.26,4.86,37.75618078
2020/08/11,ARUNACHAL PRADESH,EAST KAMENG,0.42,994.44,2.52,32.40568422
2020/08/11,ARUNACHAL PRADESH,CHANGLANG,1.9,1005.54,11.41,39.04143776
2020/08/11,ARUNACHAL PRADESH,TAWANG,0.88,348.62,6.91,28.91535345
2020/08/11,ARUNACHAL PRADESH,LOWER DIBANG VALLEY,0.83,933.62,5.03,32.03293184
2020/08/11,ARUNACHAL PRADESH,DIBANG VALLEY,0.63,1096.48,3.55,28.82883835
2020/08/11,ARUNACHAL PRADESH,PAPUM PARE,0.07,626.77,0.87,32.44314746
2020/08/11,ARUNACHAL PRADESH,LOWER SUBANSIRI,0.33,439.22,3.78,34.64603127
2020/08/11,ARUNACHAL PRADESH,WEST KAMENG,0.32,772.83,3.05,28.71835533
2020/08/11,ARUNACHAL PRADESH,EAST SIANG,0.53,675.26,2.43,35.26128741
2020/08/11,ARUNACHAL PRADESH,UPPER SIANG,0.51,1129.51,2.82,32.53689964
2020/08/11,ARUNACHAL PRADESH,LOHIT,2.63,746.36,14.67,37.45852834
2020/08/11,ARUNACHAL PRADESH,ANJAW,0.73,1034.64,4.06,31.0330434
2020/08/11,ARUNACHAL PRADESH,WEST SIANG,0.3,1486.43,1.71,36.54814507
2020/08/10,ARUNACHAL PRADESH,UPPER SUBANSIRI,0.33,1189.59,2.52,36.19535961
2020/08/10,ARUNACHAL PRADESH,TIRAP,0.2,407.8,2.89,39.32248146
2020/08/10,ARUNACHAL PRADESH,KURUNG KUMEY,0.85,1331.45,4.81,38.33766761
2020/08/10,ARUNACHAL PRADESH,EAST KAMENG,0.37,981.96,2.24,31.99873163
2020/08/10,ARUNACHAL PRADESH,CHANGLANG,1.87,1001.22,11.3,38.8737879
2020/08/10,ARUNACHAL PRADESH,TAWANG,0.89,355.18,6.97,29.45941607
2020/08/10,ARUNACHAL PRADESH,LOWER DIBANG VALLEY,1,964.52,6.04,33.09316667
2020/08/10,ARUNACHAL PRADESH,DIBANG VALLEY,0.7,1142.97,3.95,30.05093317
2020/08/10,ARUNACHAL PRADESH,PAPUM PARE,0.18,648.84,1.73,33.58585091
2020/08/10,ARUNACHAL PRADESH,LOWER SUBANSIRI,0.41,453.95,4.54,35.80758005
2020/08/10,ARUNACHAL PRADESH,WEST KAMENG,0.34,794.09,3.31,29.50853021
2020/08/10,ARUNACHAL PRADESH,EAST SIANG,0.72,699.53,3.42,36.52857592
2020/08/10,ARUNACHAL PRADESH,UPPER SIANG,0.5,1153.96,2.78,33.24119015
2020/08/10,ARUNACHAL PRADESH,LOHIT,2.88,761.83,16.17,38.23510008
2020/08/10,ARUNACHAL PRADESH,ANJAW,0.86,1066.78,4.79,31.99707557
2020/08/10,ARUNACHAL PRADESH,WEST SIANG,0.2,1506.07,1.13,37.03121917
2020/08/09,ARUNACHAL PRADESH,UPPER SUBANSIRI,0.5,1251.55,3.63,38.08064023
2020/08/09,ARUNACHAL PRADESH,TIRAP,0.25,417.69,3.38,40.27599442
2020/08/09,ARUNACHAL PRADESH,KURUNG KUMEY,1.1,1384.96,6.26,39.87836103
2020/08/09,ARUNACHAL PRADESH,EAST KAMENG,0.6,1026.72,3.57,33.45754224
2020/08/09,ARUNACHAL PRADESH,CHANGLANG,1.91,1005.81,11.53,39.0518101
2020/08/09,ARUNACHAL PRADESH,TAWANG,0.94,374.97,7.28,31.10066954
2020/08/09,ARUNACHAL PRADESH,LOWER DIBANG VALLEY,1.59,1023.88,9.46,35.12991261
2020/08/09,ARUNACHAL PRADESH,DIBANG VALLEY,1.53,1242.08,8.49,32.65677484
2020/08/09,ARUNACHAL PRADESH,PAPUM PARE,0.41,678.91,3.77,35.14245344
2020/08/09,ARUNACHAL PRADESH,LOWER SUBANSIRI,0.69,489.27,6.93,38.59389774
2020/08/09,ARUNACHAL PRADESH,WEST KAMENG,0.55,838.37,4.64,31.15406672
2020/08/09,ARUNACHAL PRADESH,EAST SIANG,1.28,745.87,6.78,38.9484652
2020/08/09,ARUNACHAL PRADESH,UPPER SIANG,0.92,1216.98,5.07,35.05659913
2020/08/09,ARUNACHAL PRADESH,LOHIT,3.23,791.93,18.38,39.74553836
2020/08/09,ARUNACHAL PRADESH,ANJAW,1.17,1117.11,6.54,33.50663298
2020/08/09,ARUNACHAL PRADESH,WEST SIANG,0.44,1584.92,2.63,38.96995549
2020/08/08,ARUNACHAL PRADESH,UPPER SUBANSIRI,0.76,1304.79,5.19,39.70081747
2020/08/08,ARUNACHAL PRADESH,TIRAP,0.31,420.59,3.63,40.55530104
2020/08/08,ARUNACHAL PRADESH,KURUNG KUMEY,1.22,1431.13,6.94,41.20789611
2020/08/08,ARUNACHAL PRADESH,EAST KAMENG,0.5,1038.56,3.14,33.84319767
2020/08/08,ARUNACHAL PRADESH,CHANGLANG,2.11,1023.54,12.69,39.74026537
2020/08/08,ARUNACHAL PRADESH,TAWANG,0.89,377.29,7.03,31.2932699
2020/08/08,ARUNACHAL PRADESH,LOWER DIBANG VALLEY,0.86,946.95,5.03,32.49051098
2020/08/08,ARUNACHAL PRADESH,DIBANG VALLEY,0.93,1171.55,5.18,30.80239362
2020/08/08,ARUNACHAL PRADESH,PAPUM PARE,0.38,683.83,3.34,35.39714205
2020/08/08,ARUNACHAL PRADESH,LOWER SUBANSIRI,0.81,501.64,7.97,39.569428
2020/08/08,ARUNACHAL PRADESH,WEST KAMENG,0.45,818.4,4.26,30.41166322
2020/08/08,ARUNACHAL PRADESH,EAST SIANG,0.75,711.58,3.78,37.15799195
2020/08/08,ARUNACHAL PRADESH,UPPER SIANG,1.06,1211.91,5.84,34.91068209
2020/08/08,ARUNACHAL PRADESH,LOHIT,3.13,784.99,17.87,39.39713276
2020/08/08,ARUNACHAL PRADESH,ANJAW,1.52,1150.16,8.5,34.49775684
2020/08/08,ARUNACHAL PRADESH,WEST SIANG,0.9,1649.09,5.21,40.54782522
2020/08/07,ARUNACHAL PRADESH,UPPER SUBANSIRI,0.41,1252.55,3.09,38.1111206
2020/08/07,ARUNACHAL PRADESH,TIRAP,0.4,423.02,3.87,40.78976189
2020/08/07,ARUNACHAL PRADESH,KURUNG KUMEY,0.62,1326.41,3.55,38.19247008
2020/08/07,ARUNACHAL PRADESH,EAST KAMENG,0.23,930.09,1.37,30.30848979
2020/08/07,ARUNACHAL PRADESH,CHANGLANG,1.65,986.64,9.59,38.30769839
2020/08/07,ARUNACHAL PRADESH,TAWANG,0.8,344.54,6.42,28.57729653
2020/08/07,ARUNACHAL PRADESH,LOWER DIBANG VALLEY,0.45,884.73,2.69,30.35572979
2020/08/07,ARUNACHAL PRADESH,DIBANG VALLEY,0.3,951.99,1.7,25.02974825
2020/08/07,ARUNACHAL PRADESH,PAPUM PARE,0.07,620.68,0.87,32.12803027
2020/08/07,ARUNACHAL PRADESH,LOWER SUBANSIRI,0.56,478.89,5.76,37.77499639
2020/08/07,ARUNACHAL PRADESH,WEST KAMENG,0.16,710.21,1.39,26.39138327
2020/08/07,ARUNACHAL PRADESH,EAST SIANG,0.98,726.69,5.23,37.94711603
2020/08/07,ARUNACHAL PRADESH,UPPER SIANG,0.4,1127.25,2.16,32.4717896
2020/08/07,ARUNACHAL PRADESH,LOHIT,2.72,767.98,15.64,38.54382829
2020/08/07,ARUNACHAL PRADESH,ANJAW,0.66,1068.23,3.7,32.0405378
2020/08/07,ARUNACHAL PRADESH,WEST SIANG,0.54,1621.68,3.18,39.87379862
2020/08/06,ARUNACHAL PRADESH,UPPER SUBANSIRI,0.11,1054.13,0.92,32.07383008
2020/08/06,ARUNACHAL PRADESH,TIRAP,0.1,394.64,1.45,38.0530501
2020/08/06,ARUNACHAL PRADESH,KURUNG KUMEY,0.34,1220.81,1.93,35.15184558
2020/08/06,ARUNACHAL PRADESH,EAST KAMENG,0.22,922.34,1.28,30.05608207
2020/08/06,ARUNACHAL PRADESH,CHANGLANG,1.13,928.48,6.23,36.04965569
2020/08/06,ARUNACHAL PRADESH,TAWANG,0.76,316.2,6.12,26.22653128
2020/08/06,ARUNACHAL PRADESH,LOWER DIBANG VALLEY,0.47,848.41,2.91,29.10939901
2020/08/06,ARUNACHAL PRADESH,DIBANG VALLEY,0.18,845.82,1.03,22.23848766
2020/08/06,ARUNACHAL PRADESH,PAPUM PARE,0.04,602.55,0.6,31.18960437
2020/08/06,ARUNACHAL PRADESH,LOWER SUBANSIRI,0.26,432.98,3.18,34.15396348
2020/08/06,ARUNACHAL PRADESH,WEST KAMENG,0.17,709.61,1.56,26.369101
2020/08/06,ARUNACHAL PRADESH,EAST SIANG,0.87,698.61,4.53,36.48035028
2020/08/06,ARUNACHAL PRADESH,UPPER SIANG,0.07,992.63,0.4,28.59385965
2020/08/06,ARUNACHAL PRADESH,LOHIT,2.52,760.99,14.54,38.19279453
2020/08/06,ARUNACHAL PRADESH,ANJAW,0.41,984.11,2.3,29.51734216
2020/08/06,ARUNACHAL PRADESH,WEST SIANG,0.04,1376.13,0.24,33.83620697
2020/08/05,ARUNACHAL PRADESH,UPPER SUBANSIRI,0.09,1037.8,0.68,31.5769209
2020/08/05,ARUNACHAL PRADESH,TIRAP,0.16,402.2,1.84,38.78211214
2020/08/05,ARUNACHAL PRADESH,KURUNG KUMEY,0.28,1178.7,1.55,33.9394609
2020/08/05,ARUNACHAL PRADESH,EAST KAMENG,0.17,890.21,0.99,29.0088855
2020/08/05,ARUNACHAL PRADESH,CHANGLANG,0.92,926.48,4.98,35.97184526
2020/08/05,ARUNACHAL PRADESH,TAWANG,0.72,317.04,5.91,26.29580686
2020/08/05,ARUNACHAL PRADESH,LOWER DIBANG VALLEY,0.08,779.16,0.46,26.7333351
2020/08/05,ARUNACHAL PRADESH,DIBANG VALLEY,0.19,862.34,1.08,22.67276544
2020/08/05,ARUNACHAL PRADESH,PAPUM PARE,0.03,569.59,0.49,29.4834538
2020/08/05,ARUNACHAL PRADESH,LOWER SUBANSIRI,0.12,394.08,1.86,31.08515474
2020/08/05,ARUNACHAL PRADESH,WEST KAMENG,0.16,704.44,1.39,26.17691168
2020/08/05,ARUNACHAL PRADESH,EAST SIANG,0.09,604.26,0.31,31.55399563
2020/08/05,ARUNACHAL PRADESH,UPPER SIANG,0.11,998.61,0.61,28.76630757
2020/08/05,ARUNACHAL PRADESH,LOHIT,0.89,622.03,4.4,31.21852497
2020/08/05,ARUNACHAL PRADESH,ANJAW,0.36,987.02,2.01,29.60458692
2020/08/05,ARUNACHAL PRADESH,WEST SIANG,0.04,1349.15,0.23,33.17283257
2020/08/04,ARUNACHAL PRADESH,UPPER SUBANSIRI,0.11,1053.43,0.83,32.05250825
2020/08/04,ARUNACHAL PRADESH,TIRAP,0.1,386.62,1.46,37.27987422
2020/08/04,ARUNACHAL PRADESH,KURUNG KUMEY,0.3,1194.18,1.68,34.38513754
2020/08/04,ARUNACHAL PRADESH,EAST KAMENG,0.17,903.26,1.02,29.4342455
2020/08/04,ARUNACHAL PRADESH,CHANGLANG,1,925.88,5.43,35.9485726
2020/08/04,ARUNACHAL PRADESH,TAWANG,0.71,318.55,5.89,26.42135285
2020/08/04,ARUNACHAL PRADESH,LOWER DIBANG VALLEY,0.09,784.01,0.49,26.90000631
2020/08/04,ARUNACHAL PRADESH,DIBANG VALLEY,0.22,887.37,1.22,23.3306987
2020/08/04,ARUNACHAL PRADESH,PAPUM PARE,0.04,581.01,0.57,30.07462652
2020/08/04,ARUNACHAL PRADESH,LOWER SUBANSIRI,0.14,399.94,2.08,31.54778201
2020/08/04,ARUNACHAL PRADESH,WEST KAMENG,0.18,714.74,1.78,26.55990105
2020/08/04,ARUNACHAL PRADESH,EAST SIANG,0.1,617.45,0.37,32.2424072
2020/08/04,ARUNACHAL PRADESH,UPPER SIANG,0.16,1018.36,0.89,29.33528843
2020/08/04,ARUNACHAL PRADESH,LOHIT,1.02,637.42,5.12,31.99095964
2020/08/04,ARUNACHAL PRADESH,ANJAW,0.28,976.22,1.59,29.28063004
2020/08/04,ARUNACHAL PRADESH,WEST SIANG,0.05,1361.46,0.29,33.47539341
2020/08/03,ARUNACHAL PRADESH,UPPER SUBANSIRI,0.12,1067.63,0.95,32.4846213
2020/08/03,ARUNACHAL PRADESH,TIRAP,0.47,419.13,3.87,40.41510075
2020/08/03,ARUNACHAL PRADESH,KURUNG KUMEY,0.35,1206.56,1.95,34.74140956
2020/08/03,ARUNACHAL PRADESH,EAST KAMENG,0.2,914.25,1.25,29.79254236
2020/08/03,ARUNACHAL PRADESH,CHANGLANG,1.12,960.53,6.16,37.29397697
2020/08/03,ARUNACHAL PRADESH,TAWANG,0.76,327.32,6.17,27.1489685
2020/08/03,ARUNACHAL PRADESH,LOWER DIBANG VALLEY,0.11,797.71,0.62,27.36977713
2020/08/03,ARUNACHAL PRADESH,DIBANG VALLEY,0.27,908.55,1.53,23.88758202
2020/08/03,ARUNACHAL PRADESH,PAPUM PARE,0.04,572.6,0.59,29.63912274
2020/08/03,ARUNACHAL PRADESH,LOWER SUBANSIRI,0.14,402.42,2.11,31.74289803
2020/08/03,ARUNACHAL PRADESH,WEST KAMENG,0.22,730.19,2.14,27.13396341
2020/08/03,ARUNACHAL PRADESH,EAST SIANG,0.11,629.67,0.4,32.88086556
2020/08/03,ARUNACHAL PRADESH,UPPER SIANG,0.23,1038.95,1.25,29.92828727
2020/08/03,ARUNACHAL PRADESH,LOHIT,1.2,660.44,6.17,33.14617439
2020/08/03,ARUNACHAL PRADESH,ANJAW,0.42,1018.29,2.31,30.5425903
2020/08/03,ARUNACHAL PRADESH,WEST SIANG,0.06,1377.08,0.36,33.85953464
2020/08/02,ARUNACHAL PRADESH,UPPER SUBANSIRI,0.14,1088.92,1.14,33.13239665
2020/08/02,ARUNACHAL PRADESH,TIRAP,0.04,353.11,0.64,34.04870489
2020/08/02,ARUNACHAL PRADESH,KURUNG KUMEY,0.44,1229.61,2.46,35.40515337
2020/08/02,ARUNACHAL PRADESH,EAST KAMENG,0.28,940.99,1.76,30.66390914
2020/08/02,ARUNACHAL PRADESH,CHANGLANG,0.55,836.23,2.69,32.46776656
2020/08/02,ARUNACHAL PRADESH,TAWANG,0.8,336.58,6.43,27.91642113
2020/08/02,ARUNACHAL PRADESH,LOWER DIBANG VALLEY,0.14,791.58,0.8,27.15948594
2020/08/02,ARUNACHAL PRADESH,DIBANG VALLEY,0.35,937.75,1.95,24.6554704
2020/08/02,ARUNACHAL PRADESH,PAPUM PARE,0.05,584.29,0.63,30.24434909
2020/08/02,ARUNACHAL PRADESH,LOWER SUBANSIRI,0.16,409.42,2.25,32.29505365
2020/08/02,ARUNACHAL PRADESH,WEST KAMENG,0.27,750.46,2.63,27.88718504
2020/08/02,ARUNACHAL PRADESH,EAST SIANG,0.12,611.26,0.43,31.91936885
2020/08/02,ARUNACHAL PRADESH,UPPER SIANG,0.29,1060.24,1.58,30.54168964
2020/08/02,ARUNACHAL PRADESH,LOHIT,0.7,594.81,3.13,29.85235225
2020/08/02,ARUNACHAL PRADESH,ANJAW,0.25,901.64,1.38,27.04376408
2020/08/02,ARUNACHAL PRADESH,WEST SIANG,0.08,1385.26,0.46,34.0606194
2020/08/01,ARUNACHAL PRADESH,UPPER SUBANSIRI,0.17,1113.4,1.36,33.87733127
2020/08/01,ARUNACHAL PRADESH,TIRAP,0.07,365.31,1.06,35.22494047
2020/08/01,ARUNACHAL PRADESH,KURUNG KUMEY,0.51,1257.28,2.87,36.20204392
2020/08/01,ARUNACHAL PRADESH,EAST KAMENG,0.33,966.03,2.12,31.47976595
2020/08/01,ARUNACHAL PRADESH,CHANGLANG,0.68,857.22,3.46,33.28286691
2020/08/01,ARUNACHAL PRADESH,TAWANG,0.78,335.15,6.33,27.79774115
2020/08/01,ARUNACHAL PRADESH,LOWER DIBANG VALLEY,0.17,811.76,0.98,27.85195524
2020/08/01,ARUNACHAL PRADESH,DIBANG VALLEY,0.4,966.09,2.23,25.40054376
2020/08/01,ARUNACHAL PRADESH,PAPUM PARE,0.05,597.7,0.69,30.93834608
2020/08/01,ARUNACHAL PRADESH,LOWER SUBANSIRI,0.18,417.46,2.49,32.92977228
2020/08/01,ARUNACHAL PRADESH,WEST KAMENG,0.31,752.66,2.98,27.96880611
2020/08/01,ARUNACHAL PRADESH,EAST SIANG,0.14,627.23,0.52,32.75323611
2020/08/01,ARUNACHAL PRADESH,UPPER SIANG,0.39,1091.21,2.11,31.43380338
2020/08/01,ARUNACHAL PRADESH,LOHIT,0.88,613.87,4.2,30.80890629
2020/08/01,ARUNACHAL PRADESH,ANJAW,0.28,923.67,1.58,27.70443648
2020/08/01,ARUNACHAL PRADESH,WEST SIANG,0.11,1415.48,0.61,34.80364327
2020/09/23,ARUNACHAL PRADESH,UPPER SUBANSIRI,0.09,1070.07,0.83,32.55885264
2020/09/23,ARUNACHAL PRADESH,TIRAP,0.75,438.71,7.55,42.30344368
2020/09/23,ARUNACHAL PRADESH,KURUNG KUMEY,0.53,1221.44,3.01,35.17009347
2020/09/23,ARUNACHAL PRADESH,EAST KAMENG,0.6,996.78,3.92,32.4817746
2020/09/23,ARUNACHAL PRADESH,CHANGLANG,2.12,1015.39,12.7,39.424017
2020/09/23,ARUNACHAL PRADESH,TAWANG,0.6,300.42,5.15,24.91749055
2020/09/23,ARUNACHAL PRADESH,LOWER DIBANG VALLEY,0.93,967.55,5.62,33.19712344
2020/09/23,ARUNACHAL PRADESH,DIBANG VALLEY,0.47,1024.08,2.62,26.9251349
2020/09/23,ARUNACHAL PRADESH,PAPUM PARE,0.34,651.39,3.69,33.7175135
2020/09/23,ARUNACHAL PRADESH,LOWER SUBANSIRI,0.52,449.72,6.01,35.47385381
2020/09/23,ARUNACHAL PRADESH,WEST KAMENG,0.53,795.56,5.18,29.56292386
2020/09/23,ARUNACHAL PRADESH,EAST SIANG,1.75,741.34,8.96,38.71208208
2020/09/23,ARUNACHAL PRADESH,UPPER SIANG,0.38,1085.95,2.09,31.28206366
2020/09/23,ARUNACHAL PRADESH,LOHIT,3.04,778.44,16.74,39.06849927
2020/09/23,ARUNACHAL PRADESH,ANJAW,0.55,1048.88,3.09,31.46020781
2020/09/23,ARUNACHAL PRADESH,WEST SIANG,0.52,1492.5,3.3,36.69746791
2020/09/22,ARUNACHAL PRADESH,UPPER SUBANSIRI,0.1,1081.74,0.9,32.91384151
2020/09/22,ARUNACHAL PRADESH,TIRAP,0.53,425.21,5.82,41.00109891
2020/09/22,ARUNACHAL PRADESH,KURUNG KUMEY,0.58,1237.69,3.26,35.63795127
2020/09/22,ARUNACHAL PRADESH,EAST KAMENG,0.73,1026.56,4.86,33.45220932
2020/09/22,ARUNACHAL PRADESH,CHANGLANG,2.35,1033.27,14.16,40.11800518
2020/09/22,ARUNACHAL PRADESH,TAWANG,0.62,303.08,5.24,25.13797133
2020/09/22,ARUNACHAL PRADESH,LOWER DIBANG VALLEY,0.63,918.82,3.7,31.52541052
2020/09/22,ARUNACHAL PRADESH,DIBANG VALLEY,0.52,1039.08,2.94,27.31957035
2020/09/22,ARUNACHAL PRADESH,PAPUM PARE,0.43,674.34,4.41,34.90543973
2020/09/22,ARUNACHAL PRADESH,LOWER SUBANSIRI,0.54,457.23,6.26,36.06665769
2020/09/22,ARUNACHAL PRADESH,WEST KAMENG,0.82,840.67,7.59,31.23928801
2020/09/22,ARUNACHAL PRADESH,EAST SIANG,1.28,708.54,6.2,36.99908089
2020/09/22,ARUNACHAL PRADESH,UPPER SIANG,0.4,1082.9,2.18,31.19417839
2020/09/22,ARUNACHAL PRADESH,LOHIT,2.86,764.69,15.68,38.37866601
2020/09/22,ARUNACHAL PRADESH,ANJAW,0.85,1074.82,4.75,32.23797555
2020/09/22,ARUNACHAL PRADESH,WEST SIANG,0.47,1490.58,2.95,36.65031291
2020/09/21,ARUNACHAL PRADESH,UPPER SUBANSIRI,0.12,1093.2,1.05,33.26275079
2020/09/21,ARUNACHAL PRADESH,TIRAP,0.4,419.89,4.48,40.48822066
2020/09/21,ARUNACHAL PRADESH,KURUNG KUMEY,0.62,1255.32,3.54,36.14546978
2020/09/21,ARUNACHAL PRADESH,EAST KAMENG,0.73,1046.43,4.78,34.09979087
2020/09/21,ARUNACHAL PRADESH,CHANGLANG,1.12,938.71,6.1,36.44692223
2020/09/21,ARUNACHAL PRADESH,TAWANG,0.64,306.71,5.38,25.43932749
2020/09/21,ARUNACHAL PRADESH,LOWER DIBANG VALLEY,0.27,858.08,1.63,29.44131855
2020/09/21,ARUNACHAL PRADESH,DIBANG VALLEY,0.44,1014.02,2.45,26.66072334
2020/09/21,ARUNACHAL PRADESH,PAPUM PARE,0.74,707.46,6.85,36.62016604
2020/09/21,ARUNACHAL PRADESH,LOWER SUBANSIRI,0.71,476.6,7.58,37.59426701
2020/09/21,ARUNACHAL PRADESH,WEST KAMENG,0.43,790.14,4.13,29.3617622
2020/09/21,ARUNACHAL PRADESH,EAST SIANG,1.23,709.59,5.98,37.05406554
2020/09/21,ARUNACHAL PRADESH,UPPER SIANG,0.43,1082.39,2.35,31.17963327
2020/09/21,ARUNACHAL PRADESH,LOHIT,1.78,660.97,8.83,33.17277757
2020/09/21,ARUNACHAL PRADESH,ANJAW,0.19,917.24,1.08,27.51158828
2020/09/21,ARUNACHAL PRADESH,WEST SIANG,0.63,1493.67,3.93,36.72633074
2020/09/20,ARUNACHAL PRADESH,UPPER SUBANSIRI,0.13,1094.59,1.1,33.30497467
2020/09/20,ARUNACHAL PRADESH,TIRAP,0.13,383.24,1.57,36.95384666
2020/09/20,ARUNACHAL PRADESH,KURUNG KUMEY,0.65,1227.74,3.69,35.35126138
2020/09/20,ARUNACHAL PRADESH,EAST KAMENG,0.84,1033.16,5.37,33.6671761
2020/09/20,ARUNACHAL PRADESH,CHANGLANG,0.93,889.32,5.01,34.52902407
2020/09/20,ARUNACHAL PRADESH,TAWANG,0.65,308.85,5.47,25.61630251
2020/09/20,ARUNACHAL PRADESH,LOWER DIBANG VALLEY,0.3,854.29,1.81,29.31134986
2020/09/20,ARUNACHAL PRADESH,DIBANG VALLEY,0.53,1033.55,2.95,27.1741774
2020/09/20,ARUNACHAL PRADESH,PAPUM PARE,0.8,684.82,7.18,35.4480256
2020/09/20,ARUNACHAL PRADESH,LOWER SUBANSIRI,0.7,466.75,7.33,36.81751906
2020/09/20,ARUNACHAL PRADESH,WEST KAMENG,0.57,814.85,5.34,30.27995979
2020/09/20,ARUNACHAL PRADESH,EAST SIANG,1.01,668.7,4.71,34.91856957
2020/09/20,ARUNACHAL PRADESH,UPPER SIANG,0.52,1087.15,2.84,31.31664387
2020/09/20,ARUNACHAL PRADESH,LOHIT,1.51,655.24,7.41,32.88529023
2020/09/20,ARUNACHAL PRADESH,ANJAW,0.21,926.03,1.18,27.77532869
2020/09/20,ARUNACHAL PRADESH,WEST SIANG,0.4,1462.51,2.49,35.96011449
2020/09/19,ARUNACHAL PRADESH,UPPER SUBANSIRI,0.13,1103.75,1.13,33.58363779
2020/09/19,ARUNACHAL PRADESH,TIRAP,0.32,405.25,3.44,39.07631461
2020/09/19,ARUNACHAL PRADESH,KURUNG KUMEY,0.71,1243.75,3.99,35.81247917
2020/09/19,ARUNACHAL PRADESH,EAST KAMENG,0.38,939.2,2.18,30.60541871
2020/09/19,ARUNACHAL PRADESH,CHANGLANG,1.06,908.95,5.85,35.29111126
2020/09/19,ARUNACHAL PRADESH,TAWANG,0.68,313.32,5.64,25.98758071
2020/09/19,ARUNACHAL PRADESH,LOWER DIBANG VALLEY,0.48,881.73,2.91,30.25286803
2020/09/19,ARUNACHAL PRADESH,DIBANG VALLEY,0.64,1060.96,3.59,27.89492435
2020/09/19,ARUNACHAL PRADESH,PAPUM PARE,0.15,607.46,1.85,31.44401711
2020/09/19,ARUNACHAL PRADESH,LOWER SUBANSIRI,0.33,426.5,4.24,33.64277486
2020/09/19,ARUNACHAL PRADESH,WEST KAMENG,0.23,728.92,2.39,27.08678263
2020/09/19,ARUNACHAL PRADESH,EAST SIANG,1.35,694.04,6.68,36.24216015
2020/09/19,ARUNACHAL PRADESH,UPPER SIANG,0.63,1114.92,3.48,32.11664419
2020/09/19,ARUNACHAL PRADESH,LOHIT,1.99,685.88,10.31,34.42308467
2020/09/19,ARUNACHAL PRADESH,ANJAW,0.26,944.68,1.45,28.3347605
2020/09/19,ARUNACHAL PRADESH,WEST SIANG,0.35,1467.91,2.21,36.09283943
2020/09/18,ARUNACHAL PRADESH,UPPER SUBANSIRI,0.15,1126.76,1.35,34.28364639
2020/09/18,ARUNACHAL PRADESH,TIRAP,0.54,428.59,5.66,41.32699054
2020/09/18,ARUNACHAL PRADESH,KURUNG KUMEY,0.71,1258.94,4.02,36.24972771
2020/09/18,ARUNACHAL PRADESH,EAST KAMENG,0.48,961.73,2.84,31.33972476
2020/09/18,ARUNACHAL PRADESH,CHANGLANG,1.34,942.11,7.58,36.57885587
2020/09/18,ARUNACHAL PRADESH,TAWANG,0.72,320.98,5.9,26.62301246
2020/09/18,ARUNACHAL PRADESH,LOWER DIBANG VALLEY,0.69,911.99,4.17,31.29097842
2020/09/18,ARUNACHAL PRADESH,DIBANG VALLEY,0.77,1092.82,4.28,28.73262897
2020/09/18,ARUNACHAL PRADESH,PAPUM PARE,0.21,622.26,2.52,32.20995711
2020/09/18,ARUNACHAL PRADESH,LOWER SUBANSIRI,0.39,435.2,4.9,34.3286409
2020/09/18,ARUNACHAL PRADESH,WEST KAMENG,0.29,747.38,2.88,27.77257404
2020/09/18,ARUNACHAL PRADESH,EAST SIANG,1.68,721.26,8.63,37.66349188
2020/09/18,ARUNACHAL PRADESH,UPPER SIANG,0.77,1149.61,4.22,33.11585101
2020/09/18,ARUNACHAL PRADESH,LOHIT,2.43,716.42,12.99,35.95599362
2020/09/18,ARUNACHAL PRADESH,ANJAW,0.32,967.63,1.76,29.02309637
2020/09/18,ARUNACHAL PRADESH,WEST SIANG,0.45,1507.49,2.83,37.06610484
2020/09/17,ARUNACHAL PRADESH,UPPER SUBANSIRI,0.19,1157.54,1.66,35.22045998
2020/09/17,ARUNACHAL PRADESH,TIRAP,0.7,442.83,7.25,42.70048151
2020/09/17,ARUNACHAL PRADESH,KURUNG KUMEY,0.77,1282,4.36,36.9136974
2020/09/17,ARUNACHAL PRADESH,EAST KAMENG,0.58,987.35,3.55,32.17435381
2020/09/17,ARUNACHAL PRADESH,CHANGLANG,1.64,974.07,9.48,37.81970116
2020/09/17,ARUNACHAL PRADESH,TAWANG,0.77,330.01,6.22,27.37184325
2020/09/17,ARUNACHAL PRADESH,LOWER DIBANG VALLEY,0.94,945.11,5.66,32.42729322
2020/09/17,ARUNACHAL PRADESH,DIBANG VALLEY,0.88,1129.84,4.93,29.70570488
2020/09/17,ARUNACHAL PRADESH,PAPUM PARE,0.27,639.35,3.11,33.09436633
2020/09/17,ARUNACHAL PRADESH,LOWER SUBANSIRI,0.47,446.2,5.63,35.196724
2020/09/17,ARUNACHAL PRADESH,WEST KAMENG,0.37,768.2,3.57,28.54635663
2020/09/17,ARUNACHAL PRADESH,EAST SIANG,2.27,759.62,12.12,39.66633208
2020/09/17,ARUNACHAL PRADESH,UPPER SIANG,0.9,1192.62,4.98,34.35501548
2020/09/17,ARUNACHAL PRADESH,LOHIT,2.86,746.64,15.56,37.47257953
2020/09/17,ARUNACHAL PRADESH,ANJAW,0.39,996.46,2.19,29.88773804
2020/09/17,ARUNACHAL PRADESH,WEST SIANG,0.64,1557.71,4.01,38.30095702
2020/09/16,ARUNACHAL PRADESH,UPPER SUBANSIRI,0.25,1206.44,2.14,36.70821285
2020/09/16,ARUNACHAL PRADESH,TIRAP,0.93,448.59,8.69,43.255501
2020/09/16,ARUNACHAL PRADESH,KURUNG KUMEY,0.81,1306.52,4.61,37.61985466
2020/09/16,ARUNACHAL PRADESH,EAST KAMENG,0.63,1009.32,3.99,32.8904083
2020/09/16,ARUNACHAL PRADESH,CHANGLANG,1.95,1011.17,11.55,39.2599358
2020/09/16,ARUNACHAL PRADESH,TAWANG,0.75,328.66,6.11,27.25948456
2020/09/16,ARUNACHAL PRADESH,LOWER DIBANG VALLEY,0.95,958.23,5.73,32.87739675
2020/09/16,ARUNACHAL PRADESH,DIBANG VALLEY,1.08,1181.77,6,31.07114373
2020/09/16,ARUNACHAL PRADESH,PAPUM PARE,0.32,657.66,3.45,34.04252863
2020/09/16,ARUNACHAL PRADESH,LOWER SUBANSIRI,0.55,461.68,6.43,36.41765668
2020/09/16,ARUNACHAL PRADESH,WEST KAMENG,0.42,773.9,4.04,28.75814652
2020/09/16,ARUNACHAL PRADESH,EAST SIANG,2.33,775.46,12.44,40.49357507
2020/09/16,ARUNACHAL PRADESH,UPPER SIANG,1.4,1253.97,7.69,36.12226668
2020/09/16,ARUNACHAL PRADESH,LOHIT,3.01,766.19,16.59,38.45396712
2020/09/16,ARUNACHAL PRADESH,ANJAW,0.48,1032.56,2.67,30.9705736
2020/09/16,ARUNACHAL PRADESH,WEST SIANG,0.64,1580.96,3.97,38.87247833
2020/09/15,ARUNACHAL PRADESH,UPPER SUBANSIRI,0.36,1229.96,2.82,37.42386365
2020/09/15,ARUNACHAL PRADESH,TIRAP,0.99,449.3,9.06,43.32405621
2020/09/15,ARUNACHAL PRADESH,KURUNG KUMEY,0.86,1323.45,4.88,38.107142
2020/09/15,ARUNACHAL PRADESH,EAST KAMENG,0.85,1060.72,5.63,34.56544839
2020/09/15,ARUNACHAL PRADESH,CHANGLANG,2.03,1009.68,12.04,39.20224857
2020/09/15,ARUNACHAL PRADESH,TAWANG,0.77,335.05,6.22,27.7899242
2020/09/15,ARUNACHAL PRADESH,LOWER DIBANG VALLEY,1.13,978.61,6.73,33.57676618
2020/09/15,ARUNACHAL PRADESH,DIBANG VALLEY,1.53,1231.41,8.5,32.37638426
2020/09/15,ARUNACHAL PRADESH,PAPUM PARE,0.89,717.03,8.35,37.11548553
2020/09/15,ARUNACHAL PRADESH,LOWER SUBANSIRI,0.88,502.38,8.83,39.62827254
2020/09/15,ARUNACHAL PRADESH,WEST KAMENG,0.48,793.69,4.63,29.49368242
2020/09/15,ARUNACHAL PRADESH,EAST SIANG,2.05,776.44,10.85,40.54501731
2020/09/15,ARUNACHAL PRADESH,UPPER SIANG,2.11,1321.25,11.63,38.06036964
2020/09/15,ARUNACHAL PRADESH,LOHIT,3.04,768.29,16.76,38.5594205
2020/09/15,ARUNACHAL PRADESH,ANJAW,0.61,1063.16,3.41,31.88850841
2020/09/15,ARUNACHAL PRADESH,WEST SIANG,1.2,1690.05,7.09,41.55487378
2020/09/14,ARUNACHAL PRADESH,UPPER SUBANSIRI,0.16,1123.99,1.35,34.19959331
2020/09/14,ARUNACHAL PRADESH,TIRAP,0.8,443.46,7.7,42.76056417
2020/09/14,ARUNACHAL PRADESH,KURUNG KUMEY,0.81,1272,4.57,36.62589008
2020/09/14,ARUNACHAL PRADESH,EAST KAMENG,0.5,969.41,3,31.58987193
2020/09/14,ARUNACHAL PRADESH,CHANGLANG,1.9,1009.9,11.12,39.21091082
2020/09/14,ARUNACHAL PRADESH,TAWANG,0.67,306.08,5.56,25.38687181
2020/09/14,ARUNACHAL PRADESH,LOWER DIBANG VALLEY,0.85,960.07,5.16,32.94054453
2020/09/14,ARUNACHAL PRADESH,DIBANG VALLEY,0.5,1005.64,2.81,26.44042429
2020/09/14,ARUNACHAL PRADESH,PAPUM PARE,0.23,622.13,2.63,32.20340366
2020/09/14,ARUNACHAL PRADESH,LOWER SUBANSIRI,0.41,433.91,5.03,34.22732223
2020/09/14,ARUNACHAL PRADESH,WEST KAMENG,0.38,748.56,3.74,27.81658523
2020/09/14,ARUNACHAL PRADESH,EAST SIANG,1.91,747.55,10.26,39.03606549
2020/09/14,ARUNACHAL PRADESH,UPPER SIANG,0.37,1085.48,2.03,31.26870096
2020/09/14,ARUNACHAL PRADESH,LOHIT,3.34,794.71,18.52,39.88519462
2020/09/14,ARUNACHAL PRADESH,ANJAW,0.93,1077.65,5.15,32.32309727
2020/09/14,ARUNACHAL PRADESH,WEST SIANG,0.33,1502.5,2.07,36.94335275
2020/09/13,ARUNACHAL PRADESH,UPPER SUBANSIRI,0.15,1111.93,1.21,33.83245306
2020/09/13,ARUNACHAL PRADESH,TIRAP,0.32,412.56,3.52,39.78177879
2020/09/13,ARUNACHAL PRADESH,KURUNG KUMEY,0.83,1280.58,4.72,36.87272766
2020/09/13,ARUNACHAL PRADESH,EAST KAMENG,0.56,990.59,3.5,32.28022004
2020/09/13,ARUNACHAL PRADESH,CHANGLANG,1,934.59,5.44,36.2869116
2020/09/13,ARUNACHAL PRADESH,TAWANG,0.63,298.66,5.32,24.7716233
2020/09/13,ARUNACHAL PRADESH,LOWER DIBANG VALLEY,1.44,1018.16,8.65,34.93370813
2020/09/13,ARUNACHAL PRADESH,DIBANG VALLEY,0.57,1022.77,3.19,26.89065922
2020/09/13,ARUNACHAL PRADESH,PAPUM PARE,0.26,633.99,2.87,32.81683884
2020/09/13,ARUNACHAL PRADESH,LOWER SUBANSIRI,0.45,442.77,5.46,34.92613119
2020/09/13,ARUNACHAL PRADESH,WEST KAMENG,0.44,750.76,4.36,27.89846063
2020/09/13,ARUNACHAL PRADESH,EAST SIANG,2.06,763.15,11.22,39.85077861
2020/09/13,ARUNACHAL PRADESH,UPPER SIANG,0.42,1110.84,2.3,31.99908559
2020/09/13,ARUNACHAL PRADESH,LOHIT,2.49,747.94,13.23,37.5376772
2020/09/13,ARUNACHAL PRADESH,ANJAW,0.7,1020.89,3.9,30.62067013
2020/09/13,ARUNACHAL PRADESH,WEST SIANG,0.29,1498.81,1.77,36.85277226
2020/09/12,ARUNACHAL PRADESH,UPPER SUBANSIRI,0.18,1131.83,1.41,34.43813012
2020/09/12,ARUNACHAL PRADESH,TIRAP,0.3,414.18,3.63,39.9377839
2020/09/12,ARUNACHAL PRADESH,KURUNG KUMEY,0.92,1297.59,5.19,37.3627819
2020/09/12,ARUNACHAL PRADESH,EAST KAMENG,0.83,1031.67,5.32,33.61880756
2020/09/12,ARUNACHAL PRADESH,CHANGLANG,0.59,895.44,3.02,34.76689414
2020/09/12,ARUNACHAL PRADESH,TAWANG,0.66,302.8,5.47,25.11524748
2020/09/12,ARUNACHAL PRADESH,LOWER DIBANG VALLEY,1.32,1014.12,7.8,34.79497502
2020/09/12,ARUNACHAL PRADESH,DIBANG VALLEY,0.66,1028.68,3.71,27.0460827
2020/09/12,ARUNACHAL PRADESH,PAPUM PARE,0.28,647.44,3.08,33.51309076
2020/09/12,ARUNACHAL PRADESH,LOWER SUBANSIRI,0.5,441.53,5.84,34.82781554
2020/09/12,ARUNACHAL PRADESH,WEST KAMENG,0.62,776.02,5.87,28.83714782
2020/09/12,ARUNACHAL PRADESH,EAST SIANG,2.26,799.31,12.72,41.73904075
2020/09/12,ARUNACHAL PRADESH,UPPER SIANG,0.83,1172.89,4.56,33.78655125
2020/09/12,ARUNACHAL PRADESH,LOHIT,0.93,629.08,3.84,31.57239927
2020/09/12,ARUNACHAL PRADESH,ANJAW,0.25,915.41,1.42,27.45684158
2020/09/12,ARUNACHAL PRADESH,WEST SIANG,0.46,1560.36,2.83,38.36616262
2020/09/11,ARUNACHAL PRADESH,UPPER SUBANSIRI,0.21,1135.15,1.59,34.53897811
2020/09/11,ARUNACHAL PRADESH,TIRAP,0.33,421.17,3.69,40.61192669
2020/09/11,ARUNACHAL PRADESH,KURUNG KUMEY,0.84,1237.77,4.72,35.6401719
2020/09/11,ARUNACHAL PRADESH,EAST KAMENG,0.59,980.75,3.58,31.95946809
2020/09/11,ARUNACHAL PRADESH,CHANGLANG,0.75,934.14,3.97,36.26948724
2020/09/11,ARUNACHAL PRADESH,TAWANG,0.68,306.99,5.62,25.46259293
2020/09/11,ARUNACHAL PRADESH,LOWER DIBANG VALLEY,0.1,815.79,0.58,27.9902453
2020/09/11,ARUNACHAL PRADESH,DIBANG VALLEY,0.47,993.98,2.62,26.13379517
2020/09/11,ARUNACHAL PRADESH,PAPUM PARE,0.73,686.58,6.88,35.53911894
2020/09/11,ARUNACHAL PRADESH,LOWER SUBANSIRI,0.74,462.64,7.63,36.49342724
2020/09/11,ARUNACHAL PRADESH,WEST KAMENG,0.36,745.66,3.53,27.70868313
2020/09/11,ARUNACHAL PRADESH,EAST SIANG,0.28,664.22,1.23,34.68459098
2020/09/11,ARUNACHAL PRADESH,UPPER SIANG,0.32,1097.02,1.76,31.60096411
2020/09/11,ARUNACHAL PRADESH,LOHIT,1,619.67,4.23,31.1000147
2020/09/11,ARUNACHAL PRADESH,ANJAW,0.29,928.76,1.61,27.85705487
2020/09/11,ARUNACHAL PRADESH,WEST SIANG,0.51,1532.9,2.98,37.69089948
2020/09/10,ARUNACHAL PRADESH,UPPER SUBANSIRI,0.16,1102.16,1.16,33.53533072
2020/09/10,ARUNACHAL PRADESH,TIRAP,0.33,420.07,3.6,40.50576599
2020/09/10,ARUNACHAL PRADESH,KURUNG KUMEY,0.84,1217.92,4.73,35.06855832
2020/09/10,ARUNACHAL PRADESH,EAST KAMENG,0.43,955.35,2.53,31.13184297
2020/09/10,ARUNACHAL PRADESH,CHANGLANG,0.59,855.54,3.04,33.21772833
2020/09/10,ARUNACHAL PRADESH,TAWANG,0.69,310.76,5.69,25.77523668
2020/09/10,ARUNACHAL PRADESH,LOWER DIBANG VALLEY,0.1,782.65,0.58,26.85305813
2020/09/10,ARUNACHAL PRADESH,DIBANG VALLEY,0.54,1007.8,3.03,26.49722662
2020/09/10,ARUNACHAL PRADESH,PAPUM PARE,0.5,669.38,4.45,34.64881143
2020/09/10,ARUNACHAL PRADESH,LOWER SUBANSIRI,0.47,432.06,4.85,34.08084448
2020/09/10,ARUNACHAL PRADESH,WEST KAMENG,0.38,755.61,3.71,28.07865051
2020/09/10,ARUNACHAL PRADESH,EAST SIANG,0.2,596.87,0.74,31.16794613
2020/09/10,ARUNACHAL PRADESH,UPPER SIANG,0.35,1043.87,1.91,30.07013935
2020/09/10,ARUNACHAL PRADESH,LOHIT,0.78,578.21,2.96,29.01948156
2020/09/10,ARUNACHAL PRADESH,ANJAW,0.28,899.54,1.58,26.98068688
2020/09/10,ARUNACHAL PRADESH,WEST SIANG,0.19,1430.58,1.13,35.17501117
2020/09/09,ARUNACHAL PRADESH,UPPER SUBANSIRI,0.18,1095.8,1.29,33.34165496
2020/09/09,ARUNACHAL PRADESH,TIRAP,0.12,393.66,1.43,37.95874122
2020/09/09,ARUNACHAL PRADESH,KURUNG KUMEY,0.74,1213.21,4.15,34.93309981
2020/09/09,ARUNACHAL PRADESH,EAST KAMENG,0.35,920.06,2.01,29.98176283
2020/09/09,ARUNACHAL PRADESH,CHANGLANG,0.56,843.74,2.81,32.75945965
2020/09/09,ARUNACHAL PRADESH,TAWANG,0.71,314.79,5.85,26.10925449
2020/09/09,ARUNACHAL PRADESH,LOWER DIBANG VALLEY,0.12,781.52,0.67,26.81441711
2020/09/09,ARUNACHAL PRADESH,DIBANG VALLEY,0.61,1027.43,3.44,27.01328112
2020/09/09,ARUNACHAL PRADESH,PAPUM PARE,0.03,590.59,0.43,30.57059005
2020/09/09,ARUNACHAL PRADESH,LOWER SUBANSIRI,0.1,379.31,1.47,29.92011151
2020/09/09,ARUNACHAL PRADESH,WEST KAMENG,0.28,725.34,2.86,26.9538176
2020/09/09,ARUNACHAL PRADESH,EAST SIANG,0.24,601.12,0.96,31.38973284
2020/09/09,ARUNACHAL PRADESH,UPPER SIANG,0.34,1047.34,1.88,30.16987015
2020/09/09,ARUNACHAL PRADESH,LOHIT,0.84,581.02,3.4,29.16024397
2020/09/09,ARUNACHAL PRADESH,ANJAW,0.28,896.78,1.57,26.89788382
2020/09/09,ARUNACHAL PRADESH,WEST SIANG,0.14,1407.18,0.8,34.59964901
2020/09/08,ARUNACHAL PRADESH,UPPER SUBANSIRI,0.21,1111.2,1.53,33.81022657
2020/09/08,ARUNACHAL PRADESH,TIRAP,0.1,385.72,1.28,37.19352058
2020/09/08,ARUNACHAL PRADESH,KURUNG KUMEY,0.79,1229.54,4.46,35.40314019
2020/09/08,ARUNACHAL PRADESH,EAST KAMENG,0.4,939.09,2.28,30.6019637
2020/09/08,ARUNACHAL PRADESH,CHANGLANG,0.42,816.71,1.88,31.70996758
2020/09/08,ARUNACHAL PRADESH,TAWANG,0.74,320.32,6.05,26.56813766
2020/09/08,ARUNACHAL PRADESH,LOWER DIBANG VALLEY,0.14,794.42,0.81,27.25718255
2020/09/08,ARUNACHAL PRADESH,DIBANG VALLEY,0.71,1052.46,3.99,27.67123933
2020/09/08,ARUNACHAL PRADESH,PAPUM PARE,0.04,603.45,0.5,31.23620466
2020/09/08,ARUNACHAL PRADESH,LOWER SUBANSIRI,0.12,381.4,1.65,30.08476485
2020/09/08,ARUNACHAL PRADESH,WEST KAMENG,0.32,740.08,3.22,27.50152033
2020/09/08,ARUNACHAL PRADESH,EAST SIANG,0.29,611.21,1.21,31.91658263
2020/09/08,ARUNACHAL PRADESH,UPPER SIANG,0.39,1066.87,2.16,30.73246095
2020/09/08,ARUNACHAL PRADESH,LOHIT,0.97,592.02,4.18,29.71267599
2020/09/08,ARUNACHAL PRADESH,ANJAW,0.3,907.62,1.69,27.22318086
2020/09/08,ARUNACHAL PRADESH,WEST SIANG,0.16,1417.94,0.93,34.86426942
2020/09/07,ARUNACHAL PRADESH,UPPER SUBANSIRI,0.25,1135.92,1.86,34.56264164
2020/09/07,ARUNACHAL PRADESH,TIRAP,0.14,399.19,1.66,38.4919881
2020/09/07,ARUNACHAL PRADESH,KURUNG KUMEY,0.87,1248.68,4.9,35.95421349
2020/09/07,ARUNACHAL PRADESH,EAST KAMENG,0.46,963.19,2.65,31.38727043
2020/09/07,ARUNACHAL PRADESH,CHANGLANG,0.47,829.07,2.13,32.1897795
2020/09/07,ARUNACHAL PRADESH,TAWANG,0.78,325.79,6.26,27.02173888
2020/09/07,ARUNACHAL PRADESH,LOWER DIBANG VALLEY,0.18,810.65,1.01,27.81388509
2020/09/07,ARUNACHAL PRADESH,DIBANG VALLEY,0.82,1080.42,4.56,28.40653216
2020/09/07,ARUNACHAL PRADESH,PAPUM PARE,0.04,620.42,0.54,32.11468508
2020/09/07,ARUNACHAL PRADESH,LOWER SUBANSIRI,0.13,384.3,1.79,30.31403344
2020/09/07,ARUNACHAL PRADESH,WEST KAMENG,0.37,756.66,3.62,28.11745721
2020/09/07,ARUNACHAL PRADESH,EAST SIANG,0.38,624.18,1.64,32.59375872
2020/09/07,ARUNACHAL PRADESH,UPPER SIANG,0.46,1091.81,2.52,31.45087604
2020/09/07,ARUNACHAL PRADESH,LOHIT,1.12,599.1,4.96,30.06768788
2020/09/07,ARUNACHAL PRADESH,ANJAW,0.35,921.92,1.94,27.65199149
2020/09/07,ARUNACHAL PRADESH,WEST SIANG,0.19,1446.68,1.06,35.57100176
2020/09/06,ARUNACHAL PRADESH,UPPER SUBANSIRI,0.32,1172.86,2.31,35.68653472
2020/09/06,ARUNACHAL PRADESH,TIRAP,0.08,376.25,1.06,36.280085
2020/09/06,ARUNACHAL PRADESH,KURUNG KUMEY,0.92,1268.34,5.17,36.5204524
2020/09/06,ARUNACHAL PRADESH,EAST KAMENG,0.75,1015.03,4.73,33.07661219
2020/09/06,ARUNACHAL PRADESH,CHANGLANG,0.57,842.98,2.67,32.72992311
2020/09/06,ARUNACHAL PRADESH,TAWANG,0.81,332.2,6.47,27.5534785
2020/09/06,ARUNACHAL PRADESH,LOWER DIBANG VALLEY,0.22,826.06,1.26,28.34277184
2020/09/06,ARUNACHAL PRADESH,DIBANG VALLEY,0.9,1107.53,5.02,29.11928891
2020/09/06,ARUNACHAL PRADESH,PAPUM PARE,0.2,657.26,2.09,34.02175523
2020/09/06,ARUNACHAL PRADESH,LOWER SUBANSIRI,0.13,386.75,1.87,30.50698394
2020/09/06,ARUNACHAL PRADESH,WEST KAMENG,0.45,778.46,4.38,28.92754381
2020/09/06,ARUNACHAL PRADESH,EAST SIANG,0.48,636.94,2.12,33.26015512
2020/09/06,ARUNACHAL PRADESH,UPPER SIANG,0.56,1121.03,3.07,32.29269954
2020/09/06,ARUNACHAL PRADESH,LOHIT,1.38,617.87,6.47,31.00998504
2020/09/06,ARUNACHAL PRADESH,ANJAW,0.38,937.44,2.13,28.11757838
2020/09/06,ARUNACHAL PRADESH,WEST SIANG,0.39,1496.62,2.17,36.79878497
2020/09/05,ARUNACHAL PRADESH,UPPER SUBANSIRI,0.46,1194.4,3.07,36.34185934
2020/09/05,ARUNACHAL PRADESH,TIRAP,0.1,378.8,1.31,36.52586979
2020/09/05,ARUNACHAL PRADESH,KURUNG KUMEY,0.99,1279.13,5.56,36.83100423
2020/09/05,ARUNACHAL PRADESH,EAST KAMENG,0.45,948.51,2.59,30.90875745
2020/09/05,ARUNACHAL PRADESH,CHANGLANG,0.66,859.59,3.23,33.37484494
2020/09/05,ARUNACHAL PRADESH,TAWANG,0.84,339.35,6.69,28.14629113
2020/09/05,ARUNACHAL PRADESH,LOWER DIBANG VALLEY,0.27,843.69,1.58,28.94762489
2020/09/05,ARUNACHAL PRADESH,DIBANG VALLEY,0.98,1140.85,5.48,29.99543606
2020/09/05,ARUNACHAL PRADESH,PAPUM PARE,0.07,608.56,0.87,31.50091028
2020/09/05,ARUNACHAL PRADESH,LOWER SUBANSIRI,0.13,385.45,1.83,30.40449446
2020/09/05,ARUNACHAL PRADESH,WEST KAMENG,0.38,761.39,3.73,28.29345141
2020/09/05,ARUNACHAL PRADESH,EAST SIANG,0.58,650.58,2.68,33.97239959
2020/09/05,ARUNACHAL PRADESH,UPPER SIANG,0.58,1145.76,3.19,33.00512926
2020/09/05,ARUNACHAL PRADESH,LOHIT,1.62,633.1,7.79,31.77434354
2020/09/05,ARUNACHAL PRADESH,ANJAW,0.43,955.88,2.44,28.6707266
2020/09/05,ARUNACHAL PRADESH,WEST SIANG,0.34,1494.11,1.96,36.73715175
2020/09/04,ARUNACHAL PRADESH,UPPER SUBANSIRI,0.16,1093.21,1.11,33.26310646
2020/09/04,ARUNACHAL PRADESH,TIRAP,0.12,386.98,1.58,37.31484331
2020/09/04,ARUNACHAL PRADESH,KURUNG KUMEY,0.73,1235.67,4.11,35.57965893
2020/09/04,ARUNACHAL PRADESH,EAST KAMENG,0.4,952.01,2.27,31.02278282
2020/09/04,ARUNACHAL PRADESH,CHANGLANG,0.8,882.55,4.03,34.26605225
2020/09/04,ARUNACHAL PRADESH,TAWANG,0.8,342.11,6.48,28.3751367
2020/09/04,ARUNACHAL PRADESH,LOWER DIBANG VALLEY,0.33,862.04,1.93,29.57703917
2020/09/04,ARUNACHAL PRADESH,DIBANG VALLEY,1.08,1182.52,6.02,31.09088528
2020/09/04,ARUNACHAL PRADESH,PAPUM PARE,0.39,635.64,3.33,32.90236973
2020/09/04,ARUNACHAL PRADESH,LOWER SUBANSIRI,0.14,387.85,1.94,30.59393848
2020/09/04,ARUNACHAL PRADESH,WEST KAMENG,0.46,779.26,4.48,28.95723138
2020/09/04,ARUNACHAL PRADESH,EAST SIANG,0.54,647.56,2.41,33.81482267
2020/09/04,ARUNACHAL PRADESH,UPPER SIANG,0.51,1157.47,2.8,33.34248868
2020/09/04,ARUNACHAL PRADESH,LOHIT,1.86,651.92,9.22,32.71868485
2020/09/04,ARUNACHAL PRADESH,ANJAW,0.5,978.58,2.83,29.35152764
2020/09/04,ARUNACHAL PRADESH,WEST SIANG,0.12,1440.7,0.66,35.42393392
2020/09/03,ARUNACHAL PRADESH,UPPER SUBANSIRI,0.18,1084.57,1.2,32.99995575
2020/09/03,ARUNACHAL PRADESH,TIRAP,0.12,386.04,1.39,37.22456802
2020/09/03,ARUNACHAL PRADESH,KURUNG KUMEY,0.78,1258.18,4.37,36.2278155
2020/09/03,ARUNACHAL PRADESH,EAST KAMENG,0.35,928.25,1.97,30.24846094
2020/09/03,ARUNACHAL PRADESH,CHANGLANG,0.95,905.37,4.98,35.15215234
2020/09/03,ARUNACHAL PRADESH,TAWANG,0.77,330.8,6.28,27.43762672
2020/09/03,ARUNACHAL PRADESH,LOWER DIBANG VALLEY,0.41,866.25,2.41,29.72152162
2020/09/03,ARUNACHAL PRADESH,DIBANG VALLEY,1.93,1266.39,10.69,33.29588819
2020/09/03,ARUNACHAL PRADESH,PAPUM PARE,0.03,560.46,0.48,29.01072745
2020/09/03,ARUNACHAL PRADESH,LOWER SUBANSIRI,0.11,376.85,1.58,29.72615798
2020/09/03,ARUNACHAL PRADESH,WEST KAMENG,0.34,763.88,3.44,28.38592049
2020/09/03,ARUNACHAL PRADESH,EAST SIANG,0.64,655.44,2.88,34.22608961
2020/09/03,ARUNACHAL PRADESH,UPPER SIANG,1.87,1252.27,10.27,36.0732301
2020/09/03,ARUNACHAL PRADESH,LOHIT,2.15,672.9,10.93,33.7717521
2020/09/03,ARUNACHAL PRADESH,ANJAW,0.56,998.65,3.2,29.95361121
2020/09/03,ARUNACHAL PRADESH,WEST SIANG,0.15,1415.5,0.83,34.80413256
2020/09/02,ARUNACHAL PRADESH,UPPER SUBANSIRI,0.17,1049.51,1.14,31.93329278
2020/09/02,ARUNACHAL PRADESH,TIRAP,0.13,390.7,1.53,37.6738571
2020/09/02,ARUNACHAL PRADESH,KURUNG KUMEY,0.73,1213.79,4.13,34.9495909
2020/09/02,ARUNACHAL PRADESH,EAST KAMENG,0.38,925.01,2.12,30.14296104
2020/09/02,ARUNACHAL PRADESH,CHANGLANG,1.09,931.86,5.89,36.18094826
2020/09/02,ARUNACHAL PRADESH,TAWANG,0.8,339.71,6.47,28.1761383
2020/09/02,ARUNACHAL PRADESH,LOWER DIBANG VALLEY,0.51,884.32,3.01,30.34157522
2020/09/02,ARUNACHAL PRADESH,DIBANG VALLEY,0.71,1122.2,4,29.50502268
2020/09/02,ARUNACHAL PRADESH,PAPUM PARE,0.03,535.01,0.45,27.69373994
2020/09/02,ARUNACHAL PRADESH,LOWER SUBANSIRI,0.1,374.14,1.49,29.51227861
2020/09/02,ARUNACHAL PRADESH,WEST KAMENG,0.32,759.82,3.25,28.23488988
2020/09/02,ARUNACHAL PRADESH,EAST SIANG,0.83,658.89,3.97,34.40641288
2020/09/02,ARUNACHAL PRADESH,UPPER SIANG,0.1,1023.25,0.56,29.47588523
2020/09/02,ARUNACHAL PRADESH,LOHIT,2.26,684.49,11.68,34.35334302
2020/09/02,ARUNACHAL PRADESH,ANJAW,0.44,973.42,2.43,29.19660346
2020/09/02,ARUNACHAL PRADESH,WEST SIANG,0.08,1350.57,0.48,33.20762695
2020/09/01,ARUNACHAL PRADESH,UPPER SUBANSIRI,0.2,1067.55,1.33,32.48234468
2020/09/01,ARUNACHAL PRADESH,TIRAP,0.11,374.83,1.39,36.14314384
2020/09/01,ARUNACHAL PRADESH,KURUNG KUMEY,0.78,1231.27,4.39,35.45317013
2020/09/01,ARUNACHAL PRADESH,EAST KAMENG,0.44,946.36,2.51,30.83885196
2020/09/01,ARUNACHAL PRADESH,CHANGLANG,1.05,912.01,5.79,35.40991175
2020/09/01,ARUNACHAL PRADESH,TAWANG,0.85,347.56,6.79,28.82746687
2020/09/01,ARUNACHAL PRADESH,LOWER DIBANG VALLEY,0.42,881.95,2.43,30.26043826
2020/09/01,ARUNACHAL PRADESH,DIBANG VALLEY,1.21,1196.9,6.72,31.46901327
2020/09/01,ARUNACHAL PRADESH,PAPUM PARE,0.03,539.19,0.43,27.91014379
2020/09/01,ARUNACHAL PRADESH,LOWER SUBANSIRI,0.11,375.91,1.59,29.65199488
2020/09/01,ARUNACHAL PRADESH,WEST KAMENG,0.38,775.12,3.72,28.80356258
2020/09/01,ARUNACHAL PRADESH,EAST SIANG,0.34,615.7,1.52,32.15116195
2020/09/01,ARUNACHAL PRADESH,UPPER SIANG,0.13,1042.77,0.71,30.03839917
2020/09/01,ARUNACHAL PRADESH,LOHIT,1.77,669.58,8.91,33.60516321
2020/09/01,ARUNACHAL PRADESH,ANJAW,0.44,983.14,2.46,29.48817236
2020/09/01,ARUNACHAL PRADESH,WEST SIANG,0.1,1365.29,0.55,33.56955005
