"Dist Code","Year","State Code","State Name","Dist Name","TOTAL AREA (1000 ha)","FOREST AREA (1000 ha)","BARREN AND UNCULTIVABLE LAND AREA (1000 ha)","LAND PUT TO NONAGRICULTURAL USE AREA (1000 ha)","CULTIVABLE WASTE LAND AREA (1000 ha)","PERMANENT PASTURES AREA (1000 ha)","OTHER FALLOW AREA (1000 ha)","CURRENT FALLOW AREA (1000 ha)","NET CROPPED AREA (1000 ha)","GROSS CROPPED AREA (1000 ha)","CROPING INTENSITY (Percent)"
"1","2000","14","Chhattisgarh","Durg","1983.7","491.04","34.99","143.21","41.0","132.88","43.42","59.43","1023.38","1210.93","118.33"
"1","2001","14","Chhattisgarh","Durg","1983.7","491.16","33.79","144.93","42.28","131.52","45.25","44.66","1035.78","1341.98","129.56"
"1","2002","14","Chhattisgarh","Durg","1986.17","491.39","111.64","67.14","42.73","133.51","44.98","47.61","1032.39","1283.3","124.3"
"1","2003","14","Chhattisgarh","Durg","1986.17","491.53","34.14","146.27","43.1","133.3","43.94","40.97","1038.52","1379.58","132.84"
"1","2004","14","Chhattisgarh","Durg","1986.17","491.58","36.55","145.12","42.36","132.79","43.57","40.15","1039.53","1416.16","136.23"
"1","2005","14","Chhattisgarh","Durg","1986.17","491.48","37.88","143.34","43.66","133.77","42.1","37.94","1041.71","1435.08","137.76"
"1","2006","14","Chhattisgarh","Durg","1986.17","491.4","36.8","144.83","43.55","134.56","41.96","38.81","1039.95","1433.76","137.87"
"1","2007","14","Chhattisgarh","Durg","1986.17","491.4","36.72","146.54","45.51","133.46","41.89","38.16","1038.2","1444.62","139.15"
"1","2008","14","Chhattisgarh","Durg","1986.17","491.22","34.2","149.43","45.55","134.47","43.47","41.89","1031.64","1391.09","134.84"
"1","2009","14","Chhattisgarh","Durg","1986.17","490.88","35.2","149.18","46.54","134.93","45.31","42.98","1026.77","1361.03","132.55"
"1","2010","14","Chhattisgarh","Durg","1986.17","491.36","36.29","148.17","48.77","134.03","48.05","38.42","1026.61","1403.63","136.73"
"1","2011","14","Chhattisgarh","Durg","1988.17","493.3","37.58","151.32","50.33","135.62","47.15","41.93","1030.41","1409.94","136.83"
"1","2012","14","Chhattisgarh","Durg","1988.17","493.28","35.36","153.7","50.47","137.65","47.44","40.82","1029.07","1415.98","137.6"
"1","2013","14","Chhattisgarh","Durg","1639.34","142.45","34.94","153.26","52.36","137.99","46.51","40.78","1030.52","1431.3","138.89"
"1","2014","14","Chhattisgarh","Durg","1640.28","143.14","34.74","155.01","53.55","137.47","48.37","41.44","1026.15","1438.76","140.21"
"1","2015","14","Chhattisgarh","Durg","1640.28","143.12","35.15","155.51","53.48","137.15","47.19","38.36","1030.0","1438.03","139.61"
"1","2016","14","Chhattisgarh","Durg","1988.17","488.91","34.19","155.72","52.76","137.37","44.04","34.67","1038.21","1467.94","141.39"
"1","2017","14","Chhattisgarh","Durg","1988.17","489.42","33.13","156.53","51.21","136.35","40.01","30.72","1048.51","1452.98","138.58"
"1","2018","14","Chhattisgarh","Durg","1988.17","491.44","32.76","154.48","42.78","138.39","34.51","28.9","1061.88","1503.0","141.54"
"1","2019","14","Chhattisgarh","Durg","1988.17","491.44","33.45","154.67","43.15","136.78","36.31","35.69","1053.7","1614.97","153.27"
"1","2020","14","Chhattisgarh","Durg","1988.17","488.98","33.67","156.94","40.65","137.24","37.97","37.46","1053.67","1607.52","152.56"
"2","2000","14","Chhattisgarh","Bastar","3901.99","2407.97","100.23","99.05","194.54","121.5","43.69","50.31","856.61","880.01","102.73"
"2","2001","14","Chhattisgarh","Bastar","3901.84","2405.56","99.59","102.21","190.88","120.79","44.31","49.17","857.73","884.78","103.15"
"2","2002","14","Chhattisgarh","Bastar","3901.85","2407.75","100.11","104.49","191.72","124.05","47.11","62.56","836.07","856.56","102.45"
"2","2003","14","Chhattisgarh","Bastar","3901.75","2407.02","100.07","106.21","197.5","116.79","45.97","55.58","844.57","872.65","103.32"
"2","2004","14","Chhattisgarh","Bastar","3901.75","2407.36","99.82","107.08","192.84","119.64","46.98","56.25","843.75","872.31","103.38"
"2","2005","14","Chhattisgarh","Bastar","3901.75","2407.79","117.07","88.95","189.8","124.04","47.32","54.9","842.86","872.18","103.48"
"2","2006","14","Chhattisgarh","Bastar","3903.76","2412.25","120.28","90.67","204.19","126.63","51.91","81.85","867.8","899.94","103.7"
"2","2007","14","Chhattisgarh","Bastar","3903.76","2411.2","118.83","90.98","196.35","127.32","68.18","60.4","816.82","848.55","103.88"
"2","2008","14","Chhattisgarh","Bastar","3903.76","2411.49","118.65","90.46","200.68","123.82","66.63","60.39","817.63","848.65","103.79"
"2","2009","14","Chhattisgarh","Bastar","3903.76","2413.25","118.54","92.45","198.44","124.67","63.98","62.83","815.61","845.84","103.71"
"2","2010","14","Chhattisgarh","Bastar","3903.76","2398.38","113.71","100.9","200.2","122.87","59.58","59.22","834.85","867.33","103.89"
"2","2011","14","Chhattisgarh","Bastar","3905.76","2415.68","102.36","114.71","199.69","130.66","62.44","66.72","813.45","844.83","103.86"
"2","2012","14","Chhattisgarh","Bastar","3905.76","2416.07","102.49","113.92","203.7","127.84","60.6","62.98","818.08","850.17","103.92"
"2","2013","14","Chhattisgarh","Bastar","2350.0","858.45","102.29","113.63","190.88","142.91","59.74","61.58","820.48","853.63","104.04"
"2","2014","14","Chhattisgarh","Bastar","2357.91","859.21","102.26","115.54","192.87","144.12","62.6","58.89","822.42","856.61","104.16"
"2","2015","14","Chhattisgarh","Bastar","2357.91","855.79","101.63","116.38","203.32","142.24","58.97","67.78","811.81","844.52","104.03"
"2","2016","14","Chhattisgarh","Bastar","3905.75","2400.88","101.62","118.64","195.63","148.45","60.16","63.12","817.24","849.21","103.91"
"2","2017","14","Chhattisgarh","Bastar","3905.75","2400.65","101.54","118.22","202.1","142.75","59.54","65.28","815.2","846.6","103.85"
"2","2018","14","Chhattisgarh","Bastar","3904.22","2394.36","102.37","118.59","204.21","143.42","59.29","67.21","813.45","844.55","103.82"
"2","2019","14","Chhattisgarh","Bastar","3904.22","2396.25","102.73","128.75","200.89","146.27","65.12","72.49","790.12","830.92","105.16"
"2","2020","14","Chhattisgarh","Bastar","4160.82","2655.41","102.88","119.86","208.42","146.54","68.13","84.28","773.5","811.22","104.88"
"3","2000","14","Chhattisgarh","Raipur","2247.13","886.25","16.02","151.31","39.94","138.16","31.33","33.62","936.45","1044.84","111.57"
"3","2001","14","Chhattisgarh","Raipur","2196.75","835.52","15.91","152.49","39.93","137.41","30.86","21.25","949.22","1129.93","119.04"
"3","2002","14","Chhattisgarh","Raipur","2247.06","886.17","15.91","151.92","41.26","137.16","31.02","23.21","946.24","1095.77","115.8"
"3","2003","14","Chhattisgarh","Raipur","2247.12","886.34","15.87","152.77","41.34","137.56","31.57","20.06","947.37","1179.44","124.5"
"3","2004","14","Chhattisgarh","Raipur","2247.12","886.16","16.13","152.72","40.85","137.54","31.52","19.51","948.65","1173.2","123.67"
"3","2005","14","Chhattisgarh","Raipur","2247.12","886.04","16.06","154.46","42.59","136.49","32.34","19.08","945.91","1181.94","124.95"
"3","2006","14","Chhattisgarh","Raipur","2247.12","886.2","16.01","155.36","41.54","137.16","30.28","18.58","945.86","1191.47","125.97"
"3","2007","14","Chhattisgarh","Raipur","2247.12","884.91","15.84","155.52","40.48","138.35","32.94","18.89","946.02","1206.64","127.55"
"3","2008","14","Chhattisgarh","Raipur","2247.12","839.71","16.08","156.89","41.13","138.02","33.2","21.97","940.77","1175.23","124.92"
"3","2009","14","Chhattisgarh","Raipur","2247.12","884.22","15.85","157.71","41.27","138.49","35.64","23.65","936.16","1152.93","123.16"
"3","2010","14","Chhattisgarh","Raipur","2247.12","884.84","15.82","158.24","42.79","138.48","18.1","36.0","938.71","1179.8","125.68"
"3","2011","14","Chhattisgarh","Raipur","2249.12","886.9","18.12","162.01","44.46","139.66","38.86","19.32","939.63","1160.96","123.56"
"3","2012","14","Chhattisgarh","Raipur","2249.12","887.04","17.48","164.67","47.47","139.18","37.77","18.47","936.8","1184.23","126.41"
"3","2013","14","Chhattisgarh","Raipur","1534.28","157.44","17.83","166.31","47.64","143.16","38.19","16.63","946.79","1191.32","125.83"
"3","2014","14","Chhattisgarh","Raipur","1537.77","154.56","17.84","168.21","46.65","144.12","35.69","16.7","953.71","1220.67","127.99"
"3","2015","14","Chhattisgarh","Raipur","1538.31","156.16","17.85","167.64","48.86","146.5","35.79","17.6","947.72","1161.84","122.59"
"3","2016","14","Chhattisgarh","Raipur","2249.12","869.86","17.88","169.21","48.83","145.57","37.57","19.14","940.87","1176.4","125.03"
"3","2017","14","Chhattisgarh","Raipur","2249.12","867.32","18.86","170.51","48.12","144.87","35.98","23.48","939.7","1119.83","119.17"
"3","2018","14","Chhattisgarh","Raipur","2249.12","864.77","19.49","169.63","48.78","144.17","35.59","18.88","947.61","1145.17","120.85"
"3","2019","14","Chhattisgarh","Raipur","2249.12","864.59","17.98","171.72","49.57","145.89","34.35","30.06","934.81","1136.15","121.54"
"3","2020","14","Chhattisgarh","Raipur","2249.12","872.33","17.31","172.3","47.18","145.32","33.91","27.78","932.87","1131.73","121.32"
"4","2000","14","Chhattisgarh","Bilaspur","2145.06","947.57","45.09","106.69","35.91","130.12","30.24","33.13","809.29","935.85","115.64"
"4","2001","14","Chhattisgarh","Bilaspur","2145.06","947.25","44.58","108.27","35.17","129.65","29.09","25.47","818.53","975.1","119.13"
"4","2002","14","Chhattisgarh","Bilaspur","2146.07","948.31","45.05","108.97","35.67","130.66","30.14","30.02","810.22","957.32","118.16"
"4","2003","14","Chhattisgarh","Bilaspur","2146.07","948.5","45.28","108.35","36.27","130.18","29.49","25.19","815.75","998.87","122.45"
"4","2004","14","Chhattisgarh","Bilaspur","2146.07","948.45","46.86","107.41","36.97","129.5","29.6","26.11","814.16","995.56","122.28"
"4","2005","14","Chhattisgarh","Bilaspur","2146.07","948.78","45.25","107.76","39.22","129.85","30.29","25.84","812.02","999.62","123.1"
"4","2006","14","Chhattisgarh","Bilaspur","2146.07","947.54","45.49","108.95","38.96","131.29","30.12","19.98","812.12","1015.08","124.99"
"4","2007","14","Chhattisgarh","Bilaspur","2146.07","945.68","46.0","109.91","39.54","130.62","29.95","26.16","811.19","997.26","122.94"
"4","2008","14","Chhattisgarh","Bilaspur","2146.07","945.58","44.56","112.63","39.58","130.94","30.61","27.07","808.02","1023.34","126.65"
"4","2009","14","Chhattisgarh","Bilaspur","2146.07","944.86","44.56","113.05","40.86","132.14","32.16","27.38","803.95","974.34","121.19"
"4","2010","14","Chhattisgarh","Bilaspur","2146.07","945.28","45.15","112.65","40.66","131.31","26.3","31.91","805.68","1004.66","124.7"
"4","2011","14","Chhattisgarh","Bilaspur","2147.07","947.21","46.17","110.89","43.79","134.75","32.86","26.77","804.53","1031.79","128.25"
"4","2012","14","Chhattisgarh","Bilaspur","2147.07","947.12","46.5","113.07","42.97","133.36","31.54","29.94","802.48","1028.36","128.15"
"4","2013","14","Chhattisgarh","Bilaspur","1518.67","318.71","46.51","112.68","43.81","133.63","31.05","29.1","803.08","1006.84","125.37"
"4","2014","14","Chhattisgarh","Bilaspur","1518.67","318.74","45.18","111.58","44.04","133.36","32.74","28.81","804.11","1005.75","125.08"
"4","2015","14","Chhattisgarh","Bilaspur","1518.67","318.91","45.18","111.3","44.1","133.71","31.57","32.22","801.51","1008.59","125.84"
"4","2016","14","Chhattisgarh","Bilaspur","2147.07","948.06","50.99","102.96","50.49","133.84","32.24","36.71","791.55","972.84","122.9"
"4","2017","14","Chhattisgarh","Bilaspur","2147.07","948.79","45.32","107.53","48.84","133.95","31.09","40.9","790.44","946.02","119.68"
"4","2018","14","Chhattisgarh","Bilaspur","2147.07","946.55","45.39","102.38","53.66","137.09","32.54","38.05","791.06","946.05","119.59"
"4","2019","14","Chhattisgarh","Bilaspur","1907.55","800.54","39.84","93.26","52.17","130.35","26.71","31.32","733.04","906.15","123.62"
"4","2020","14","Chhattisgarh","Bilaspur","1907.55","798.59","39.84","101.16","43.35","130.36","24.81","27.05","742.05","925.22","124.68"
"5","2000","14","Chhattisgarh","Raigarh","1298.51","385.34","118.0","72.23","15.61","104.68","30.97","38.5","533.19","565.05","105.98"
"5","2001","14","Chhattisgarh","Raigarh","1298.51","385.15","118.0","72.08","16.45","104.83","31.48","38.3","532.22","568.2","106.76"
"5","2002","14","Chhattisgarh","Raigarh","1298.51","384.55","117.76","72.93","16.47","105.45","30.34","38.73","532.29","571.61","107.39"
"5","2003","14","Chhattisgarh","Raigarh","1298.51","385.09","117.86","72.77","16.52","105.44","30.04","38.87","531.93","584.52","109.89"
"5","2004","14","Chhattisgarh","Raigarh","1298.51","385.15","117.91","75.77","15.08","105.14","30.7","39.9","528.88","575.32","108.78"
"5","2005","14","Chhattisgarh","Raigarh","1298.51","438.89","68.15","72.93","14.77","104.84","31.76","41.06","526.11","574.12","109.13"
"5","2006","14","Chhattisgarh","Raigarh","1298.51","438.92","66.63","74.86","14.55","104.57","32.39","40.63","525.97","574.18","109.17"
"5","2007","14","Chhattisgarh","Raigarh","1298.51","437.73","67.26","74.94","15.09","104.41","33.6","40.45","525.06","573.77","109.28"
"5","2008","14","Chhattisgarh","Raigarh","1298.51","437.47","67.19","76.99","12.7","104.57","34.33","41.52","523.75","571.47","109.11"
"5","2009","14","Chhattisgarh","Raigarh","1298.51","437.82","67.27","77.29","16.73","105.03","33.42","41.24","519.72","564.63","108.64"
"5","2010","14","Chhattisgarh","Raigarh","1298.51","437.86","67.26","79.27","15.48","105.17","43.34","33.9","516.26","561.76","108.81"
"5","2011","14","Chhattisgarh","Raigarh","1298.51","437.93","67.17","80.83","13.58","106.08","32.2","46.25","514.48","559.25","108.7"
"5","2012","14","Chhattisgarh","Raigarh","1298.51","437.98","67.22","81.2","13.24","106.0","35.18","43.6","514.08","558.0","108.54"
"5","2013","14","Chhattisgarh","Raigarh","977.16","115.22","67.17","81.13","14.39","106.31","35.87","45.81","511.27","556.01","108.75"
"5","2014","14","Chhattisgarh","Raigarh","977.16","114.0","67.53","82.34","13.64","107.59","36.08","58.94","497.02","543.49","109.35"
"5","2015","14","Chhattisgarh","Raigarh","977.16","114.2","67.41","82.58","13.82","107.39","46.71","45.93","499.14","544.29","109.05"
"5","2016","14","Chhattisgarh","Raigarh","1298.51","437.62","67.18","82.73","14.63","105.81","38.4","40.3","511.85","557.24","108.87"
"5","2017","14","Chhattisgarh","Raigarh","1298.52","437.64","67.3","82.74","14.68","106.41","39.39","52.27","498.08","536.97","107.81"
"5","2018","14","Chhattisgarh","Raigarh","1298.52","437.32","67.28","83.79","16.72","106.2","39.91","39.48","507.82","545.48","107.42"
"5","2019","14","Chhattisgarh","Raigarh","1298.52","437.82","66.96","84.63","16.81","108.38","37.85","42.39","503.67","546.15","108.44"
"5","2020","14","Chhattisgarh","Raigarh","1298.52","437.21","66.94","84.33","17.59","108.41","38.41","48.47","497.16","535.99","107.81"
"6","2000","14","Chhattisgarh","Surguja","2199.21","1173.44","18.92","95.4","-2.0","214.14","38.2","54.08","593.03","679.39","114.56"
"6","2001","14","Chhattisgarh","Surguja","2199.21","1171.44","18.73","96.21","-2.0","213.32","39.43","52.95","595.07","684.43","115.02"
"6","2002","14","Chhattisgarh","Surguja","2199.21","1170.47","18.74","97.59","-2.0","214.26","40.44","59.85","585.86","670.23","114.4"
"6","2003","14","Chhattisgarh","Surguja","2199.21","1170.11","18.73","98.31","-2.0","213.5","40.25","56.51","589.81","680.55","115.38"
"6","2004","14","Chhattisgarh","Surguja","2199.21","1170.1","18.78","98.65","-2.0","214.28","44.42","56.67","584.32","672.29","115.06"
"6","2005","14","Chhattisgarh","Surguja","2199.21","1169.12","18.79","99.21","-2.0","215.3","40.55","59.97","584.28","671.92","115.0"
"6","2006","14","Chhattisgarh","Surguja","2199.21","1169.85","18.78","99.49","-2.0","214.29","40.46","57.26","587.06","674.68","114.93"
"6","2007","14","Chhattisgarh","Surguja","2199.21","1170.08","18.71","99.72","-2.0","213.49","42.4","61.93","580.89","667.88","114.98"
"6","2008","14","Chhattisgarh","Surguja","2199.21","1169.45","18.76","100.56","-2.0","214.6","41.02","63.2","579.63","664.4","114.62"
"6","2009","14","Chhattisgarh","Surguja","2199.21","1169.17","18.75","103.83","-2.0","215.19","42.75","65.31","572.21","653.68","114.24"
"6","2010","14","Chhattisgarh","Surguja","2199.21","1169.8","18.78","104.51","-2.0","213.97","70.26","44.47","565.44","645.31","114.13"
"6","2011","14","Chhattisgarh","Surguja","2201.21","1171.39","20.76","105.62","0.0","216.31","43.69","69.02","574.45","656.92","114.36"
"6","2012","14","Chhattisgarh","Surguja","2201.21","1170.93","20.73","107.9","0.0","217.05","52.64","60.99","570.96","654.16","114.57"
"6","2013","14","Chhattisgarh","Surguja","1279.33","247.93","20.75","110.59","0.0","217.67","42.34","66.36","573.61","658.63","114.82"
"6","2014","14","Chhattisgarh","Surguja","1280.85","248.68","20.9","108.43","0.0","220.25","42.74","62.43","577.36","662.45","114.74"
"6","2015","14","Chhattisgarh","Surguja","1280.85","249.36","20.79","105.56","0.0","220.35","43.19","79.41","560.81","643.07","114.67"
"6","2016","14","Chhattisgarh","Surguja","2201.21","1169.94","20.8","106.21","-4.0","215.77","44.83","79.09","564.49","649.79","115.11"
"6","2017","14","Chhattisgarh","Surguja","2201.21","1167.87","20.59","109.19","-4.0","218.7","46.0","77.18","561.57","637.84","113.58"
"6","2018","14","Chhattisgarh","Surguja","2201.21","1169.06","20.79","107.58","0.0","218.49","54.41","73.47","557.41","629.33","112.9"
"6","2019","14","Chhattisgarh","Surguja","2201.21","1169.86","20.81","109.94","3.87","191.97","41.27","61.71","523.03","593.34","113.44"
"6","2020","14","Chhattisgarh","Surguja","2201.21","1170.91","21.38","110.59","0.0","194.09","38.28","56.05","528.63","596.66","112.87"
"7","2000","6","Madhya Pradesh","Jabalpur","1012.85","174.88","75.06","61.58","58.62","89.7","42.89","54.12","455.02","592.6","130.24"
"7","2001","6","Madhya Pradesh","Jabalpur","1012.85","182.76","67.13","61.9","58.23","89.26","43.07","44.0","465.58","613.54","131.78"
"7","2002","6","Madhya Pradesh","Jabalpur","1012.85","177.78","74.48","62.68","59.98","83.24","43.37","45.87","465.27","619.83","133.22"
"7","2003","6","Madhya Pradesh","Jabalpur","1012.85","177.67","74.02","63.39","61.83","79.74","42.75","40.78","472.5","638.09","135.05"
"7","2004","6","Madhya Pradesh","Jabalpur","1012.85","177.68","92.6","44.9","62.71","79.52","43.14","39.11","473.0","639.52","135.21"
"7","2005","6","Madhya Pradesh","Jabalpur","1012.85","177.68","92.69","49.46","61.46","78.36","43.26","38.66","471.01","624.21","132.53"
"7","2006","6","Madhya Pradesh","Jabalpur","1012.85","54.29","92.7","49.55","62.03","78.29","42.23","43.64","466.48","617.73","132.42"
"7","2007","6","Madhya Pradesh","Jabalpur","1012.85","54.3","92.69","52.97","67.88","78.02","54.6","47.54","441.22","579.32","131.3"
"7","2008","6","Madhya Pradesh","Jabalpur","1012.85","51.4","74.11","74.01","60.14","80.1","42.69","37.23","469.61","640.85","136.46"
"7","2009","6","Madhya Pradesh","Jabalpur","1012.85","51.4","74.12","74.59","63.54","79.66","44.73","45.32","455.85","591.03","129.65"
"7","2010","6","Madhya Pradesh","Jabalpur","1012.85","54.3","71.22","75.46","55.0","79.63","41.11","41.84","470.83","642.44","136.45"
"7","2011","6","Madhya Pradesh","Jabalpur","1012.85","51.4","73.82","76.77","55.52","79.71","36.65","41.14","474.34","669.33","141.11"
"7","2012","6","Madhya Pradesh","Jabalpur","1012.85","174.77","72.3","76.96","52.47","81.43","35.78","31.48","487.56","687.76","141.06"
"7","2013","6","Madhya Pradesh","Jabalpur","1012.85","173.8","74.06","79.65","55.99","79.49","31.64","22.59","495.49","732.47","147.83"
"7","2014","6","Madhya Pradesh","Jabalpur","1012.85","174.77","74.06","78.72","53.46","79.8","36.23","27.42","488.26","734.69","150.47"
"7","2015","6","Madhya Pradesh","Jabalpur","1012.85","174.77","74.06","80.07","54.1","79.79","36.75","32.82","480.33","724.69","150.87"
"7","2016","6","Madhya Pradesh","Jabalpur","1012.85","174.77","74.07","78.59","52.44","79.84","36.55","28.16","488.26","761.44","155.95"
"7","2017","6","Madhya Pradesh","Jabalpur","1012.85","177.67","95.82","51.93","57.73","79.77","34.96","25.83","488.98","802.82","164.18"
"7","2018","6","Madhya Pradesh","Jabalpur","1012.85","177.67","71.21","77.11","55.15","79.77","33.96","23.36","494.89","858.09","173.39"
"7","2019","6","Madhya Pradesh","Jabalpur","1012.85","177.67","71.21","79.62","55.17","79.77","31.21","21.11","500.02","906.0","181.19"
"7","2020","6","Madhya Pradesh","Jabalpur","1012.85","177.67","71.21","78.67","42.53","79.77","19.36","9.89","531.36","1040.89","195.89"
"8","2000","6","Madhya Pradesh","Balaghat","924.5","506.65","9.62","46.25","28.24","30.54","15.61","12.96","273.96","332.61","121.41"
"8","2001","6","Madhya Pradesh","Balaghat","924.5","505.38","9.84","46.44","27.18","32.59","15.45","11.91","275.06","341.37","124.11"
"8","2002","6","Madhya Pradesh","Balaghat","924.5","504.84","9.69","46.48","27.66","32.55","15.29","13.04","274.27","342.84","125.0"
"8","2003","6","Madhya Pradesh","Balaghat","924.5","504.82","9.62","46.47","28.08","32.18","15.34","11.86","275.46","348.86","126.65"
"8","2004","6","Madhya Pradesh","Balaghat","924.5","505.0","9.49","45.96","29.28","31.97","15.8","35.58","250.75","303.14","120.89"
"8","2005","6","Madhya Pradesh","Balaghat","924.5","504.99","9.49","47.41","28.14","30.91","15.72","13.28","273.9","343.99","125.59"
"8","2006","6","Madhya Pradesh","Balaghat","924.5","18.93","9.49","47.44","28.5","30.88","15.91","13.36","273.24","341.36","124.93"
"8","2007","6","Madhya Pradesh","Balaghat","924.5","18.94","9.49","47.54","28.41","30.89","15.67","13.99","272.82","342.37","125.49"
"8","2008","6","Madhya Pradesh","Balaghat","924.5","18.95","9.5","47.57","28.28","30.96","15.93","13.76","272.81","341.59","125.21"
"8","2009","6","Madhya Pradesh","Balaghat","924.5","18.95","9.5","47.59","28.51","30.93","16.86","14.35","271.06","338.95","125.05"
"8","2010","6","Madhya Pradesh","Balaghat","924.5","18.98","9.51","47.75","28.64","30.97","18.08","13.97","269.8","335.51","124.36"
"8","2011","6","Madhya Pradesh","Balaghat","924.5","18.98","9.51","48.29","29.41","30.95","14.58","10.65","275.34","343.82","124.87"
"8","2012","6","Madhya Pradesh","Balaghat","924.5","505.04","9.5","48.3","25.5","30.97","12.14","9.76","282.56","351.51","124.4"
"8","2013","6","Madhya Pradesh","Balaghat","924.5","505.08","9.45","48.04","21.6","30.98","17.66","11.94","279.02","346.75","124.27"
"8","2014","6","Madhya Pradesh","Balaghat","924.5","505.08","9.45","48.06","20.63","30.98","18.59","14.25","276.73","346.26","125.13"
"8","2015","6","Madhya Pradesh","Balaghat","924.5","505.08","9.47","48.08","22.21","31.01","24.98","21.3","261.64","342.65","130.96"
"8","2016","6","Madhya Pradesh","Balaghat","924.5","505.08","9.47","48.09","19.23","31.01","19.04","13.15","278.7","344.65","123.66"
"8","2017","6","Madhya Pradesh","Balaghat","924.5","505.08","9.48","48.18","21.09","31.01","16.67","15.03","277.22","334.84","120.78"
"8","2018","6","Madhya Pradesh","Balaghat","924.5","505.08","9.48","48.3","22.05","31.01","21.69","13.96","273.02","337.82","123.74"
"8","2019","6","Madhya Pradesh","Balaghat","924.5","505.08","9.48","48.04","5.05","31.01","5.53","5.62","314.51","449.38","142.88"
"8","2020","6","Madhya Pradesh","Balaghat","924.5","505.08","9.35","48.06","3.01","30.66","6.28","6.17","315.97","480.83","152.18"
"9","2000","6","Madhya Pradesh","Chhindwara","1184.92","479.08","27.43","52.22","18.86","51.39","33.7","53.92","468.29","537.46","114.77"
"9","2001","6","Madhya Pradesh","Chhindwara","1184.92","479.33","27.1","52.36","20.76","51.54","35.31","47.42","471.08","543.1","115.29"
"9","2002","6","Madhya Pradesh","Chhindwara","1184.92","479.43","27.16","52.38","19.4","51.71","34.6","41.51","478.71","565.72","118.18"
"9","2003","6","Madhya Pradesh","Chhindwara","1184.92","479.5","27.19","52.81","18.65","51.79","32.47","38.67","483.8","591.99","122.36"
"9","2004","6","Madhya Pradesh","Chhindwara","1184.92","479.5","27.21","52.83","20.15","51.64","30.96","38.54","484.06","601.53","124.27"
"9","2005","6","Madhya Pradesh","Chhindwara","1184.92","479.48","26.73","53.49","19.29","51.8","30.98","45.94","477.18","592.99","124.27"
"9","2006","6","Madhya Pradesh","Chhindwara","1184.92","479.48","26.72","53.57","17.61","52.01","30.4","40.72","484.37","619.93","127.99"
"9","2007","6","Madhya Pradesh","Chhindwara","1184.92","479.48","20.3","54.14","22.88","52.09","31.53","37.3","487.02","625.98","128.53"
"9","2008","6","Madhya Pradesh","Chhindwara","1184.92","479.48","20.46","54.11","27.28","53.78","30.68","44.18","476.52","580.93","121.91"
"9","2009","6","Madhya Pradesh","Chhindwara","1184.92","476.26","21.47","56.17","25.14","53.81","30.57","36.88","483.69","626.56","129.54"
"9","2010","6","Madhya Pradesh","Chhindwara","1184.92","476.26","21.46","56.17","25.17","53.87","29.15","32.41","489.57","655.69","133.93"
"9","2011","6","Madhya Pradesh","Chhindwara","1184.92","476.26","19.99","50.29","38.99","53.56","27.55","18.61","499.64","675.92","135.28"
"9","2012","6","Madhya Pradesh","Chhindwara","1184.92","476.26","43.57","49.87","35.18","31.83","22.11","14.15","511.91","706.25","137.96"
"9","2013","6","Madhya Pradesh","Chhindwara","1184.92","477.29","20.76","51.33","29.95","53.91","21.66","18.5","511.5","720.37","140.83"
"9","2014","6","Madhya Pradesh","Chhindwara","1184.92","477.38","21.07","52.48","29.0","53.73","20.7","20.41","510.11","725.17","142.16"
"9","2015","6","Madhya Pradesh","Chhindwara","1184.92","477.35","20.53","49.81","30.92","53.88","21.75","21.45","509.14","726.9","142.77"
"9","2016","6","Madhya Pradesh","Chhindwara","1184.92","477.39","20.55","50.47","31.47","53.87","22.96","19.65","508.47","714.83","140.58"
"9","2017","6","Madhya Pradesh","Chhindwara","1184.92","477.39","20.82","57.23","28.49","53.7","23.84","18.87","504.5","733.79","145.45"
"9","2018","6","Madhya Pradesh","Chhindwara","1184.92","477.38","20.82","49.87","32.37","53.9","26.95","24.63","492.73","700.81","142.23"
"9","2019","6","Madhya Pradesh","Chhindwara","1184.92","477.38","20.18","51.33","15.57","53.9","23.75","21.12","506.55","804.47","158.81"
"9","2020","6","Madhya Pradesh","Chhindwara","1184.92","477.38","20.18","52.48","15.37","59.23","11.41","21.35","513.12","897.61","174.93"
"10","2000","6","Madhya Pradesh","Narsinghpur","513.65","136.21","1.03","23.92","16.55","26.34","6.12","4.88","298.45","413.86","138.67"
"10","2001","6","Madhya Pradesh","Narsinghpur","513.65","136.21","1.03","23.93","16.3","26.1","5.79","4.34","299.79","405.78","135.35"
"10","2002","6","Madhya Pradesh","Narsinghpur","513.65","136.21","1.03","24.07","16.91","23.93","5.41","4.41","301.52","402.2","133.39"
"10","2003","6","Madhya Pradesh","Narsinghpur","513.65","136.21","1.03","24.1","16.68","23.93","5.77","4.04","301.74","400.21","132.63"
"10","2004","6","Madhya Pradesh","Narsinghpur","513.65","136.21","1.03","24.11","15.81","23.93","5.52","3.74","303.15","400.8","132.21"
"10","2005","6","Madhya Pradesh","Narsinghpur","513.65","136.22","1.03","24.66","14.98","23.88","5.41","3.78","303.53","390.78","128.75"
"10","2006","6","Madhya Pradesh","Narsinghpur","513.65","136.22","1.03","24.68","14.62","23.71","5.32","3.92","303.7","388.42","127.9"
"10","2007","6","Madhya Pradesh","Narsinghpur","513.65","136.22","1.03","24.82","14.94","23.69","4.7","3.45","304.35","399.72","131.34"
"10","2008","6","Madhya Pradesh","Narsinghpur","513.65","136.22","1.03","25.1","14.43","23.7","4.72","3.28","304.74","407.78","133.81"
"10","2009","6","Madhya Pradesh","Narsinghpur","513.65","136.22","1.03","25.41","13.82","23.7","4.65","3.2","305.75","413.33","135.19"
"10","2010","6","Madhya Pradesh","Narsinghpur","513.65","136.22","1.03","25.48","11.82","23.7","4.38","2.95","307.62","419.51","136.37"
"10","2011","6","Madhya Pradesh","Narsinghpur","513.65","136.22","1.04","25.55","10.79","23.66","4.24","2.92","308.79","424.51","137.48"
"10","2012","6","Madhya Pradesh","Narsinghpur","513.65","136.5","1.04","25.55","9.58","23.77","3.83","2.83","310.38","442.86","142.68"
"10","2013","6","Madhya Pradesh","Narsinghpur","513.65","136.18","1.02","25.56","10.58","24.14","3.79","2.9","309.31","471.78","152.53"
"10","2014","6","Madhya Pradesh","Narsinghpur","513.65","136.18","1.02","25.98","9.75","23.82","4.12","2.32","310.29","467.49","150.66"
"10","2015","6","Madhya Pradesh","Narsinghpur","513.65","136.18","1.02","26.12","9.41","23.82","4.34","2.77","309.83","496.83","160.36"
"10","2016","6","Madhya Pradesh","Narsinghpur","513.65","136.18","1.02","26.13","8.97","23.82","4.27","2.65","310.45","484.04","155.92"
"10","2017","6","Madhya Pradesh","Narsinghpur","513.65","136.18","1.02","26.19","10.76","23.82","3.76","2.62","309.12","480.99","155.6"
"10","2018","6","Madhya Pradesh","Narsinghpur","513.65","136.18","1.02","25.55","9.54","24.2","3.54","2.62","310.66","507.35","163.31"
"10","2019","6","Madhya Pradesh","Narsinghpur","513.65","136.18","1.02","25.55","8.84","24.2","3.7","2.76","311.05","534.57","171.86"
"10","2020","6","Madhya Pradesh","Narsinghpur","513.65","136.18","1.31","25.98","8.84","24.2","5.13","8.52","312.02","599.91","192.27"
"11","2000","6","Madhya Pradesh","Seoni / Shivani","875.4","327.66","5.17","46.11","36.3","29.25","31.26","45.87","353.73","429.99","121.56"
"11","2001","6","Madhya Pradesh","Seoni / Shivani","875.4","327.84","5.17","46.4","34.96","28.9","32.49","34.82","364.8","453.71","124.37"
"11","2002","6","Madhya Pradesh","Seoni / Shivani","875.4","328.06","9.82","47.52","37.27","22.04","31.96","34.21","364.5","460.47","126.33"
"11","2003","6","Madhya Pradesh","Seoni / Shivani","875.4","328.08","11.84","48.02","38.4","19.83","31.32","30.12","367.76","471.0","128.07"
"11","2004","6","Madhya Pradesh","Seoni / Shivani","875.4","328.18","11.89","48.05","38.72","19.83","29.71","34.43","364.56","468.66","128.55"
"11","2005","6","Madhya Pradesh","Seoni / Shivani","875.4","328.21","11.94","48.2","39.53","20.06","28.83","30.62","367.98","499.6","135.77"
"11","2006","6","Madhya Pradesh","Seoni / Shivani","875.4","328.21","12.01","48.18","40.2","20.06","27.47","27.56","371.74","493.73","132.82"
"11","2007","6","Madhya Pradesh","Seoni / Shivani","875.4","328.21","12.07","48.25","40.65","20.08","26.87","26.88","372.22","505.64","135.84"
"11","2008","6","Madhya Pradesh","Seoni / Shivani","875.4","328.21","11.99","48.44","41.02","20.27","27.79","28.78","368.73","496.54","134.66"
"11","2009","6","Madhya Pradesh","Seoni / Shivani","875.4","328.21","12.0","48.58","40.92","20.19","27.24","25.71","372.32","502.84","135.06"
"11","2010","6","Madhya Pradesh","Seoni / Shivani","875.4","328.21","11.99","48.94","36.67","20.24","24.14","20.47","384.49","535.89","139.38"
"11","2011","6","Madhya Pradesh","Seoni / Shivani","875.4","328.21","12.02","49.3","31.32","20.33","19.81","16.28","397.84","538.44","135.34"
"11","2012","6","Madhya Pradesh","Seoni / Shivani","875.4","328.53","11.82","49.55","29.7","20.35","18.5","16.31","400.63","561.34","140.11"
"11","2013","6","Madhya Pradesh","Seoni / Shivani","875.4","328.49","11.82","49.54","30.05","20.33","19.54","18.73","396.88","578.04","145.65"
"11","2014","6","Madhya Pradesh","Seoni / Shivani","875.4","328.52","11.83","49.77","31.08","20.33","17.95","17.13","398.77","577.89","144.92"
"11","2015","6","Madhya Pradesh","Seoni / Shivani","875.4","328.53","11.83","49.79","33.19","20.5","19.95","21.1","390.48","563.18","144.23"
"11","2016","6","Madhya Pradesh","Seoni / Shivani","875.4","328.54","11.83","49.74","32.71","20.47","19.7","18.48","393.91","571.08","144.98"
"11","2017","6","Madhya Pradesh","Seoni / Shivani","875.4","328.55","11.83","49.84","34.82","20.5","19.14","23.9","386.81","594.53","153.7"
"11","2018","6","Madhya Pradesh","Seoni / Shivani","875.4","328.55","11.83","49.55","29.65","20.55","21.12","23.23","390.31","617.59","158.23"
"11","2019","6","Madhya Pradesh","Seoni / Shivani","875.4","328.55","11.83","49.54","27.22","20.55","17.55","19.75","399.68","691.18","172.93"
"11","2020","6","Madhya Pradesh","Seoni / Shivani","875.4","328.55","11.83","49.77","27.22","20.56","19.67","19.98","397.26","731.68","184.18"
"12","2000","6","Madhya Pradesh","Mandla","1324.5","618.1","20.96","68.81","36.7","34.59","64.8","74.66","405.76","496.17","122.28"
"12","2001","6","Madhya Pradesh","Mandla","1324.5","618.16","21.93","68.97","30.57","32.54","64.26","65.89","422.05","539.77","127.89"
"12","2002","6","Madhya Pradesh","Mandla","1324.5","618.25","21.79","69.39","32.49","32.25","64.87","67.12","418.18","535.52","128.06"
"12","2003","6","Madhya Pradesh","Mandla","1324.5","618.26","21.85","69.75","33.13","31.86","64.49","61.35","423.68","552.9","130.5"
"12","2004","6","Madhya Pradesh","Mandla","1324.5","618.38","21.94","69.51","33.91","31.85","64.13","62.8","421.88","554.71","131.49"
"12","2005","6","Madhya Pradesh","Mandla","1324.5","618.43","21.86","69.25","34.11","32.09","62.37","62.35","423.93","560.9","132.31"
"12","2006","6","Madhya Pradesh","Mandla","1324.5","600.71","21.51","69.35","35.82","32.42","62.98","65.81","417.97","553.77","132.49"
"12","2007","6","Madhya Pradesh","Mandla","1324.5","600.77","21.63","69.65","35.52","32.8","61.64","64.16","420.36","562.57","133.83"
"12","2008","6","Madhya Pradesh","Mandla","1324.5","600.68","21.9","72.83","35.4","29.78","63.26","62.6","420.14","562.18","133.81"
"12","2009","6","Madhya Pradesh","Mandla","1324.5","600.72","21.83","69.95","47.51","33.2","64.74","67.02","401.59","543.59","135.36"
"12","2010","6","Madhya Pradesh","Mandla","1324.5","600.74","21.65","70.74","34.84","32.98","53.8","56.77","435.04","606.12","139.33"
"12","2011","6","Madhya Pradesh","Mandla","1324.5","600.76","21.84","73.57","36.29","30.29","53.32","57.2","433.29","615.02","141.94"
"12","2012","6","Madhya Pradesh","Mandla","1324.5","618.61","21.82","70.65","36.71","33.11","56.29","56.82","430.43","610.11","141.74"
"12","2013","6","Madhya Pradesh","Mandla","1324.5","618.54","21.84","71.96","37.8","33.25","54.47","56.27","430.29","614.56","142.82"
"12","2014","6","Madhya Pradesh","Mandla","1324.5","618.66","21.81","71.27","41.21","33.12","55.35","57.65","425.36","617.03","145.06"
"12","2015","6","Madhya Pradesh","Mandla","1324.5","618.56","21.84","71.79","42.37","33.35","55.01","59.31","422.19","601.93","142.57"
"12","2016","6","Madhya Pradesh","Mandla","1324.5","615.69","21.84","75.54","40.64","33.35","55.91","60.64","420.8","606.03","144.02"
"12","2017","6","Madhya Pradesh","Mandla","1324.5","618.62","21.84","73.07","42.65","33.67","60.07","68.45","406.05","594.82","146.49"
"12","2018","6","Madhya Pradesh","Mandla","1324.49","618.66","21.68","71.43","42.98","33.74","60.36","67.93","405.12","580.71","143.34"
"12","2019","6","Madhya Pradesh","Mandla","1324.49","618.56","21.73","72.73","38.73","33.85","52.5","59.67","425.35","684.33","160.89"
"12","2020","6","Madhya Pradesh","Mandla","1324.49","618.56","21.73","72.03","33.2","34.06","50.45","61.33","434.2","692.37","159.46"
"13","2000","6","Madhya Pradesh","Sagar","1022.76","295.65","15.54","51.45","15.63","89.31","13.94","16.77","522.17","650.75","124.62"
"13","2001","6","Madhya Pradesh","Sagar","1022.76","297.5","16.43","52.54","16.02","84.6","15.01","12.87","526.17","676.65","128.6"
"13","2002","6","Madhya Pradesh","Sagar","1022.76","297.35","16.38","52.83","14.47","82.23","15.1","13.29","529.65","693.62","130.96"
"13","2003","6","Madhya Pradesh","Sagar","1022.76","296.92","18.61","54.1","15.73","76.95","14.41","10.57","533.9","710.06","132.99"
"13","2004","6","Madhya Pradesh","Sagar","1022.76","296.95","18.98","54.33","14.05","75.79","13.33","9.79","538.15","739.62","137.44"
"13","2005","6","Madhya Pradesh","Sagar","1022.76","297.8","19.4","52.62","8.81","82.15","13.34","8.68","539.0","710.69","131.85"
"13","2006","6","Madhya Pradesh","Sagar","1022.76","297.8","14.64","52.95","10.21","85.4","13.27","9.54","537.42","736.31","137.01"
"13","2007","6","Madhya Pradesh","Sagar","1022.76","297.8","16.84","51.07","10.87","80.69","12.42","11.1","539.66","810.12","150.12"
"13","2008","6","Madhya Pradesh","Sagar","1022.76","297.8","15.4","54.66","10.21","79.58","11.94","10.06","540.7","801.81","148.29"
"13","2009","6","Madhya Pradesh","Sagar","1022.76","297.8","16.39","54.23","9.77","79.12","11.73","7.51","544.36","819.67","150.57"
"13","2010","6","Madhya Pradesh","Sagar","1022.76","297.8","11.78","56.28","10.3","81.61","10.43","6.81","546.92","829.65","151.69"
"13","2011","6","Madhya Pradesh","Sagar","1022.76","297.8","12.08","57.64","11.07","78.65","10.65","7.51","547.54","876.58","160.09"
"13","2012","6","Madhya Pradesh","Sagar","1022.76","298.02","12.61","58.19","10.43","76.92","10.45","7.13","548.28","860.75","156.99"
"13","2013","6","Madhya Pradesh","Sagar","1022.76","297.93","12.62","58.33","10.57","76.64","9.95","7.23","548.74","887.29","161.7"
"13","2014","6","Madhya Pradesh","Sagar","1022.76","297.93","12.63","58.31","10.58","76.71","10.35","7.38","548.17","884.57","161.37"
"13","2015","6","Madhya Pradesh","Sagar","1022.76","298.0","12.63","58.31","10.52","75.59","10.58","9.05","547.39","924.84","168.95"
"13","2016","6","Madhya Pradesh","Sagar","1022.76","297.93","12.61","58.69","11.52","76.36","10.71","9.12","545.2","923.55","169.4"
"13","2017","6","Madhya Pradesh","Sagar","1022.76","297.93","12.61","58.69","9.1","73.7","10.07","7.64","552.42","960.09","173.8"
"13","2018","6","Madhya Pradesh","Sagar","1022.76","297.93","12.61","58.19","9.1","73.7","10.04","7.6","552.49","986.37","178.53"
"13","2019","6","Madhya Pradesh","Sagar","1022.76","297.93","12.31","58.33","8.85","72.29","9.76","5.91","557.03","1113.88","199.97"
"13","2020","6","Madhya Pradesh","Sagar","1022.76","297.93","12.31","58.31","8.85","57.29","8.83","9.41","574.45","1068.23","185.96"
"14","2000","6","Madhya Pradesh","Damoh","728.58","267.01","57.58","33.41","16.39","35.37","8.14","8.99","301.61","378.01","125.33"
"14","2001","6","Madhya Pradesh","Damoh","728.58","267.04","58.91","31.92","15.91","34.71","8.26","7.88","303.84","379.49","124.9"
"14","2002","6","Madhya Pradesh","Damoh","728.58","267.07","58.95","31.9","14.58","33.81","7.51","7.2","307.38","379.52","123.47"
"14","2003","6","Madhya Pradesh","Damoh","728.58","267.0","59.24","32.11","14.18","33.55","7.33","6.19","308.93","388.63","125.8"
"14","2004","6","Madhya Pradesh","Damoh","728.58","267.09","59.35","32.15","13.18","33.95","6.97","5.15","310.72","400.44","128.87"
"14","2005","6","Madhya Pradesh","Damoh","728.58","267.08","59.24","32.16","13.49","33.72","6.68","5.07","311.04","398.65","128.17"
"14","2006","6","Madhya Pradesh","Damoh","728.58","267.08","59.24","32.08","13.6","33.93","6.53","4.65","311.37","405.63","130.27"
"14","2007","6","Madhya Pradesh","Damoh","728.58","267.08","59.29","32.24","13.09","34.42","5.64","4.93","311.81","467.23","149.84"
"14","2008","6","Madhya Pradesh","Damoh","728.58","267.08","59.33","32.28","12.47","34.31","5.55","4.02","313.46","454.78","145.08"
"14","2009","6","Madhya Pradesh","Damoh","728.58","267.08","59.32","32.29","11.79","34.12","5.1","3.29","315.49","455.92","144.51"
"14","2010","6","Madhya Pradesh","Damoh","728.58","267.08","57.06","31.74","10.96","36.35","4.5","3.93","316.27","449.92","142.26"
"14","2011","6","Madhya Pradesh","Damoh","728.58","267.08","57.24","31.74","11.0","36.34","4.71","3.68","316.08","450.13","142.41"
"14","2012","6","Madhya Pradesh","Damoh","728.58","267.54","57.49","31.83","11.06","36.34","4.49","3.53","316.06","466.81","147.7"
"14","2013","6","Madhya Pradesh","Damoh","728.58","267.54","57.49","32.09","9.98","36.34","4.21","2.71","317.97","519.14","163.27"
"14","2014","6","Madhya Pradesh","Damoh","728.58","267.12","59.12","32.52","9.72","35.03","3.95","3.74","317.36","520.29","163.94"
"14","2015","6","Madhya Pradesh","Damoh","728.58","267.12","59.12","32.52","9.28","35.03","3.59","3.02","318.88","540.37","169.46"
"14","2016","6","Madhya Pradesh","Damoh","728.58","267.12","59.12","32.38","9.42","35.03","3.59","2.8","319.1","585.08","183.35"
"14","2017","6","Madhya Pradesh","Damoh","728.58","267.12","59.12","32.38","9.43","35.03","3.48","2.62","319.37","560.64","175.55"
"14","2018","6","Madhya Pradesh","Damoh","728.58","267.12","59.18","31.83","7.58","34.98","3.39","3.02","320.36","589.22","183.93"
"14","2019","6","Madhya Pradesh","Damoh","728.58","267.12","59.18","32.09","5.92","34.89","2.75","2.35","323.39","616.99","190.79"
"14","2020","6","Madhya Pradesh","Damoh","728.58","267.12","58.36","32.52","5.92","33.95","4.85","4.75","322.41","640.93","198.79"
"15","2000","6","Madhya Pradesh","Tikamgarh","504.0","65.7","55.38","42.98","21.45","27.9","14.42","23.0","253.17","392.44","155.01"
"15","2001","6","Madhya Pradesh","Tikamgarh","504.0","64.96","52.95","39.03","24.92","30.14","15.31","21.21","255.47","390.93","153.02"
"15","2002","6","Madhya Pradesh","Tikamgarh","504.0","67.32","71.27","24.81","24.76","20.72","18.22","30.75","246.13","365.87","148.65"
"15","2003","6","Madhya Pradesh","Tikamgarh","504.0","68.37","74.62","32.29","18.78","14.16","16.17","21.41","258.17","394.13","152.66"
"15","2004","6","Madhya Pradesh","Tikamgarh","504.0","69.27","73.06","30.14","19.51","14.91","16.89","27.72","252.35","388.88","154.1"
"15","2005","6","Madhya Pradesh","Tikamgarh","504.0","68.94","71.8","23.64","20.97","23.09","19.72","34.74","240.95","370.64","153.82"
"15","2006","6","Madhya Pradesh","Tikamgarh","504.0","68.94","72.03","23.63","22.84","24.51","22.82","60.62","208.83","300.97","144.12"
"15","2007","6","Madhya Pradesh","Tikamgarh","504.0","68.94","56.15","39.91","22.69","23.3","21.62","39.98","231.34","272.4","117.75"
"15","2008","6","Madhya Pradesh","Tikamgarh","504.0","68.94","55.56","39.68","21.44","22.82","19.34","19.15","256.9","421.68","164.14"
"15","2009","6","Madhya Pradesh","Tikamgarh","504.0","68.94","55.59","39.98","22.25","26.09","20.67","13.35","256.72","424.84","165.49"
"15","2010","6","Madhya Pradesh","Tikamgarh","504.0","68.94","55.96","36.86","21.95","22.52","19.73","28.46","249.13","379.2","152.21"
"15","2011","6","Madhya Pradesh","Tikamgarh","504.0","68.94","54.18","37.99","21.91","22.81","16.97","11.08","269.82","434.61","161.07"
"15","2012","6","Madhya Pradesh","Tikamgarh","504.0","69.19","54.32","38.47","22.19","18.63","18.63","7.4","275.01","455.19","165.52"
"15","2013","6","Madhya Pradesh","Tikamgarh","504.0","69.21","54.75","37.59","22.45","18.92","20.16","2.38","278.38","467.41","167.9"
"15","2014","6","Madhya Pradesh","Tikamgarh","504.0","69.17","54.67","37.59","22.55","19.17","17.93","6.29","276.48","462.95","167.44"
"15","2015","6","Madhya Pradesh","Tikamgarh","504.0","69.38","54.93","38.48","22.96","17.4","17.46","28.41","254.84","360.81","141.58"
"15","2016","6","Madhya Pradesh","Tikamgarh","504.0","69.38","43.2","49.15","22.96","18.39","9.82","14.53","276.52","481.03","173.96"
"15","2017","6","Madhya Pradesh","Tikamgarh","504.0","69.38","51.91","40.65","16.89","28.16","9.71","29.36","257.9","379.46","147.13"
"15","2018","6","Madhya Pradesh","Tikamgarh","372.26","48.87","38.97","38.47","15.81","15.1","4.42","5.58","214.28","398.42","185.93"
"15","2019","6","Madhya Pradesh","Tikamgarh","372.26","48.11","38.3","37.59","15.81","14.01","2.63","2.48","222.66","427.16","191.85"
"15","2020","6","Madhya Pradesh","Tikamgarh","372.26","48.11","32.8","37.59","15.81","13.9","2.63","2.68","231.78","462.31","199.46"
"16","2000","6","Madhya Pradesh","Chhatarpur","863.04","214.22","1.71","43.83","79.83","68.02","38.92","41.59","374.64","472.63","126.16"
"16","2001","6","Madhya Pradesh","Chhatarpur","863.04","214.22","2.01","32.01","80.11","76.71","42.21","40.75","374.74","462.73","123.48"
"16","2002","6","Madhya Pradesh","Chhatarpur","863.04","214.22","1.7","31.56","81.43","74.59","43.25","45.66","370.34","450.41","121.62"
"16","2003","6","Madhya Pradesh","Chhatarpur","863.04","214.22","1.61","35.8","74.39","70.51","42.06","36.51","387.64","485.02","125.12"
"16","2004","6","Madhya Pradesh","Chhatarpur","863.04","214.22","1.55","36.06","72.39","69.53","38.42","30.96","399.62","507.05","126.88"
"16","2005","6","Madhya Pradesh","Chhatarpur","863.04","213.9","1.6","44.16","65.17","64.23","38.31","31.5","403.86","511.32","126.61"
"16","2006","6","Madhya Pradesh","Chhatarpur","863.04","213.9","1.61","44.23","70.33","63.26","44.35","105.01","319.92","404.71","126.5"
"16","2007","6","Madhya Pradesh","Chhatarpur","863.04","213.9","1.36","44.09","67.91","63.57","51.39","92.54","327.92","379.96","115.87"
"16","2008","6","Madhya Pradesh","Chhatarpur","863.04","213.9","1.48","45.2","63.41","62.32","44.6","40.35","392.35","500.95","127.68"
"16","2009","6","Madhya Pradesh","Chhatarpur","863.04","213.9","1.51","45.44","59.18","64.9","37.75","33.6","407.39","546.93","134.25"
"16","2010","6","Madhya Pradesh","Chhatarpur","863.04","213.9","1.69","45.05","59.1","64.45","36.01","30.75","411.54","559.51","135.96"
"16","2011","6","Madhya Pradesh","Chhatarpur","863.04","213.9","1.72","44.99","56.5","64.52","30.06","22.28","428.61","592.91","138.33"
"16","2012","6","Madhya Pradesh","Chhatarpur","863.04","212.93","1.72","46.17","38.42","66.72","21.35","19.75","455.7","632.08","138.71"
"16","2013","6","Madhya Pradesh","Chhatarpur","863.04","212.97","1.51","46.17","30.07","70.72","18.13","16.65","466.63","661.12","141.68"
"16","2014","6","Madhya Pradesh","Chhatarpur","863.04","214.14","1.45","44.93","37.21","71.23","20.64","19.48","453.77","650.34","143.32"
"16","2015","6","Madhya Pradesh","Chhatarpur","863.04","214.21","1.47","45.28","36.86","73.51","20.64","90.18","380.7","544.71","143.08"
"16","2016","6","Madhya Pradesh","Chhatarpur","863.04","214.03","0.99","47.9","33.82","75.68","22.02","61.81","406.58","633.12","155.72"
"16","2017","6","Madhya Pradesh","Chhatarpur","863.04","214.21","0.94","47.98","35.44","77.37","22.47","64.64","399.8","634.02","158.58"
"16","2018","6","Madhya Pradesh","Chhatarpur","863.04","214.05","0.7","46.17","33.63","75.25","22.68","46.08","422.7","719.01","170.1"
"16","2019","6","Madhya Pradesh","Chhatarpur","863.04","214.21","0.7","46.17","28.59","75.7","15.51","24.43","456.47","868.46","190.26"
"16","2020","6","Madhya Pradesh","Chhatarpur","863.04","214.21","0.61","44.93","29.52","62.06","14.31","21.43","475.46","949.66","199.73"
"17","2000","6","Madhya Pradesh","Panna","702.92","299.62","24.29","39.68","62.64","9.43","13.87","15.23","238.17","275.7","115.76"
"17","2001","6","Madhya Pradesh","Panna","702.92","299.6","24.36","39.8","51.61","19.0","14.95","14.5","239.11","275.54","115.24"
"17","2002","6","Madhya Pradesh","Panna","702.92","299.64","22.83","40.63","46.62","20.58","14.13","14.75","243.74","280.61","115.13"
"17","2003","6","Madhya Pradesh","Panna","702.92","299.53","22.84","40.6","41.81","20.3","15.78","15.31","246.75","282.16","114.35"
"17","2004","6","Madhya Pradesh","Panna","702.92","299.65","22.82","42.04","56.18","8.8","13.32","10.53","249.59","294.39","117.95"
"17","2005","6","Madhya Pradesh","Panna","702.92","299.64","22.67","41.85","56.11","8.33","12.03","10.78","251.52","297.66","118.34"
"17","2006","6","Madhya Pradesh","Panna","702.92","299.64","22.66","41.98","60.07","8.33","14.45","21.65","234.08","268.92","114.88"
"17","2007","6","Madhya Pradesh","Panna","702.92","299.64","22.84","41.85","63.4","7.58","14.68","23.58","229.27","268.36","117.05"
"17","2008","6","Madhya Pradesh","Panna","702.92","299.64","22.99","41.06","59.54","7.44","13.09","11.54","247.54","291.07","117.59"
"17","2009","6","Madhya Pradesh","Panna","702.92","299.64","22.78","42.11","54.06","7.66","10.98","10.89","254.88","341.06","133.81"
"17","2010","6","Madhya Pradesh","Panna","702.92","299.64","22.78","41.43","45.51","11.43","8.49","8.59","265.12","350.81","132.32"
"17","2011","6","Madhya Pradesh","Panna","702.92","299.64","22.78","41.4","40.88","11.05","7.6","0.96","278.67","398.85","143.13"
"17","2012","6","Madhya Pradesh","Panna","702.92","299.45","24.83","43.85","47.26","11.05","10.66","10.49","255.34","397.18","155.55"
"17","2013","6","Madhya Pradesh","Panna","702.92","299.72","22.54","43.89","44.79","11.05","5.36","3.61","271.96","417.54","153.53"
"17","2014","6","Madhya Pradesh","Panna","702.92","299.72","22.78","43.51","46.73","10.37","7.4","4.85","267.56","401.68","150.13"
"17","2015","6","Madhya Pradesh","Panna","702.92","299.71","22.96","43.42","45.19","13.23","8.8","14.88","254.74","375.33","147.34"
"17","2016","6","Madhya Pradesh","Panna","702.92","300.72","23.1","45.29","43.88","12.91","7.92","20.51","248.33","373.27","150.31"
"17","2017","6","Madhya Pradesh","Panna","702.92","306.84","20.57","45.39","5.83","47.3","7.26","37.78","231.95","412.21","177.72"
"17","2018","6","Madhya Pradesh","Panna","702.92","306.77","20.57","43.85","6.42","47.84","7.96","15.14","251.42","417.3","165.97"
"17","2019","6","Madhya Pradesh","Panna","702.92","306.77","20.57","43.89","6.42","47.44","7.96","12.11","254.45","463.97","182.34"
"17","2020","6","Madhya Pradesh","Panna","702.92","306.77","20.57","43.51","6.42","47.44","7.97","12.11","257.85","432.91","167.89"
"18","2000","6","Madhya Pradesh","Rewa","628.75","85.29","30.68","57.82","6.35","33.98","23.12","21.33","368.65","498.06","135.1"
"18","2001","6","Madhya Pradesh","Rewa","628.75","85.29","33.98","59.24","12.99","23.14","22.08","21.17","369.32","499.66","135.29"
"18","2002","6","Madhya Pradesh","Rewa","628.75","85.29","32.88","59.97","10.06","24.55","23.1","22.71","368.53","492.28","133.58"
"18","2003","6","Madhya Pradesh","Rewa","628.75","85.29","34.5","59.93","5.18","27.2","23.34","20.09","371.62","503.78","135.56"
"18","2004","6","Madhya Pradesh","Rewa","628.75","85.29","34.54","60.83","5.28","26.33","23.72","20.01","371.09","500.4","134.85"
"18","2005","6","Madhya Pradesh","Rewa","628.75","85.29","34.62","61.16","5.26","26.33","23.37","21.64","369.4","502.15","135.94"
"18","2006","6","Madhya Pradesh","Rewa","628.75","85.29","34.42","61.39","5.45","26.87","23.65","37.56","352.23","478.46","135.84"
"18","2007","6","Madhya Pradesh","Rewa","628.75","85.29","34.44","61.02","5.48","27.37","25.36","41.01","346.9","465.21","134.1"
"18","2008","6","Madhya Pradesh","Rewa","628.75","85.29","34.64","61.28","5.55","27.8","26.53","31.31","354.77","482.36","135.96"
"18","2009","6","Madhya Pradesh","Rewa","628.75","85.29","34.96","61.69","5.17","27.36","27.03","31.7","353.59","480.19","135.8"
"18","2010","6","Madhya Pradesh","Rewa","628.75","85.29","32.57","61.66","7.16","26.67","25.23","29.57","358.32","495.86","138.38"
"18","2011","6","Madhya Pradesh","Rewa","628.75","85.29","32.57","61.97","7.27","26.87","26.03","26.34","360.05","504.7","140.17"
"18","2012","6","Madhya Pradesh","Rewa","628.75","85.41","32.77","61.4","4.69","29.7","25.56","25.31","361.68","506.42","140.02"
"18","2013","6","Madhya Pradesh","Rewa","628.75","85.41","32.61","63.15","6.4","25.73","26.51","23.49","363.06","517.27","142.48"
"18","2014","6","Madhya Pradesh","Rewa","628.75","85.41","33.29","60.8","5.66","28.09","26.42","23.84","362.51","516.31","142.43"
"18","2015","6","Madhya Pradesh","Rewa","628.75","85.41","32.4","63.09","6.19","25.44","27.26","29.74","356.74","515.86","144.6"
"18","2016","6","Madhya Pradesh","Rewa","628.75","85.41","33.63","62.73","5.59","26.32","26.89","27.69","358.44","518.57","144.67"
"18","2017","6","Madhya Pradesh","Rewa","628.75","85.41","33.72","64.44","5.62","25.74","25.43","27.81","357.99","516.28","144.22"
"18","2018","6","Madhya Pradesh","Rewa","628.75","77.44","36.3","61.4","6.0","28.19","26.4","28.39","355.74","535.3","150.48"
"18","2019","6","Madhya Pradesh","Rewa","628.75","85.41","34.02","63.15","5.16","24.2","19.75","21.0","377.51","667.43","176.8"
"18","2020","6","Madhya Pradesh","Rewa","628.75","85.41","34.02","60.8","5.16","24.2","15.61","17.44","390.29","725.83","185.97"
"19","2000","6","Madhya Pradesh","Sidhi","1038.19","431.57","16.3","79.37","59.4","15.46","24.55","37.89","366.65","493.93","134.71"
"19","2001","6","Madhya Pradesh","Sidhi","1038.19","432.29","15.64","79.21","60.8","15.58","25.47","36.7","365.51","496.09","135.73"
"19","2002","6","Madhya Pradesh","Sidhi","1038.19","431.01","15.62","80.41","66.44","15.49","26.22","43.77","352.23","473.44","134.41"
"19","2003","6","Madhya Pradesh","Sidhi","1038.19","432.44","15.54","80.76","63.42","14.99","26.84","37.92","359.28","491.35","136.76"
"19","2004","6","Madhya Pradesh","Sidhi","1038.19","432.55","15.59","80.75","64.96","14.7","27.03","40.89","354.73","483.21","136.22"
"19","2005","6","Madhya Pradesh","Sidhi","1038.19","433.76","15.74","82.23","64.14","12.83","26.75","42.9","352.83","479.31","135.85"
"19","2006","6","Madhya Pradesh","Sidhi","1038.19","433.76","15.62","82.08","64.69","13.51","27.03","41.85","352.58","480.52","136.29"
"19","2007","6","Madhya Pradesh","Sidhi","1038.19","433.76","15.57","82.74","64.18","13.02","27.98","45.71","348.25","471.08","135.27"
"19","2008","6","Madhya Pradesh","Sidhi","1039.41","435.18","16.85","84.72","65.6","16.45","29.95","45.7","345.36","469.33","135.9"
"19","2009","6","Madhya Pradesh","Sidhi","1039.41","435.18","16.97","86.02","69.32","16.24","30.27","44.73","341.23","463.52","135.84"
"19","2010","6","Madhya Pradesh","Sidhi","1039.41","435.18","17.1","86.5","69.62","16.94","30.86","46.04","337.64","457.22","135.42"
"19","2011","6","Madhya Pradesh","Sidhi","1039.41","435.18","17.11","88.26","69.96","17.72","29.63","42.54","339.05","461.24","136.04"
"19","2012","6","Madhya Pradesh","Sidhi","1039.62","435.18","17.1","88.81","72.81","17.76","34.49","37.12","336.35","459.17","136.52"
"19","2013","6","Madhya Pradesh","Sidhi","1039.64","434.7","17.04","89.06","73.8","18.08","29.48","40.96","336.52","461.4","137.11"
"19","2014","6","Madhya Pradesh","Sidhi","1039.64","434.66","16.96","89.25","73.46","19.54","29.95","42.77","333.03","457.56","137.39"
"19","2015","6","Madhya Pradesh","Sidhi","1039.64","434.94","17.34","89.95","72.29","19.59","29.93","41.81","333.8","455.48","136.45"
"19","2016","6","Madhya Pradesh","Sidhi","1039.64","434.94","17.36","89.64","72.3","19.44","30.17","40.95","334.85","458.58","136.95"
"19","2017","6","Madhya Pradesh","Sidhi","1039.64","434.94","17.37","89.38","72.22","21.01","29.94","40.73","334.05","462.16","138.35"
"19","2018","6","Madhya Pradesh","Sidhi","1039.64","434.71","17.37","89.25","79.51","21.41","29.52","42.32","324.88","464.24","142.9"
"19","2019","6","Madhya Pradesh","Sidhi","1039.64","434.72","17.37","89.11","85.26","21.52","27.31","30.52","332.97","542.22","162.84"
"19","2020","6","Madhya Pradesh","Sidhi","1039.64","434.72","15.14","89.89","86.25","21.42","23.2","46.51","327.83","617.36","188.32"
"20","2000","6","Madhya Pradesh","Satna","742.43","203.66","15.1","61.31","47.83","19.96","15.45","24.08","351.29","468.09","133.25"
"20","2001","6","Madhya Pradesh","Satna","742.43","203.66","15.26","61.39","46.49","19.64","16.05","18.92","357.24","474.5","132.82"
"20","2002","6","Madhya Pradesh","Satna","742.43","203.66","14.83","61.54","46.18","19.89","16.07","18.88","357.53","462.89","129.47"
"20","2003","6","Madhya Pradesh","Satna","742.43","203.66","14.88","61.82","46.38","19.82","16.59","15.96","359.69","475.91","132.31"
"20","2004","6","Madhya Pradesh","Satna","742.43","203.66","14.89","61.83","46.0","19.88","15.9","15.79","361.01","482.7","133.71"
"20","2005","6","Madhya Pradesh","Satna","742.43","203.66","15.18","65.77","46.33","20.19","15.91","15.0","356.99","481.59","134.9"
"20","2006","6","Madhya Pradesh","Satna","742.43","203.66","14.57","66.78","48.88","20.36","17.28","26.24","341.29","456.21","133.67"
"20","2007","6","Madhya Pradesh","Satna","742.43","203.66","15.09","66.48","48.48","20.58","18.58","28.53","337.69","459.68","136.12"
"20","2008","6","Madhya Pradesh","Satna","742.43","203.66","15.1","67.27","47.66","21.29","18.22","26.05","339.81","469.74","138.24"
"20","2009","6","Madhya Pradesh","Satna","742.43","203.66","14.44","68.48","49.64","20.99","17.96","22.57","341.26","474.23","138.96"
"20","2010","6","Madhya Pradesh","Satna","742.43","203.66","14.96","69.32","47.59","20.54","17.89","18.6","346.44","485.98","140.28"
"20","2011","6","Madhya Pradesh","Satna","742.43","203.66","14.71","70.58","44.8","22.27","17.16","17.14","348.8","492.29","141.14"
"20","2012","6","Madhya Pradesh","Satna","742.43","203.74","15.21","69.91","48.04","19.58","18.03","16.29","348.19","493.55","141.75"
"20","2013","6","Madhya Pradesh","Satna","742.43","203.74","15.35","70.21","46.87","19.61","16.6","13.82","352.77","515.19","146.04"
"20","2014","6","Madhya Pradesh","Satna","742.43","203.74","15.47","70.26","48.05","19.39","17.17","13.63","351.15","509.57","145.11"
"20","2015","6","Madhya Pradesh","Satna","742.43","203.74","15.31","70.97","47.49","19.46","16.3","14.04","351.58","534.97","152.16"
"20","2016","6","Madhya Pradesh","Satna","742.43","203.74","15.45","70.82","43.55","22.37","14.34","16.6","351.75","526.47","149.67"
"20","2017","6","Madhya Pradesh","Satna","742.43","203.74","16.59","43.49","68.67","19.43","16.35","20.7","349.56","611.04","174.8"
"20","2018","6","Madhya Pradesh","Satna","742.43","203.74","15.19","69.91","44.6","19.67","14.56","19.58","350.26","609.91","174.13"
"20","2019","6","Madhya Pradesh","Satna","742.43","203.74","15.03","70.21","44.15","18.71","12.02","10.04","365.12","672.25","184.11"
"20","2020","6","Madhya Pradesh","Satna","742.43","203.74","15.03","70.26","44.15","18.71","2.79","8.86","375.54","664.17","176.86"
"21","2000","6","Madhya Pradesh","Shahdol","1383.01","538.04","36.43","97.66","71.58","32.49","63.6","76.62","444.28","521.38","117.35"
"21","2001","6","Madhya Pradesh","Shahdol","1383.01","537.9","36.53","97.91","77.04","23.69","65.38","72.58","449.69","535.86","119.16"
"21","2002","6","Madhya Pradesh","Shahdol","1383.01","538.08","36.5","103.22","77.39","23.27","66.62","80.03","435.81","518.02","118.86"
"21","2003","6","Madhya Pradesh","Shahdol","2196.14","796.12","82.04","149.68","107.29","48.66","75.65","84.6","850.52","1015.34","119.38"
"21","2004","6","Madhya Pradesh","Shahdol","2196.14","795.76","81.93","148.62","109.75","48.98","72.86","77.05","860.03","1040.12","120.94"
"21","2005","6","Madhya Pradesh","Shahdol","2196.14","795.67","81.79","151.89","111.81","48.39","72.05","73.33","860.07","1031.39","119.92"
"21","2006","6","Madhya Pradesh","Shahdol","2196.14","795.67","81.97","153.4","112.46","48.58","75.05","77.73","849.98","1027.42","120.88"
"21","2007","6","Madhya Pradesh","Shahdol","2196.14","795.67","81.85","148.48","118.83","49.34","73.28","80.32","846.86","1029.63","121.58"
"21","2008","6","Madhya Pradesh","Shahdol","2196.14","795.67","82.4","150.1","120.57","48.9","75.62","77.87","843.84","1035.28","122.69"
"21","2009","6","Madhya Pradesh","Shahdol","2196.14","795.67","82.5","156.61","117.87","48.22","76.89","86.49","830.61","1039.58","125.16"
"21","2010","6","Madhya Pradesh","Shahdol","2196.14","795.67","82.19","159.39","115.19","49.23","75.17","76.3","841.64","1062.25","126.21"
"21","2011","6","Madhya Pradesh","Shahdol","2196.14","795.67","83.72","162.53","110.63","49.06","75.89","71.98","845.66","1133.61","134.05"
"21","2012","6","Madhya Pradesh","Shahdol","2196.14","795.95","82.76","166.02","103.82","53.39","69.63","57.33","866.16","1166.79","134.71"
"21","2013","6","Madhya Pradesh","Shahdol","2196.14","795.81","86.98","166.19","96.16","56.09","67.13","49.24","877.14","1243.89","141.81"
"21","2014","6","Madhya Pradesh","Shahdol","2196.14","796.87","85.66","166.03","97.56","56.27","71.48","62.41","858.51","1189.78","138.59"
"21","2015","6","Madhya Pradesh","Shahdol","2196.14","796.92","86.02","167.33","106.29","47.8","74.85","90.33","825.29","1130.41","136.97"
"21","2016","6","Madhya Pradesh","Shahdol","2196.14","796.97","85.93","169.16","99.45","55.23","73.22","73.47","841.35","1191.2","141.58"
"21","2017","6","Madhya Pradesh","Shahdol","2196.14","796.97","85.76","170.12","99.32","57.08","73.62","73.33","838.57","1246.49","148.64"
"21","2018","6","Madhya Pradesh","Shahdol","2196.14","797.01","86.16","170.78","100.36","58.38","63.7","82.42","835.16","1277.94","153.02"
"21","2019","6","Madhya Pradesh","Shahdol","2196.14","797.01","86.23","166.94","100.73","58.09","55.39","59.33","869.35","1405.43","161.66"
"21","2020","6","Madhya Pradesh","Shahdol","2196.14","797.01","77.41","163.68","100.73","50.68","56.29","63.92","886.68","1510.35","170.34"
"22","2000","6","Madhya Pradesh","Gwalior","456.45","109.58","52.31","32.19","23.42","16.67","4.48","49.02","168.7","213.69","126.67"
"22","2001","6","Madhya Pradesh","Gwalior","456.45","109.59","52.28","32.43","24.03","15.18","7.28","8.56","207.01","264.41","127.73"
"22","2002","6","Madhya Pradesh","Gwalior","456.45","110.58","51.37","32.79","23.71","14.51","10.07","42.49","170.84","195.03","114.16"
"22","2003","6","Madhya Pradesh","Gwalior","456.45","110.64","50.94","33.15","22.91","14.28","8.68","9.54","206.24","256.5","124.37"
"22","2004","6","Madhya Pradesh","Gwalior","456.45","111.03","50.71","33.07","22.46","13.9","7.1","5.85","212.24","265.37","125.03"
"22","2005","6","Madhya Pradesh","Gwalior","456.45","111.06","50.52","33.23","23.3","13.87","6.59","8.99","208.81","247.19","118.38"
"22","2006","6","Madhya Pradesh","Gwalior","456.45","111.06","50.65","33.27","23.19","13.95","9.44","19.09","195.72","251.78","128.64"
"22","2007","6","Madhya Pradesh","Gwalior","456.45","111.06","50.54","33.31","23.48","13.8","13.91","38.65","171.63","217.28","126.6"
"22","2008","6","Madhya Pradesh","Gwalior","456.45","111.06","49.04","33.27","23.12","13.59","12.22","12.38","201.7","258.05","127.94"
"22","2009","6","Madhya Pradesh","Gwalior","456.45","111.06","49.03","33.41","23.93","13.93","12.28","8.2","204.54","257.84","126.06"
"22","2010","6","Madhya Pradesh","Gwalior","456.45","111.06","49.12","33.53","23.91","13.9","12.47","6.61","205.79","259.6","126.15"
"22","2011","6","Madhya Pradesh","Gwalior","456.45","111.06","48.8","33.8","23.86","13.89","12.34","5.28","207.35","265.31","127.95"
"22","2012","6","Madhya Pradesh","Gwalior","456.45","111.05","48.75","33.98","24.06","13.86","11.19","3.64","209.84","293.65","139.94"
"22","2013","6","Madhya Pradesh","Gwalior","456.45","111.05","48.74","33.98","23.95","13.88","10.3","3.12","211.36","293.8","139.0"
"22","2014","6","Madhya Pradesh","Gwalior","456.45","111.05","48.74","33.99","23.85","13.77","10.54","2.12","212.31","283.43","133.5"
"22","2015","6","Madhya Pradesh","Gwalior","456.45","111.05","48.74","34.09","24.02","13.57","11.33","5.97","207.61","279.55","134.65"
"22","2016","6","Madhya Pradesh","Gwalior","456.45","111.05","48.73","34.06","23.9","13.54","13.95","5.18","205.97","276.34","134.17"
"22","2017","6","Madhya Pradesh","Gwalior","456.45","111.05","47.74","33.06","25.08","15.03","21.84","8.77","193.8","259.14","133.72"
"22","2018","6","Madhya Pradesh","Gwalior","456.45","111.05","48.73","33.98","23.99","13.62","8.76","3.35","214.32","299.78","139.87"
"22","2019","6","Madhya Pradesh","Gwalior","456.45","111.05","48.73","33.98","22.49","13.62","6.17","3.79","216.55","382.5","176.63"
"22","2020","6","Madhya Pradesh","Gwalior","456.45","111.05","48.73","33.99","22.49","13.62","6.17","3.79","213.0","400.02","187.8"
"23","2000","6","Madhya Pradesh","Shivpuri","1017.35","330.43","40.67","61.57","88.99","34.28","25.07","33.37","401.57","510.42","127.11"
"23","2001","6","Madhya Pradesh","Shivpuri","995.39","330.06","39.63","59.08","82.4","33.91","27.35","22.44","399.09","514.47","128.91"
"23","2002","6","Madhya Pradesh","Shivpuri","995.39","330.09","38.18","58.75","85.27","25.86","25.23","129.36","298.76","359.0","120.16"
"23","2003","6","Madhya Pradesh","Shivpuri","995.39","330.11","37.97","60.5","81.31","25.89","28.09","26.91","400.73","523.35","130.6"
"23","2004","6","Madhya Pradesh","Shivpuri","995.39","330.11","38.02","59.88","75.46","25.79","26.36","26.35","409.52","550.01","134.31"
"23","2005","6","Madhya Pradesh","Shivpuri","995.39","330.09","38.4","60.49","74.0","26.05","27.93","28.67","405.88","544.91","134.25"
"23","2006","6","Madhya Pradesh","Shivpuri","995.39","330.09","38.12","60.5","74.05","26.12","31.18","37.5","393.94","498.81","126.62"
"23","2007","6","Madhya Pradesh","Shivpuri","995.39","330.09","38.13","60.69","74.96","26.37","31.92","43.75","385.62","485.99","126.03"
"23","2008","6","Madhya Pradesh","Shivpuri","995.39","330.09","38.1","60.6","72.81","26.23","30.21","20.36","413.09","545.0","131.93"
"23","2009","6","Madhya Pradesh","Shivpuri","995.39","330.09","38.25","61.99","70.17","26.32","26.02","20.33","418.33","580.88","138.86"
"23","2010","6","Madhya Pradesh","Shivpuri","995.39","330.09","38.28","60.65","68.72","26.19","25.06","20.85","421.66","593.82","140.83"
"23","2011","6","Madhya Pradesh","Shivpuri","995.39","330.56","38.15","60.89","59.36","26.15","18.53","12.89","445.44","679.09","152.45"
"23","2012","6","Madhya Pradesh","Shivpuri","984.09","330.56","37.64","59.61","54.66","25.56","14.6","6.61","450.91","691.68","153.4"
"23","2013","6","Madhya Pradesh","Shivpuri","984.09","330.56","37.05","61.63","51.43","25.07","12.51","3.99","458.03","713.79","155.84"
"23","2014","6","Madhya Pradesh","Shivpuri","984.09","330.57","36.22","61.51","52.61","25.28","12.66","4.59","456.99","712.69","155.95"
"23","2015","6","Madhya Pradesh","Shivpuri","984.09","330.57","38.15","60.92","51.69","30.19","12.07","13.69","446.65","665.34","148.96"
"23","2016","6","Madhya Pradesh","Shivpuri","984.09","330.57","37.43","63.8","55.96","24.51","12.7","6.69","448.84","691.03","153.96"
"23","2017","6","Madhya Pradesh","Shivpuri","984.09","330.57","37.07","62.15","45.7","24.4","10.13","7.96","462.44","775.37","167.67"
"23","2018","6","Madhya Pradesh","Shivpuri","984.09","330.58","37.51","59.61","43.98","24.84","7.28","10.54","461.96","855.64","185.22"
"23","2019","6","Madhya Pradesh","Shivpuri","984.09","331.7","37.35","61.63","39.73","25.75","9.9","6.44","465.07","887.52","190.84"
"23","2020","6","Madhya Pradesh","Shivpuri","984.09","331.7","39.61","61.51","39.8","25.62","9.9","3.43","468.09","888.92","189.91"
"24","2000","6","Madhya Pradesh","Guna","1098.16","153.03","97.53","61.94","85.28","51.48","7.61","10.75","630.52","742.26","117.72"
"24","2001","6","Madhya Pradesh","Guna","1098.16","153.14","97.53","61.08","88.49","49.87","8.35","8.21","631.46","757.56","119.97"
"24","2002","6","Madhya Pradesh","Guna","1098.16","153.53","97.0","61.95","95.51","42.58","9.37","64.47","573.74","660.98","115.21"
"24","2003","6","Madhya Pradesh","Guna","630.77","100.91","61.53","34.25","65.25","29.38","9.02","7.72","322.69","410.88","127.33"
"24","2004","6","Madhya Pradesh","Guna","630.77","100.96","61.49","34.24","64.05","29.46","6.73","5.34","328.49","438.27","133.42"
"24","2005","6","Madhya Pradesh","Guna","630.77","100.93","61.55","34.16","64.68","29.58","6.62","4.65","328.59","427.91","130.23"
"24","2006","6","Madhya Pradesh","Guna","630.77","100.93","61.45","34.38","76.53","29.8","7.87","4.92","314.43","426.43","135.62"
"24","2007","6","Madhya Pradesh","Guna","630.77","100.93","61.65","34.38","65.35","29.49","6.9","5.83","325.79","444.25","136.36"
"24","2008","6","Madhya Pradesh","Guna","630.77","100.93","61.7","34.59","65.85","29.62","5.24","4.22","328.19","457.74","139.47"
"24","2009","6","Madhya Pradesh","Guna","630.77","100.93","61.72","34.61","65.95","29.72","6.82","3.17","327.41","458.68","140.09"
"24","2010","6","Madhya Pradesh","Guna","630.77","100.93","62.58","34.87","62.47","30.44","3.58","0.85","334.61","502.97","150.32"
"24","2011","6","Madhya Pradesh","Guna","630.77","100.93","62.5","34.87","64.88","30.13","2.14","0.8","334.08","483.11","144.61"
"24","2012","6","Madhya Pradesh","Guna","630.77","101.38","62.33","34.88","62.61","30.4","1.39","0.88","336.9","508.05","150.8"
"24","2013","6","Madhya Pradesh","Guna","630.77","101.38","62.7","34.9","60.62","30.16","1.22","0.78","339.02","524.47","154.7"
"24","2014","6","Madhya Pradesh","Guna","630.77","101.38","62.7","34.9","59.46","30.38","1.35","0.81","339.8","530.53","156.13"
"24","2015","6","Madhya Pradesh","Guna","630.77","101.38","62.7","34.9","60.45","30.34","0.77","1.32","338.91","557.95","164.63"
"24","2016","6","Madhya Pradesh","Guna","630.77","101.38","62.7","34.9","60.9","30.34","1.14","0.49","338.91","574.98","169.66"
"24","2017","6","Madhya Pradesh","Guna","630.77","106.66","62.77","35.79","50.77","30.19","1.19","1.83","341.54","642.39","188.09"
"24","2018","6","Madhya Pradesh","Guna","630.77","106.66","63.56","34.88","50.18","30.73","2.07","2.76","338.37","644.93","190.6"
"24","2019","6","Madhya Pradesh","Guna","630.77","106.66","63.56","34.9","50.55","31.51","2.03","0.94","339.19","654.47","192.95"
"24","2020","6","Madhya Pradesh","Guna","630.77","106.66","63.53","34.9","51.46","31.51","2.19","0.66","338.43","669.33","197.78"
"25","2000","6","Madhya Pradesh","Datia","273.92","23.48","13.57","16.22","14.05","8.46","4.77","9.76","180.81","199.91","110.56"
"25","2001","6","Madhya Pradesh","Datia","295.87","24.8","14.37","18.24","14.71","8.81","7.26","9.59","195.27","219.19","112.25"
"25","2002","6","Madhya Pradesh","Datia","295.87","24.8","14.35","21.25","15.82","4.66","8.85","14.98","188.37","210.98","112.0"
"25","2003","6","Madhya Pradesh","Datia","295.87","24.8","14.56","21.61","13.54","4.47","7.48","7.27","199.33","237.24","119.02"
"25","2004","6","Madhya Pradesh","Datia","295.87","29.34","14.57","21.63","14.85","4.57","6.4","4.88","201.36","233.78","116.1"
"25","2005","6","Madhya Pradesh","Datia","295.87","29.34","14.57","21.69","15.32","4.59","10.79","4.06","197.24","228.47","115.83"
"25","2006","6","Madhya Pradesh","Datia","295.87","29.34","12.74","23.8","10.33","4.52","9.12","16.51","186.71","238.38","127.67"
"25","2007","6","Madhya Pradesh","Datia","295.87","29.34","16.95","19.75","9.16","4.57","11.4","30.21","171.69","233.08","135.76"
"25","2008","6","Madhya Pradesh","Datia","295.87","29.34","8.73","22.26","11.55","7.44","7.53","9.72","195.96","230.49","117.62"
"25","2009","6","Madhya Pradesh","Datia","295.87","29.34","6.09","20.02","10.9","7.82","6.44","5.87","202.28","263.86","130.44"
"25","2010","6","Madhya Pradesh","Datia","295.87","29.34","7.09","18.98","10.2","7.44","6.71","5.72","203.94","270.59","132.68"
"25","2011","6","Madhya Pradesh","Datia","295.87","29.34","11.28","16.68","6.81","7.55","5.52","4.64","209.37","262.32","125.29"
"25","2012","6","Madhya Pradesh","Datia","307.17","29.34","19.6","17.79","7.08","6.36","5.93","4.01","212.46","264.12","124.32"
"25","2013","6","Madhya Pradesh","Datia","307.17","29.42","16.16","18.13","12.87","6.01","4.83","4.21","211.56","268.51","126.92"
"25","2014","6","Madhya Pradesh","Datia","307.17","29.43","16.17","18.93","17.14","6.04","4.58","4.18","206.73","271.5","131.33"
"25","2015","6","Madhya Pradesh","Datia","307.17","29.44","16.17","18.5","11.14","6.06","5.96","8.14","207.77","281.22","135.35"
"25","2016","6","Madhya Pradesh","Datia","307.17","29.44","16.12","18.48","10.61","6.07","6.88","7.34","208.25","289.97","139.24"
"25","2017","6","Madhya Pradesh","Datia","307.17","29.44","16.12","18.26","10.38","6.07","6.37","6.4","210.14","324.29","154.32"
"25","2018","6","Madhya Pradesh","Datia","307.17","29.44","16.12","17.79","10.13","6.07","4.25","6.59","212.28","354.39","166.94"
"25","2019","6","Madhya Pradesh","Datia","307.17","29.44","16.12","18.13","9.68","6.07","4.17","5.89","213.62","387.79","181.53"
"25","2020","6","Madhya Pradesh","Datia","307.17","29.44","16.12","18.93","8.98","6.07","2.92","2.27","222.24","435.88","196.13"
"26","2000","6","Madhya Pradesh","Morena","1168.34","341.55","194.02","70.85","64.5","60.98","8.56","24.69","403.2","497.82","123.47"
"26","2001","6","Madhya Pradesh","Morena","1168.34","341.86","190.73","70.68","69.94","56.94","11.34","18.16","408.7","506.8","124.0"
"26","2002","6","Madhya Pradesh","Morena","1168.34","341.86","190.42","71.36","68.07","53.45","18.06","128.0","297.13","356.76","120.07"
"26","2003","6","Madhya Pradesh","Morena","1168.34","341.86","186.67","71.21","65.9","53.21","15.14","14.99","419.37","520.77","124.18"
"26","2004","6","Madhya Pradesh","Morena","1168.34","341.86","186.8","72.27","63.68","53.2","12.99","11.52","426.03","526.1","123.49"
"26","2005","6","Madhya Pradesh","Morena","1168.34","342.78","175.85","80.04","63.85","56.15","12.53","14.71","422.42","531.18","125.75"
"26","2006","6","Madhya Pradesh","Morena","1168.34","342.78","176.12","79.43","62.44","55.99","11.44","19.74","420.23","536.46","127.66"
"26","2007","6","Madhya Pradesh","Morena","1168.34","342.78","176.66","79.15","62.51","56.07","15.16","21.4","413.85","534.75","129.21"
"26","2008","6","Madhya Pradesh","Morena","1168.34","342.78","175.1","79.3","62.37","56.0","11.78","11.17","429.06","549.27","128.02"
"26","2009","6","Madhya Pradesh","Morena","1168.34","342.78","175.34","79.77","62.48","56.02","10.91","9.99","430.27","566.8","131.73"
"26","2010","6","Madhya Pradesh","Morena","1168.34","342.78","174.77","79.77","60.19","55.99","9.28","7.68","436.35","610.94","140.01"
"26","2011","6","Madhya Pradesh","Morena","1168.34","342.78","173.99","79.7","60.64","55.99","9.77","7.15","436.8","615.98","141.02"
"26","2012","6","Madhya Pradesh","Morena","1168.34","344.3","173.99","80.0","59.9","55.94","8.74","6.49","438.97","612.86","139.61"
"26","2013","6","Madhya Pradesh","Morena","1168.34","344.3","173.93","80.06","59.3","55.83","7.88","5.82","441.22","656.99","148.9"
"26","2014","6","Madhya Pradesh","Morena","1168.34","344.3","174.08","80.64","59.22","56.0","7.86","7.01","439.23","657.93","149.79"
"26","2015","6","Madhya Pradesh","Morena","1168.34","344.3","174.1","80.76","59.69","55.91","8.47","7.28","437.82","667.13","152.38"
"26","2016","6","Madhya Pradesh","Morena","1168.34","344.3","174.31","80.82","59.59","55.98","8.32","5.41","439.61","674.77","153.49"
"26","2017","6","Madhya Pradesh","Morena","1168.34","344.3","174.37","80.65","60.29","56.14","8.19","7.32","437.08","685.52","156.84"
"26","2018","6","Madhya Pradesh","Morena","1168.34","344.31","174.29","80.62","61.3","56.1","6.1","5.19","440.39","739.09","167.83"
"26","2019","6","Madhya Pradesh","Morena","1168.34","344.31","173.88","80.67","61.02","56.19","5.79","3.98","442.28","789.12","178.42"
"26","2020","6","Madhya Pradesh","Morena","1168.34","344.31","169.37","78.67","61.02","56.19","5.79","3.98","452.79","866.85","191.45"
"27","2000","6","Madhya Pradesh","Bhind","445.2","8.91","23.37","35.21","12.07","18.8","3.57","46.71","296.1","322.55","108.93"
"27","2001","6","Madhya Pradesh","Bhind","445.2","8.91","23.05","35.7","12.1","17.77","6.54","11.51","329.18","361.65","109.86"
"27","2002","6","Madhya Pradesh","Bhind","445.2","8.91","23.18","35.98","11.27","16.94","7.15","27.09","314.27","340.37","108.3"
"27","2003","6","Madhya Pradesh","Bhind","445.2","8.91","21.83","36.13","11.29","16.57","7.15","14.85","328.0","355.53","108.39"
"27","2004","6","Madhya Pradesh","Bhind","445.2","8.91","21.8","36.89","10.52","16.69","7.24","13.22","329.29","355.91","108.08"
"27","2005","6","Madhya Pradesh","Bhind","445.2","8.91","21.91","36.76","10.74","16.56","6.79","13.03","329.88","358.93","108.81"
"27","2006","6","Madhya Pradesh","Bhind","445.2","8.91","21.79","37.18","11.83","15.96","6.51","21.65","320.8","344.74","107.46"
"27","2007","6","Madhya Pradesh","Bhind","445.2","8.91","21.81","37.37","11.44","16.98","8.74","33.77","305.72","339.48","111.04"
"27","2008","6","Madhya Pradesh","Bhind","445.2","8.91","21.52","37.6","11.77","16.2","7.33","9.09","332.32","367.19","110.49"
"27","2009","6","Madhya Pradesh","Bhind","445.2","8.91","21.51","37.69","12.32","16.13","7.26","6.18","334.75","369.52","110.39"
"27","2010","6","Madhya Pradesh","Bhind","445.2","8.91","21.64","37.82","11.83","16.32","6.96","4.94","336.35","376.8","112.03"
"27","2011","6","Madhya Pradesh","Bhind","445.2","8.91","21.47","37.35","12.19","16.76","7.04","5.96","335.06","373.28","111.41"
"27","2012","6","Madhya Pradesh","Bhind","445.2","8.81","21.34","37.61","11.53","16.73","5.41","2.71","340.54","381.45","112.01"
"27","2013","6","Madhya Pradesh","Bhind","445.2","8.81","22.43","37.47","11.37","16.6","4.72","1.96","341.33","382.81","112.15"
"27","2014","6","Madhya Pradesh","Bhind","445.2","8.81","22.5","37.69","11.19","16.59","4.37","2.31","341.23","395.01","115.76"
"27","2015","6","Madhya Pradesh","Bhind","445.2","8.81","22.21","38.46","11.63","16.4","4.54","4.83","337.8","407.83","120.73"
"27","2016","6","Madhya Pradesh","Bhind","445.2","8.81","22.22","38.43","11.58","16.23","4.53","3.5","339.39","410.99","121.1"
"27","2017","6","Madhya Pradesh","Bhind","445.2","8.81","22.49","38.59","12.01","16.56","4.52","4.51","337.19","406.25","120.48"
"27","2018","6","Madhya Pradesh","Bhind","445.2","8.81","22.5","37.6","11.72","16.63","3.95","4.76","337.71","424.04","125.56"
"27","2019","6","Madhya Pradesh","Bhind","445.2","8.81","22.56","37.47","12.13","16.64","4.45","2.24","339.81","452.08","133.04"
"27","2020","6","Madhya Pradesh","Bhind","445.2","8.81","22.56","37.69","12.13","16.64","4.45","2.24","339.81","498.9","146.82"
"28","2000","6","Madhya Pradesh","Indore","383.1","52.21","5.31","33.8","0.0","31.42","3.72","8.75","247.83","331.97","133.95"
"28","2001","6","Madhya Pradesh","Indore","383.1","52.21","6.33","23.49","14.27","24.56","3.47","8.3","250.4","400.89","160.1"
"28","2002","6","Madhya Pradesh","Indore","383.1","52.21","6.86","24.03","15.11","20.75","3.6","2.97","257.48","370.99","144.08"
"28","2003","6","Madhya Pradesh","Indore","383.1","52.21","6.86","24.03","14.71","21.53","2.97","2.11","258.61","425.81","164.65"
"28","2004","6","Madhya Pradesh","Indore","383.1","52.21","6.77","27.11","13.24","19.48","3.17","2.36","258.68","432.25","167.1"
"28","2005","6","Madhya Pradesh","Indore","383.1","52.21","6.77","27.16","13.59","19.47","3.5","2.08","258.24","370.3","143.39"
"28","2006","6","Madhya Pradesh","Indore","383.1","22.99","6.95","27.19","13.88","19.47","3.9","2.23","257.2","455.62","177.15"
"28","2007","6","Madhya Pradesh","Indore","383.1","22.99","6.95","27.22","13.21","19.47","4.65","3.03","256.28","451.26","176.08"
"28","2008","6","Madhya Pradesh","Indore","383.1","22.99","6.95","27.7","14.21","19.47","5.29","6.75","250.44","431.05","172.12"
"28","2009","6","Madhya Pradesh","Indore","383.1","22.99","10.42","36.08","3.09","19.69","6.0","2.89","252.18","453.15","179.69"
"28","2010","6","Madhya Pradesh","Indore","383.1","22.99","10.42","36.44","2.52","19.72","5.21","2.58","253.45","459.57","181.33"
"28","2011","6","Madhya Pradesh","Indore","383.1","22.99","10.67","41.79","2.01","18.76","5.07","2.98","249.54","455.73","182.63"
"28","2012","6","Madhya Pradesh","Indore","383.1","52.21","10.41","42.03","1.95","18.49","5.3","1.86","250.78","462.5","184.42"
"28","2013","6","Madhya Pradesh","Indore","383.1","52.21","9.26","42.03","2.29","17.8","5.34","2.74","251.35","466.63","185.65"
"28","2014","6","Madhya Pradesh","Indore","383.1","52.21","9.1","42.11","2.37","17.19","5.73","3.19","251.13","466.72","185.85"
"28","2015","6","Madhya Pradesh","Indore","383.1","52.21","11.68","37.94","2.32","18.41","5.46","4.58","250.42","468.13","186.94"
"28","2016","6","Madhya Pradesh","Indore","383.1","52.21","11.4","39.55","1.99","18.41","3.74","1.31","254.42","470.12","184.78"
"28","2017","6","Madhya Pradesh","Indore","383.1","52.21","11.4","40.05","2.49","19.02","4.47","2.75","250.64","493.22","196.78"
"28","2018","6","Madhya Pradesh","Indore","383.1","52.21","11.4","42.03","1.85","20.01","4.05","0.31","253.15","502.11","198.34"
"28","2019","6","Madhya Pradesh","Indore","383.1","52.21","12.09","42.03","3.79","15.83","4.35","4.47","248.25","485.06","195.39"
"28","2020","6","Madhya Pradesh","Indore","383.1","52.21","10.13","42.11","3.79","15.83","4.35","4.47","251.17","500.59","199.3"
"29","2000","6","Madhya Pradesh","Ratlam","486.01","34.29","42.29","27.44","21.77","31.66","1.19","1.94","325.36","360.3","110.74"
"29","2001","6","Madhya Pradesh","Ratlam","486.01","34.29","41.45","29.63","20.73","29.84","1.34","1.4","327.24","400.03","122.24"
"29","2002","6","Madhya Pradesh","Ratlam","486.01","34.29","40.44","30.09","20.6","29.13","1.56","2.13","327.71","356.05","108.65"
"29","2003","6","Madhya Pradesh","Ratlam","486.01","34.3","42.43","29.86","18.11","28.9","1.47","1.32","329.56","461.0","139.88"
"29","2004","6","Madhya Pradesh","Ratlam","486.01","34.3","40.12","30.09","18.6","29.3","1.35","1.47","330.69","486.52","147.12"
"29","2005","6","Madhya Pradesh","Ratlam","486.01","34.3","41.93","30.09","16.0","28.73","1.56","1.34","331.94","445.98","134.36"
"29","2006","6","Madhya Pradesh","Ratlam","486.01","34.3","41.6","30.73","15.26","28.6","1.1","1.34","332.96","499.98","150.16"
"29","2007","6","Madhya Pradesh","Ratlam","486.01","34.3","41.67","30.91","14.17","29.03","1.09","1.46","333.25","503.58","151.11"
"29","2008","6","Madhya Pradesh","Ratlam","486.01","34.3","41.39","31.28","14.12","28.86","1.54","0.92","333.5","488.35","146.43"
"29","2009","6","Madhya Pradesh","Ratlam","486.01","34.3","41.28","30.61","15.09","28.12","1.26","1.0","334.26","518.26","155.05"
"29","2010","6","Madhya Pradesh","Ratlam","486.01","34.3","41.21","30.58","16.49","26.56","1.35","1.1","334.34","509.43","152.37"
"29","2011","6","Madhya Pradesh","Ratlam","486.01","34.3","41.09","31.04","16.35","26.28","1.24","0.58","335.03","539.31","160.97"
"29","2012","6","Madhya Pradesh","Ratlam","486.01","34.34","40.96","29.79","15.04","27.23","1.15","0.53","336.85","554.65","164.66"
"29","2013","6","Madhya Pradesh","Ratlam","486.01","34.34","29.79","40.96","14.65","27.23","0.92","0.49","337.51","577.48","171.1"
"29","2014","6","Madhya Pradesh","Ratlam","486.01","34.34","40.32","30.2","15.68","27.64","0.85","0.62","336.22","550.87","163.84"
"29","2015","6","Madhya Pradesh","Ratlam","486.01","34.34","40.43","30.25","15.94","27.68","0.82","0.48","335.94","538.18","160.2"
"29","2016","6","Madhya Pradesh","Ratlam","486.01","34.34","40.11","30.3","15.96","27.48","0.87","0.46","336.37","557.24","165.66"
"29","2017","6","Madhya Pradesh","Ratlam","486.01","34.34","40.16","30.4","15.07","26.37","0.88","0.96","337.7","581.36","172.15"
"29","2018","6","Madhya Pradesh","Ratlam","486.01","34.33","40.27","29.79","14.42","25.96","1.28","1.05","337.63","607.26","179.86"
"29","2019","6","Madhya Pradesh","Ratlam","486.01","34.33","40.27","40.96","13.21","25.34","1.05","1.24","339.54","633.43","186.55"
"29","2020","6","Madhya Pradesh","Ratlam","486.01","34.33","40.27","30.2","13.21","25.34","1.05","1.24","343.7","694.3","202.01"
"30","2000","6","Madhya Pradesh","Ujjain","609.87","3.15","4.32","49.49","14.19","54.36","1.9","1.77","480.57","548.99","114.24"
"30","2001","6","Madhya Pradesh","Ujjain","609.87","3.15","4.45","51.33","11.15","52.29","2.13","1.72","483.51","667.4","138.03"
"30","2002","6","Madhya Pradesh","Ujjain","609.87","3.15","6.07","57.0","10.95","43.85","2.31","1.54","484.87","593.18","122.34"
"30","2003","6","Madhya Pradesh","Ujjain","609.87","3.15","5.98","57.62","10.66","40.82","1.99","1.25","488.27","762.48","156.16"
"30","2004","6","Madhya Pradesh","Ujjain","609.87","3.15","5.98","57.64","10.43","39.19","1.93","1.4","490.03","779.71","159.11"
"30","2005","6","Madhya Pradesh","Ujjain","609.87","3.15","5.97","57.72","9.97","38.59","2.11","2.85","489.38","674.46","137.82"
"30","2006","6","Madhya Pradesh","Ujjain","609.87","3.15","5.86","57.78","9.15","39.43","1.88","0.99","491.5","819.68","166.77"
"30","2007","6","Madhya Pradesh","Ujjain","609.87","3.15","5.85","57.77","10.19","39.98","1.89","1.04","489.87","839.5","171.37"
"30","2008","6","Madhya Pradesh","Ujjain","609.87","3.15","5.88","57.69","11.79","39.38","1.9","0.8","489.15","778.29","159.11"
"30","2009","6","Madhya Pradesh","Ujjain","609.87","3.15","6.12","58.2","7.69","35.91","1.61","0.97","496.07","873.27","176.04"
"30","2010","6","Madhya Pradesh","Ujjain","609.87","3.15","6.12","58.71","7.65","34.41","1.98","1.19","496.53","874.05","176.03"
"30","2011","6","Madhya Pradesh","Ujjain","609.87","3.15","5.98","58.48","8.11","33.52","2.1","1.24","497.16","886.57","178.33"
"30","2012","6","Madhya Pradesh","Ujjain","609.87","3.15","5.9","58.79","6.88","33.66","1.6","0.98","498.79","925.17","185.48"
"30","2013","6","Madhya Pradesh","Ujjain","609.87","3.15","5.9","58.79","7.64","32.29","1.79","0.54","499.66","938.0","187.73"
"30","2014","6","Madhya Pradesh","Ujjain","609.87","3.15","5.76","58.81","6.26","31.97","1.75","1.09","500.97","882.07","176.07"
"30","2015","6","Madhya Pradesh","Ujjain","609.87","3.15","5.73","59.07","6.19","30.47","1.84","3.47","499.82","905.8","181.23"
"30","2016","6","Madhya Pradesh","Ujjain","609.87","3.15","5.7","59.09","6.11","29.84","1.72","2.3","501.84","924.17","184.16"
"30","2017","6","Madhya Pradesh","Ujjain","609.87","3.15","5.69","59.36","5.9","26.69","2.09","1.67","505.17","961.57","190.35"
"30","2018","6","Madhya Pradesh","Ujjain","609.87","3.15","5.68","58.79","6.43","21.21","1.25","0.95","510.18","1010.52","198.07"
"30","2019","6","Madhya Pradesh","Ujjain","609.87","3.15","5.7","58.79","6.05","21.11","1.25","0.76","512.26","1017.77","198.68"
"30","2020","6","Madhya Pradesh","Ujjain","609.87","3.15","5.7","58.8","5.96","20.56","1.43","1.34","512.14","1023.87","199.92"
"31","2000","6","Madhya Pradesh","Mandsaur","945.21","130.28","84.05","106.34","38.4","32.77","1.25","2.8","549.28","639.91","116.5"
"31","2001","6","Madhya Pradesh","Mandsaur","945.34","131.11","88.43","110.49","38.13","26.04","1.51","2.41","547.19","724.09","132.33"
"31","2002","6","Madhya Pradesh","Mandsaur","945.34","131.1","87.15","113.38","39.98","22.49","1.63","9.32","540.25","596.57","110.42"
"31","2003","6","Madhya Pradesh","Mandsaur","945.34","131.08","87.24","117.15","39.57","20.89","2.28","4.76","542.33","718.32","132.45"
"31","2004","6","Madhya Pradesh","Mandsaur","945.33","132.65","85.74","118.92","36.36","21.4","1.82","2.22","546.17","830.24","152.01"
"31","2005","6","Madhya Pradesh","Mandsaur","945.34","132.81","88.82","114.52","35.62","21.83","1.65","2.6","547.47","770.81","140.79"
"31","2006","6","Madhya Pradesh","Mandsaur","945.34","38.4","87.94","120.33","35.35","22.02","1.64","2.53","542.48","856.07","157.81"
"31","2007","6","Madhya Pradesh","Mandsaur","945.34","40.59","83.84","123.35","34.32","22.93","1.72","2.04","542.09","808.25","149.1"
"31","2008","6","Madhya Pradesh","Mandsaur","945.35","40.59","81.7","119.73","34.41","23.35","1.68","1.61","547.83","829.14","151.35"
"31","2009","6","Madhya Pradesh","Mandsaur","945.37","40.59","83.58","117.8","36.29","23.22","1.64","2.14","545.66","838.88","153.74"
"31","2010","6","Madhya Pradesh","Mandsaur","945.37","40.59","84.2","115.83","34.54","23.32","1.7","1.66","549.05","848.03","154.45"
"31","2011","6","Madhya Pradesh","Mandsaur","945.37","40.59","83.85","120.74","33.42","23.48","1.75","1.68","545.39","892.0","163.55"
"31","2012","6","Madhya Pradesh","Mandsaur","945.37","135.0","83.94","126.91","32.92","22.84","1.64","1.54","540.49","903.75","167.21"
"31","2013","6","Madhya Pradesh","Mandsaur","945.37","135.0","83.56","127.91","32.09","22.91","1.76","1.64","540.43","937.07","173.39"
"31","2014","6","Madhya Pradesh","Mandsaur","945.37","135.0","83.96","127.97","31.68","22.34","2.22","1.26","540.86","929.05","171.77"
"31","2015","6","Madhya Pradesh","Mandsaur","945.37","135.0","84.24","128.45","30.86","22.41","2.4","1.66","540.27","907.8","168.03"
"31","2016","6","Madhya Pradesh","Mandsaur","945.37","135.0","84.0","129.4","31.21","22.57","1.74","1.32","540.08","932.1","172.59"
"31","2017","6","Madhya Pradesh","Mandsaur","945.37","135.0","84.19","128.56","32.31","22.35","1.97","1.47","539.45","956.85","177.38"
"31","2018","6","Madhya Pradesh","Mandsaur","945.36","135.01","84.12","127.93","32.61","22.25","2.37","2.19","536.29","985.57","183.78"
"31","2019","6","Madhya Pradesh","Mandsaur","945.36","135.01","84.98","128.84","31.4","20.63","2.09","3.64","536.36","1022.24","190.59"
"31","2020","6","Madhya Pradesh","Mandsaur","945.36","135.01","84.98","134.37","31.4","20.63","2.09","3.64","526.98","1047.25","198.73"
"32","2000","6","Madhya Pradesh","Dewas","701.31","206.04","10.9","34.54","2.76","66.8","0.73","1.48","378.03","453.67","120.01"
"32","2001","6","Madhya Pradesh","Dewas","701.31","206.04","10.43","33.74","2.7","65.62","1.09","0.89","380.78","539.39","141.65"
"32","2002","6","Madhya Pradesh","Dewas","701.31","206.04","11.19","35.01","2.97","62.07","1.17","0.89","381.95","513.44","134.43"
"32","2003","6","Madhya Pradesh","Dewas","701.31","206.04","10.85","34.52","2.42","60.85","1.42","0.77","384.42","575.27","149.65"
"32","2004","6","Madhya Pradesh","Dewas","701.31","206.57","10.73","34.49","2.56","60.3","1.1","0.61","384.93","584.33","151.8"
"32","2005","6","Madhya Pradesh","Dewas","701.31","206.64","10.78","36.11","2.87","57.46","0.97","0.42","386.03","560.56","145.21"
"32","2006","6","Madhya Pradesh","Dewas","701.31","206.64","10.77","35.49","2.95","58.02","1.2","0.41","385.8","599.79","155.47"
"32","2007","6","Madhya Pradesh","Dewas","701.31","206.64","10.78","35.98","2.99","55.3","0.81","0.43","388.36","624.56","160.82"
"32","2008","6","Madhya Pradesh","Dewas","701.31","206.64","10.78","35.94","2.94","53.6","0.81","0.66","389.93","612.71","157.13"
"32","2009","6","Madhya Pradesh","Dewas","701.31","206.64","10.79","36.16","2.95","52.01","1.04","0.33","391.37","644.73","164.74"
"32","2010","6","Madhya Pradesh","Dewas","701.31","206.64","10.79","36.25","2.83","50.42","0.96","0.61","392.8","689.52","175.54"
"32","2011","6","Madhya Pradesh","Dewas","701.31","206.64","10.79","36.26","2.82","49.35","1.2","0.32","393.91","690.53","175.3"
"32","2012","6","Madhya Pradesh","Dewas","701.31","206.64","10.79","36.28","2.63","46.76","0.41","0.05","397.74","705.3","177.33"
"32","2013","6","Madhya Pradesh","Dewas","701.31","206.64","12.96","34.91","2.07","44.8","0.41","0.13","399.38","728.42","182.39"
"32","2014","6","Madhya Pradesh","Dewas","701.31","206.64","12.7","35.18","2.07","41.62","0.4","0.1","402.58","736.49","182.94"
"32","2015","6","Madhya Pradesh","Dewas","701.31","206.64","12.59","35.23","2.08","39.38","0.49","0.14","404.74","735.65","181.76"
"32","2016","6","Madhya Pradesh","Dewas","701.31","206.43","11.34","38.54","2.07","37.55","0.39","0.26","404.71","752.63","185.97"
"32","2017","6","Madhya Pradesh","Dewas","701.31","206.43","11.97","38.37","2.08","36.04","0.72","0.37","405.31","768.8","189.68"
"32","2018","6","Madhya Pradesh","Dewas","701.31","206.43","11.97","36.28","2.08","36.04","1.05","0.03","405.32","798.47","197.0"
"32","2019","6","Madhya Pradesh","Dewas","701.31","206.43","11.77","34.91","2.08","32.56","1.09","0.02","408.97","809.23","197.87"
"32","2020","6","Madhya Pradesh","Dewas","701.31","206.43","11.77","35.18","0.0","32.56","1.11","0.04","411.01","848.0","206.32"
"33","2000","6","Madhya Pradesh","Dhar","819.54","120.0","72.56","47.64","16.9","50.0","3.57","4.21","504.62","559.66","110.91"
"33","2001","6","Madhya Pradesh","Dhar","819.54","120.25","75.77","46.28","17.69","46.53","3.34","3.41","506.23","678.44","134.02"
"33","2002","6","Madhya Pradesh","Dhar","819.54","120.77","74.31","48.11","16.09","47.27","3.91","3.08","505.97","610.44","120.65"
"33","2003","6","Madhya Pradesh","Dhar","819.54","120.76","75.65","47.4","16.27","46.88","3.58","2.56","506.4","696.56","137.55"
"33","2004","6","Madhya Pradesh","Dhar","819.54","120.74","76.08","48.97","15.25","46.38","3.45","2.5","506.14","710.56","140.39"
"33","2005","6","Madhya Pradesh","Dhar","819.54","120.74","75.67","50.3","15.5","46.58","3.18","3.08","504.47","638.74","126.62"
"33","2006","6","Madhya Pradesh","Dhar","819.54","120.74","75.73","51.99","14.64","47.11","2.95","2.02","504.45","743.87","147.46"
"33","2007","6","Madhya Pradesh","Dhar","819.54","120.74","75.52","53.87","14.67","47.44","2.99","2.31","502.08","776.55","154.67"
"33","2008","6","Madhya Pradesh","Dhar","819.54","120.74","75.49","54.98","14.91","47.14","3.36","1.83","502.0","739.47","147.3"
"33","2009","6","Madhya Pradesh","Dhar","819.54","120.74","75.53","54.49","14.89","47.08","3.33","2.27","502.1","770.2","153.4"
"33","2010","6","Madhya Pradesh","Dhar","819.54","120.74","75.58","55.93","14.38","47.2","3.19","2.32","501.16","788.16","157.27"
"33","2011","6","Madhya Pradesh","Dhar","819.54","120.74","75.78","56.74","14.56","47.33","2.82","1.92","500.63","769.7","153.75"
"33","2012","6","Madhya Pradesh","Dhar","819.54","119.74","75.57","57.44","12.67","48.82","2.5","1.44","501.35","781.41","155.86"
"33","2013","6","Madhya Pradesh","Dhar","819.54","119.74","75.74","58.95","12.96","46.88","2.2","1.14","501.9","818.26","163.03"
"33","2014","6","Madhya Pradesh","Dhar","819.54","120.04","75.8","58.7","12.97","46.68","2.37","1.35","501.59","810.48","161.58"
"33","2015","6","Madhya Pradesh","Dhar","819.54","118.02","75.85","60.9","12.43","46.01","2.78","1.74","501.78","817.88","163.0"
"33","2016","6","Madhya Pradesh","Dhar","819.54","119.96","75.88","60.12","12.39","45.99","3.45","1.51","500.2","831.96","166.33"
"33","2017","6","Madhya Pradesh","Dhar","819.54","119.96","75.88","59.89","14.97","43.86","3.7","1.72","499.52","848.98","169.96"
"33","2018","6","Madhya Pradesh","Dhar","819.54","119.96","75.85","57.44","14.02","45.21","4.17","2.76","497.83","865.08","173.77"
"33","2019","6","Madhya Pradesh","Dhar","819.54","119.96","71.74","58.95","12.83","47.01","3.21","3.28","499.99","935.57","187.12"
"33","2020","6","Madhya Pradesh","Dhar","819.54","119.96","66.74","58.7","12.83","47.01","3.21","3.28","506.98","1075.22","212.08"
"34","2000","6","Madhya Pradesh","Jhabua","674.72","130.44","57.14","53.37","24.32","35.46","4.9","6.66","355.42","359.37","101.11"
"34","2001","6","Madhya Pradesh","Jhabua","674.72","130.76","82.66","55.05","24.79","7.87","4.41","4.85","357.33","383.78","107.4"
"34","2002","6","Madhya Pradesh","Jhabua","674.72","130.71","82.72","55.11","24.05","7.77","4.36","4.97","358.03","387.86","108.33"
"34","2003","6","Madhya Pradesh","Jhabua","674.72","130.75","82.41","55.74","24.98","7.68","4.03","3.93","358.21","414.3","115.66"
"34","2004","6","Madhya Pradesh","Jhabua","674.72","130.73","82.48","56.17","24.5","7.58","3.6","3.55","359.11","425.59","118.51"
"34","2005","6","Madhya Pradesh","Jhabua","674.72","130.66","82.3","56.47","24.73","7.57","3.89","4.2","357.9","413.19","115.45"
"34","2006","6","Madhya Pradesh","Jhabua","674.72","130.66","82.41","56.25","24.81","7.7","3.66","3.67","358.52","428.48","119.51"
"34","2007","6","Madhya Pradesh","Jhabua","674.72","130.66","82.07","56.75","24.53","7.44","3.59","3.73","358.73","436.61","121.71"
"34","2008","6","Madhya Pradesh","Jhabua","675.72","132.07","82.56","58.0","25.38","8.53","4.46","4.85","359.83","420.31","116.81"
"34","2009","6","Madhya Pradesh","Jhabua","675.72","132.07","82.41","58.26","25.5","8.27","4.53","4.57","359.2","429.03","119.44"
"34","2010","6","Madhya Pradesh","Jhabua","675.72","132.07","82.56","58.04","25.51","8.36","4.58","4.28","360.29","438.07","121.59"
"34","2011","6","Madhya Pradesh","Jhabua","675.72","132.07","82.71","58.37","25.39","8.2","4.44","3.94","360.53","440.07","122.06"
"34","2012","6","Madhya Pradesh","Jhabua","675.72","132.07","82.72","58.47","25.71","7.59","3.78","4.68","360.72","455.05","126.15"
"34","2013","6","Madhya Pradesh","Jhabua","675.72","132.07","82.69","58.71","25.31","7.67","3.46","5.3","360.52","467.18","129.59"
"34","2014","6","Madhya Pradesh","Jhabua","675.72","132.02","82.5","59.02","25.31","7.65","3.52","4.3","361.38","464.44","128.52"
"34","2015","6","Madhya Pradesh","Jhabua","675.72","132.06","82.42","59.0","25.67","7.67","3.87","3.76","361.28","449.15","124.32"
"34","2016","6","Madhya Pradesh","Jhabua","675.72","132.18","83.59","59.25","26.97","7.92","4.51","3.74","357.57","456.59","127.69"
"34","2017","6","Madhya Pradesh","Jhabua","675.72","132.28","83.98","59.19","27.31","8.06","3.29","3.68","357.92","470.09","131.34"
"34","2018","6","Madhya Pradesh","Jhabua","675.72","132.25","84.17","58.8","27.73","8.02","3.27","4.46","356.47","466.23","130.79"
"34","2019","6","Madhya Pradesh","Jhabua","675.72","132.31","84.21","58.93","27.82","7.53","3.47","2.98","357.79","511.19","142.88"
"34","2020","6","Madhya Pradesh","Jhabua","675.72","132.31","84.19","59.17","40.77","7.47","2.77","2.42","347.27","530.08","152.64"
"35","2000","6","Madhya Pradesh","Khargone (West Nimar)","1348.5","428.76","89.4","58.3","37.96","76.46","11.64","5.38","640.57","683.96","106.77"
"35","2001","6","Madhya Pradesh","Khargone (West Nimar)","1348.5","428.8","102.01","58.14","37.97","63.66","11.62","5.21","641.1","702.92","109.64"
"35","2002","6","Madhya Pradesh","Khargone (West Nimar)","1348.5","429.1","103.43","58.51","35.69","62.91","12.0","4.56","641.77","726.89","113.26"
"35","2003","6","Madhya Pradesh","Khargone (West Nimar)","1348.5","429.23","103.89","58.65","35.32","62.89","12.08","4.61","641.32","743.36","115.91"
"35","2004","6","Madhya Pradesh","Khargone (West Nimar)","1348.5","429.84","104.13","59.57","35.98","62.54","11.73","4.87","639.3","743.67","116.33"
"35","2005","6","Madhya Pradesh","Khargone (West Nimar)","1348.5","429.98","104.77","64.04","35.78","62.43","11.96","4.73","634.3","707.74","111.58"
"35","2006","6","Madhya Pradesh","Khargone (West Nimar)","1519.37","429.95","104.41","64.43","35.49","62.95","12.13","3.92","634.66","751.69","118.44"
"35","2007","6","Madhya Pradesh","Khargone (West Nimar)","1519.37","430.59","99.16","67.06","31.41","69.87","11.95","4.25","633.67","761.55","120.18"
"35","2008","6","Madhya Pradesh","Khargone (West Nimar)","1519.37","429.78","103.39","72.7","35.16","59.17","12.14","4.27","631.86","717.62","113.57"
"35","2009","6","Madhya Pradesh","Khargone (West Nimar)","1519.37","429.95","99.38","69.88","33.25","67.45","12.49","4.95","631.09","770.56","122.1"
"35","2010","6","Madhya Pradesh","Khargone (West Nimar)","1519.37","429.96","100.6","68.24","33.05","61.39","12.22","5.52","633.41","789.55","124.65"
"35","2011","6","Madhya Pradesh","Khargone (West Nimar)","1519.37","429.95","101.93","76.48","22.3","68.85","13.15","4.65","630.36","781.01","123.9"
"35","2012","6","Madhya Pradesh","Khargone (West Nimar)","1519.37","600.82","112.52","73.3","29.04","56.6","11.12","4.43","631.28","797.73","126.37"
"35","2013","6","Madhya Pradesh","Khargone (West Nimar)","1519.37","600.66","109.29","75.79","26.02","61.53","10.37","3.59","631.95","836.13","132.31"
"35","2014","6","Madhya Pradesh","Khargone (West Nimar)","1519.37","600.66","109.8","75.76","26.34","63.11","11.29","3.97","628.29","871.59","138.72"
"35","2015","6","Madhya Pradesh","Khargone (West Nimar)","1519.37","600.66","109.31","75.46","26.59","61.29","10.14","3.84","631.93","880.73","139.37"
"35","2016","6","Madhya Pradesh","Khargone (West Nimar)","1348.51","429.94","108.88","75.84","27.33","61.89","10.49","4.3","629.81","884.84","140.49"
"35","2017","6","Madhya Pradesh","Khargone (West Nimar)","1348.51","429.94","107.44","76.94","24.17","61.08","10.42","3.97","634.53","1000.56","157.69"
"35","2018","6","Madhya Pradesh","Khargone (West Nimar)","1348.5","429.94","107.73","74.09","19.47","66.8","10.26","4.37","633.3","1037.56","163.84"
"35","2019","6","Madhya Pradesh","Khargone (West Nimar)","1348.5","429.92","107.73","75.83","19.55","66.62","10.58","4.11","633.16","1091.87","172.45"
"35","2020","6","Madhya Pradesh","Khargone (West Nimar)","1348.5","429.92","107.75","76.16","19.72","53.9","5.84","7.08","647.65","1178.74","182.0"
"36","2000","6","Madhya Pradesh","Khandwa (East Nimar)","1118.36","511.34","14.7","60.21","0.98","70.47","15.45","9.33","435.84","472.37","108.38"
"36","2001","6","Madhya Pradesh","Khandwa (East Nimar)","1118.36","511.86","14.64","62.69","1.2","68.55","15.03","8.38","435.97","503.58","115.51"
"36","2002","6","Madhya Pradesh","Khandwa (East Nimar)","1118.36","511.95","15.02","69.34","1.25","67.02","14.77","8.01","430.96","515.22","119.55"
"36","2003","6","Madhya Pradesh","Khandwa (East Nimar)","775.62","309.3","8.6","67.86","0.19","54.42","11.96","5.99","317.27","393.71","124.09"
"36","2004","6","Madhya Pradesh","Khandwa (East Nimar)","775.62","309.52","8.7","76.63","0.49","54.59","11.0","7.4","307.24","386.32","125.74"
"36","2005","6","Madhya Pradesh","Khandwa (East Nimar)","775.62","309.5","8.8","79.92","0.23","54.99","11.58","6.13","304.4","381.74","125.41"
"36","2006","6","Madhya Pradesh","Khandwa (East Nimar)","775.62","309.5","8.39","82.6","0.16","54.83","12.04","5.72","302.51","385.84","127.55"
"36","2007","6","Madhya Pradesh","Khandwa (East Nimar)","775.62","309.5","8.31","82.61","0.21","55.52","12.08","5.61","301.93","389.84","129.12"
"36","2008","6","Madhya Pradesh","Khandwa (East Nimar)","775.62","309.5","8.63","89.18","0.17","54.44","12.12","5.08","300.62","389.45","129.55"
"36","2009","6","Madhya Pradesh","Khandwa (East Nimar)","775.62","309.5","8.54","90.17","0.07","54.01","11.47","4.58","301.42","400.39","132.83"
"36","2010","6","Madhya Pradesh","Khandwa (East Nimar)","775.62","309.5","8.32","90.01","0.07","52.57","11.73","4.18","303.41","416.29","137.2"
"36","2011","6","Madhya Pradesh","Khandwa (East Nimar)","775.62","309.5","8.22","90.46","0.07","51.35","10.46","3.42","306.31","424.19","138.48"
"36","2012","6","Madhya Pradesh","Khandwa (East Nimar)","775.62","305.28","8.27","92.24","0.07","51.31","9.5","3.65","305.26","438.1","143.52"
"36","2013","6","Madhya Pradesh","Khandwa (East Nimar)","775.62","305.32","8.29","93.59","0.0","49.08","9.15","6.31","303.83","451.47","148.59"
"36","2014","6","Madhya Pradesh","Khandwa (East Nimar)","775.62","305.32","8.29","93.78","0.0","50.72","9.72","4.57","303.19","455.35","150.19"
"36","2015","6","Madhya Pradesh","Khandwa (East Nimar)","775.62","305.32","7.38","88.79","0.0","58.99","8.65","4.79","301.65","453.02","150.18"
"36","2016","6","Madhya Pradesh","Khandwa (East Nimar)","775.62","305.32","7.38","88.79","-1.0","55.69","8.58","4.26","305.56","457.81","149.83"
"36","2017","6","Madhya Pradesh","Khandwa (East Nimar)","775.62","305.32","7.38","88.79","0.0","54.99","8.0","4.04","307.06","492.35","160.34"
"36","2018","6","Madhya Pradesh","Khandwa (East Nimar)","775.62","305.32","7.53","92.24","0.0","51.8","8.6","5.47","306.23","515.41","168.31"
"36","2019","6","Madhya Pradesh","Khandwa (East Nimar)","775.62","305.32","7.38","93.59","0.0","51.29","10.14","5.58","307.07","552.39","179.89"
"36","2020","6","Madhya Pradesh","Khandwa (East Nimar)","775.62","305.32","7.39","93.78","0.0","51.29","10.14","5.58","317.87","591.91","186.21"
"37","2000","6","Madhya Pradesh","Sehore","934.25","216.66","8.92","68.02","20.54","76.38","5.42","16.35","521.91","655.85","125.66"
"37","2001","6","Madhya Pradesh","Sehore","934.25","216.69","12.29","67.57","20.22","70.54","5.82","8.98","532.1","772.52","145.18"
"37","2002","6","Madhya Pradesh","Sehore","934.25","217.0","13.24","69.26","18.71","68.82","7.26","9.75","530.17","747.39","140.97"
"37","2003","6","Madhya Pradesh","Sehore","934.25","216.71","12.29","69.85","16.2","70.99","8.06","5.67","534.46","801.62","149.99"
"37","2004","6","Madhya Pradesh","Sehore","934.25","216.9","12.28","69.78","14.66","72.22","7.94","3.36","537.07","831.92","154.9"
"37","2005","6","Madhya Pradesh","Sehore","934.25","216.65","11.63","69.7","17.89","68.88","7.75","4.29","537.43","802.01","149.23"
"37","2006","6","Madhya Pradesh","Sehore","934.25","174.34","11.98","69.1","17.65","69.99","7.07","3.24","538.53","832.47","154.58"
"37","2007","6","Madhya Pradesh","Sehore","934.25","174.34","11.94","69.84","16.64","70.56","6.88","3.64","538.0","867.08","161.17"
"37","2008","6","Madhya Pradesh","Sehore","934.25","173.89","11.93","70.83","17.34","64.5","12.04","3.14","538.02","860.92","160.02"
"37","2009","6","Madhya Pradesh","Sehore","934.25","173.89","13.07","73.63","14.15","62.75","10.04","2.59","542.02","894.78","165.08"
"37","2010","6","Madhya Pradesh","Sehore","934.25","174.34","13.31","73.69","11.71","59.79","6.21","1.41","551.53","930.21","168.66"
"37","2011","6","Madhya Pradesh","Sehore","934.25","174.34","13.35","74.15","12.75","59.05","5.98","1.66","550.76","936.37","170.01"
"37","2012","6","Madhya Pradesh","Sehore","934.25","216.51","13.28","74.89","11.81","57.65","5.05","1.66","553.35","975.5","176.29"
"37","2013","6","Madhya Pradesh","Sehore","934.25","216.52","13.49","75.67","10.82","57.02","5.14","1.27","554.26","1008.06","181.87"
"37","2014","6","Madhya Pradesh","Sehore","934.25","216.72","13.56","75.83","10.68","58.43","5.24","1.78","551.96","1003.84","181.87"
"37","2015","6","Madhya Pradesh","Sehore","934.25","216.27","13.66","77.1","11.14","60.15","5.15","2.38","548.33","983.83","179.42"
"37","2016","6","Madhya Pradesh","Sehore","934.25","216.26","13.54","77.57","11.03","61.25","5.57","1.48","547.5","997.28","182.15"
"37","2017","6","Madhya Pradesh","Sehore","934.25","216.7","13.53","76.74","10.82","59.86","4.85","1.37","550.34","1070.41","194.5"
"37","2018","6","Madhya Pradesh","Sehore","934.25","216.7","13.53","75.75","9.83","49.7","3.69","1.66","561.8","1083.92","192.94"
"37","2019","6","Madhya Pradesh","Sehore","930.25","212.69","13.46","76.31","9.9","50.15","3.39","0.93","561.92","1125.61","200.32"
"37","2020","6","Madhya Pradesh","Sehore","934.25","216.69","18.03","80.48","17.3","32.83","9.71","7.12","557.88","1167.14","209.21"
"38","2000","6","Madhya Pradesh","Raisen","848.75","333.43","3.55","39.07","13.66","26.96","2.95","2.46","426.56","517.98","121.43"
"38","2001","6","Madhya Pradesh","Raisen","848.75","333.68","3.59","39.51","14.52","24.02","2.91","2.07","428.34","518.86","121.13"
"38","2002","6","Madhya Pradesh","Raisen","848.75","333.68","3.65","39.62","13.14","24.63","2.99","2.1","428.83","501.55","116.96"
"38","2003","6","Madhya Pradesh","Raisen","848.75","333.67","3.62","39.48","12.74","24.34","3.09","1.2","430.5","500.04","116.15"
"38","2004","6","Madhya Pradesh","Raisen","848.75","333.67","3.61","39.64","12.51","24.28","3.25","0.86","430.82","509.41","118.24"
"38","2005","6","Madhya Pradesh","Raisen","848.75","333.67","3.55","39.7","12.09","24.48","3.06","1.05","431.04","507.38","117.71"
"38","2006","6","Madhya Pradesh","Raisen","848.75","116.67","3.55","39.71","12.12","24.54","3.06","0.87","431.1","510.37","118.39"
"38","2007","6","Madhya Pradesh","Raisen","848.75","116.67","3.53","39.82","11.82","24.49","2.62","0.67","432.02","562.42","130.18"
"38","2008","6","Madhya Pradesh","Raisen","848.75","116.65","3.5","39.8","10.19","24.46","2.67","0.91","433.48","561.88","129.62"
"38","2009","6","Madhya Pradesh","Raisen","848.75","114.95","3.59","41.48","9.06","24.72","2.0","0.73","453.12","581.4","128.31"
"38","2010","6","Madhya Pradesh","Raisen","848.75","116.67","3.62","39.93","8.51","25.59","1.89","0.78","434.66","607.45","139.75"
"38","2011","6","Madhya Pradesh","Raisen","848.75","114.97","3.62","41.62","7.76","25.74","1.88","0.65","435.4","633.97","145.61"
"38","2012","6","Madhya Pradesh","Raisen","848.75","333.67","3.62","39.91","7.55","25.9","1.95","0.8","435.24","667.4","153.34"
"38","2013","6","Madhya Pradesh","Raisen","848.75","333.67","3.62","40.09","7.85","26.04","2.03","1.25","434.09","719.47","165.74"
"38","2014","6","Madhya Pradesh","Raisen","848.75","333.67","3.62","40.09","7.13","26.16","2.29","0.85","434.83","680.5","156.5"
"38","2015","6","Madhya Pradesh","Raisen","848.75","333.67","3.56","40.73","9.03","26.16","1.99","3.04","430.45","709.93","164.93"
"38","2016","6","Madhya Pradesh","Raisen","848.75","333.67","3.56","40.75","7.95","26.31","2.03","1.15","433.22","695.79","160.61"
"38","2017","6","Madhya Pradesh","Raisen","848.75","333.67","3.56","40.75","7.09","26.27","2.16","2.03","433.12","722.95","166.92"
"38","2018","6","Madhya Pradesh","Raisen","848.75","333.67","3.56","39.91","7.51","26.37","2.51","3.18","431.06","751.95","174.44"
"38","2019","6","Madhya Pradesh","Raisen","848.75","333.67","3.56","40.09","10.62","26.26","5.36","3.08","425.29","783.58","184.24"
"38","2020","6","Madhya Pradesh","Raisen","848.75","333.67","3.56","40.09","5.09","26.37","2.28","1.56","435.33","808.02","185.61"
"39","2000","6","Madhya Pradesh","Vidisha","730.2","108.17","9.52","36.72","9.81","26.17","2.85","4.01","532.86","627.32","117.73"
"39","2001","6","Madhya Pradesh","Vidisha","730.2","108.47","9.49","36.66","9.79","25.01","3.21","3.67","533.81","653.2","122.37"
"39","2002","6","Madhya Pradesh","Vidisha","730.2","108.47","9.63","36.26","9.14","15.94","4.14","4.56","541.97","656.66","121.16"
"39","2003","6","Madhya Pradesh","Vidisha","730.2","108.5","9.68","36.8","15.49","18.52","3.25","2.81","535.04","672.36","125.67"
"39","2004","6","Madhya Pradesh","Vidisha","730.2","108.55","9.67","36.9","16.72","19.12","3.25","2.55","533.35","678.73","127.26"
"39","2005","6","Madhya Pradesh","Vidisha","730.2","108.53","10.01","37.38","17.41","19.37","3.4","2.95","531.07","663.12","124.86"
"39","2006","6","Madhya Pradesh","Vidisha","730.2","109.6","9.19","38.1","17.05","19.15","3.34","2.21","531.44","684.06","128.72"
"39","2007","6","Madhya Pradesh","Vidisha","730.2","109.6","8.24","38.84","14.25","21.24","3.32","2.35","532.15","728.87","136.97"
"39","2008","6","Madhya Pradesh","Vidisha","730.2","109.6","8.14","38.44","12.69","22.84","4.69","2.4","531.25","744.4","140.12"
"39","2009","6","Madhya Pradesh","Vidisha","730.2","109.6","8.14","39.07","13.74","21.76","3.69","1.59","532.4","767.09","144.08"
"39","2010","6","Madhya Pradesh","Vidisha","730.2","109.6","10.7","38.34","9.43","22.88","3.31","1.38","531.9","791.84","148.87"
"39","2011","6","Madhya Pradesh","Vidisha","730.2","109.6","11.78","39.08","9.77","23.0","2.87","1.4","530.07","788.42","148.74"
"39","2012","6","Madhya Pradesh","Vidisha","730.2","109.62","9.78","41.2","9.05","25.21","2.68","1.52","530.91","840.2","158.26"
"39","2013","6","Madhya Pradesh","Vidisha","730.2","109.62","9.2","41.94","8.17","23.8","2.38","1.26","533.61","919.28","172.28"
"39","2014","6","Madhya Pradesh","Vidisha","730.2","109.62","9.37","41.72","4.19","28.47","2.83","1.12","532.65","897.54","168.5"
"39","2015","6","Madhya Pradesh","Vidisha","730.2","109.62","9.9","41.08","3.45","27.9","2.35","0.9","534.78","969.33","181.26"
"39","2016","6","Madhya Pradesh","Vidisha","730.2","109.62","7.68","42.59","3.59","28.04","2.15","3.86","532.5","971.94","182.52"
"39","2017","6","Madhya Pradesh","Vidisha","730.2","109.62","7.68","43.08","3.35","29.1","2.67","1.71","532.79","1004.51","188.54"
"39","2018","6","Madhya Pradesh","Vidisha","730.2","109.61","7.68","41.2","3.65","29.11","2.19","1.55","533.4","1024.4","192.05"
"39","2019","6","Madhya Pradesh","Vidisha","730.2","109.61","7.68","41.94","2.74","28.87","1.63","1.26","535.89","1048.63","195.68"
"39","2020","6","Madhya Pradesh","Vidisha","730.2","109.61","7.68","41.72","2.82","24.87","1.63","4.12","538.92","1059.83","196.66"
"40","2000","6","Madhya Pradesh","Betul","1007.8","395.97","25.44","46.98","49.08","27.01","32.6","43.97","386.76","442.37","114.38"
"40","2001","6","Madhya Pradesh","Betul","1007.8","396.36","25.43","47.07","46.29","27.11","34.14","32.98","398.41","510.88","128.23"
"40","2002","6","Madhya Pradesh","Betul","1007.8","396.24","25.92","46.78","43.85","27.24","34.67","33.69","399.41","525.49","131.57"
"40","2003","6","Madhya Pradesh","Betul","1007.8","396.28","25.94","46.8","42.33","27.64","36.0","31.68","401.13","529.29","131.95"
"40","2004","6","Madhya Pradesh","Betul","1025.44","414.01","25.94","46.8","42.43","27.47","35.47","32.28","401.03","529.52","132.04"
"40","2005","6","Madhya Pradesh","Betul","1025.44","414.64","25.94","46.8","40.8","27.55","35.01","31.16","403.53","554.63","137.44"
"40","2006","6","Madhya Pradesh","Betul","1007.8","113.67","25.94","46.82","40.93","27.29","34.89","30.61","404.62","561.08","138.67"
"40","2007","6","Madhya Pradesh","Betul","1007.8","113.69","25.89","46.81","39.23","27.3","38.12","14.96","418.77","571.71","136.52"
"40","2008","6","Madhya Pradesh","Betul","1007.8","113.59","25.94","46.84","38.75","27.21","38.44","17.91","416.09","576.9","138.65"
"40","2009","6","Madhya Pradesh","Betul","1007.8","114.08","25.94","46.85","38.77","26.92","38.46","11.71","422.03","607.04","143.84"
"40","2010","6","Madhya Pradesh","Betul","1007.8","114.36","25.94","46.85","38.77","27.74","38.46","6.61","426.05","630.59","148.01"
"40","2011","6","Madhya Pradesh","Betul","1007.8","114.36","25.94","46.85","38.77","27.67","38.46","6.71","426.01","567.85","133.29"
"40","2012","6","Madhya Pradesh","Betul","1007.8","397.39","25.94","46.85","38.77","27.82","24.7","6.74","439.6","601.87","136.91"
"40","2013","6","Madhya Pradesh","Betul","1007.8","397.39","25.94","46.85","38.77","27.79","22.92","7.56","440.58","604.46","137.2"
"40","2014","6","Madhya Pradesh","Betul","1007.8","397.39","25.94","46.85","38.77","27.79","24.91","15.17","430.98","607.62","140.99"
"40","2015","6","Madhya Pradesh","Betul","1007.8","397.39","25.94","46.85","38.77","27.82","34.91","2.87","433.25","602.11","138.98"
"40","2016","6","Madhya Pradesh","Betul","1007.8","397.39","24.54","47.0","39.66","28.8","21.67","30.66","416.97","599.57","143.79"
"40","2017","6","Madhya Pradesh","Betul","1007.8","394.79","24.22","52.0","38.88","28.47","24.75","16.07","427.97","632.41","147.77"
"40","2018","6","Madhya Pradesh","Betul","1007.8","395.48","24.79","46.85","39.9","28.3","24.68","21.12","420.31","611.93","145.59"
"40","2019","6","Madhya Pradesh","Betul","1007.8","395.05","24.19","46.85","28.8","28.02","15.13","10.92","453.47","770.47","169.9"
"40","2020","6","Madhya Pradesh","Betul","1007.8","395.05","24.19","46.85","28.8","28.02","15.13","10.92","461.35","825.81","179.0"
"41","2000","6","Madhya Pradesh","Rajgarh","616.3","18.8","30.62","40.81","28.59","77.47","3.5","3.23","413.23","497.86","120.48"
"41","2001","6","Madhya Pradesh","Rajgarh","616.3","18.6","30.29","40.06","35.01","70.35","4.49","3.33","414.12","525.36","126.86"
"41","2002","6","Madhya Pradesh","Rajgarh","616.3","17.64","28.2","42.45","30.8","72.63","6.92","4.58","413.04","469.81","113.74"
"41","2003","6","Madhya Pradesh","Rajgarh","616.3","17.64","30.17","40.69","31.44","68.59","5.42","2.42","419.9","584.65","139.24"
"41","2004","6","Madhya Pradesh","Rajgarh","616.3","17.64","29.9","41.06","29.95","67.7","5.25","1.7","423.05","607.71","143.65"
"41","2005","6","Madhya Pradesh","Rajgarh","616.3","17.64","29.22","41.91","32.08","63.98","4.58","2.14","424.52","548.37","129.17"
"41","2006","6","Madhya Pradesh","Rajgarh","616.3","17.64","29.15","42.23","28.83","66.21","4.67","1.57","425.76","608.68","142.96"
"41","2007","6","Madhya Pradesh","Rajgarh","616.3","17.64","29.06","42.48","28.8","64.79","4.47","1.16","427.67","633.4","148.1"
"41","2008","6","Madhya Pradesh","Rajgarh","616.3","17.64","29.05","42.84","28.82","63.53","4.41","1.8","427.98","604.21","141.18"
"41","2009","6","Madhya Pradesh","Rajgarh","616.3","17.64","29.16","42.78","28.65","62.89","3.86","1.48","429.6","691.98","161.08"
"41","2010","6","Madhya Pradesh","Rajgarh","616.3","17.64","29.1","43.31","28.0","61.7","3.14","0.81","432.37","735.1","170.02"
"41","2011","6","Madhya Pradesh","Rajgarh","616.3","17.64","28.99","44.23","27.11","58.92","3.34","0.95","434.86","745.65","171.47"
"41","2012","6","Madhya Pradesh","Rajgarh","616.3","17.64","28.99","44.39","26.75","56.6","2.64","0.84","438.21","772.49","176.28"
"41","2013","6","Madhya Pradesh","Rajgarh","616.3","17.64","29.02","44.66","30.29","48.81","4.41","2.12","439.1","783.95","178.54"
"41","2014","6","Madhya Pradesh","Rajgarh","616.3","17.64","28.95","44.58","26.25","55.12","2.89","1.04","439.58","789.99","179.71"
"41","2015","6","Madhya Pradesh","Rajgarh","616.3","17.64","29.02","44.84","26.33","54.14","2.75","0.85","440.48","795.24","180.54"
"41","2016","6","Madhya Pradesh","Rajgarh","616.3","17.64","29.02","47.51","26.33","50.52","2.99","0.34","441.72","799.6","181.02"
"41","2017","6","Madhya Pradesh","Rajgarh","616.3","17.64","29.02","48.04","26.32","50.31","2.41","1.02","441.3","808.36","183.18"
"41","2018","6","Madhya Pradesh","Rajgarh","616.3","17.64","29.02","44.38","25.46","45.97","2.23","1.58","445.85","825.79","185.22"
"41","2019","6","Madhya Pradesh","Rajgarh","616.3","17.64","29.02","44.66","22.47","43.84","3.07","1.33","449.63","854.5","190.05"
"41","2020","6","Madhya Pradesh","Rajgarh","616.3","17.64","24.02","44.58","22.47","22.74","3.07","11.45","482.51","952.63","197.43"
"42","2000","6","Madhya Pradesh","Shajapur","617.28","4.98","35.38","48.28","15.31","60.91","0.75","0.9","443.72","521.39","117.5"
"42","2001","6","Madhya Pradesh","Shajapur","617.28","4.72","39.17","50.8","15.07","53.97","1.19","0.26","445.04","567.17","127.44"
"42","2002","6","Madhya Pradesh","Shajapur","617.54","4.98","41.56","50.79","14.59","50.55","1.14","0.57","446.3","550.3","123.3"
"42","2003","6","Madhya Pradesh","Shajapur","617.54","4.98","40.7","51.73","13.78","48.21","1.38","-0.13","449.83","661.21","146.99"
"42","2004","6","Madhya Pradesh","Shajapur","617.54","4.98","40.63","51.32","12.51","48.54","1.25","-0.1","451.34","682.99","151.32"
"42","2005","6","Madhya Pradesh","Shajapur","617.53","5.01","40.46","51.42","11.37","50.28","0.74","-0.21","451.4","620.81","137.53"
"42","2006","6","Madhya Pradesh","Shajapur","617.53","5.01","39.32","53.84","9.42","49.88","0.88","-0.19","452.31","679.16","150.15"
"42","2007","6","Madhya Pradesh","Shajapur","617.54","5.01","38.65","54.04","9.14","49.49","0.7","-0.37","453.64","722.75","159.32"
"42","2008","6","Madhya Pradesh","Shajapur","617.54","5.01","39.07","53.1","9.36","49.14","0.93","-0.44","454.13","690.1","151.96"
"42","2009","6","Madhya Pradesh","Shajapur","617.62","5.01","39.36","53.6","9.25","49.84","0.56","-0.6","453.33","740.04","163.25"
"42","2010","6","Madhya Pradesh","Shajapur","617.62","5.01","39.06","53.57","8.81","48.81","0.32","-0.62","455.39","776.86","170.59"
"42","2011","6","Madhya Pradesh","Shajapur","617.62","5.01","38.68","53.79","11.57","46.25","0.39","-0.59","455.26","774.43","170.11"
"42","2012","6","Madhya Pradesh","Shajapur","617.62","5.19","38.85","53.78","11.07","43.46","0.33","-0.53","458.39","783.6","170.95"
"42","2013","6","Madhya Pradesh","Shajapur","618.62","6.12","40.32","54.51","16.99","39.77","1.17","0.33","459.33","799.25","174.0"
"42","2014","6","Madhya Pradesh","Shajapur","618.62","6.14","39.82","54.34","17.78","38.24","0.98","0.57","460.67","780.31","169.39"
"42","2015","6","Madhya Pradesh","Shajapur","618.62","6.11","39.55","54.99","16.67","38.97","2.11","0.46","459.7","787.14","171.23"
"42","2016","6","Madhya Pradesh","Shajapur","618.62","5.14","39.44","55.46","16.94","38.94","0.85","0.51","460.25","796.96","173.16"
"42","2017","6","Madhya Pradesh","Shajapur","618.62","6.14","37.52","57.99","15.78","35.65","0.13","0.24","465.01","826.84","177.81"
"42","2018","6","Madhya Pradesh","Shajapur","618.62","6.11","37.22","153.56","11.2","37.61","2.05","0.48","394.25","897.75","227.71"
"42","2019","6","Madhya Pradesh","Shajapur","618.62","6.14","50.54","54.33","17.66","75.09","7.27","5.46","420.47","884.95","210.47"
"42","2020","6","Madhya Pradesh","Shajapur","618.62","6.14","37.24","47.57","17.17","37.61","1.36","1.03","478.47","965.57","201.8"
"43","2000","6","Madhya Pradesh","Hoshangabad","999.27","344.19","34.83","47.31","35.58","49.98","12.6","13.03","458.23","751.13","163.92"
"43","2001","6","Madhya Pradesh","Hoshangabad","999.27","359.38","37.26","31.13","37.22","48.59","13.52","8.92","461.28","776.47","168.33"
"43","2002","6","Madhya Pradesh","Hoshangabad","999.27","359.72","32.5","36.81","35.26","46.58","12.98","8.25","466.15","782.07","167.77"
"43","2003","6","Madhya Pradesh","Hoshangabad","999.27","360.28","32.71","35.87","36.16","44.91","13.54","7.92","466.83","791.47","169.54"
"43","2004","6","Madhya Pradesh","Hoshangabad","999.27","360.64","33.65","36.28","33.31","42.95","12.88","6.64","471.51","805.58","170.85"
"43","2005","6","Madhya Pradesh","Hoshangabad","999.27","360.77","44.0","25.89","31.08","40.36","10.76","6.49","478.85","810.33","169.22"
"43","2006","6","Madhya Pradesh","Hoshangabad","999.27","282.68","18.21","52.36","30.36","39.73","10.21","5.53","481.48","822.54","170.84"
"43","2007","6","Madhya Pradesh","Hoshangabad","999.27","282.68","18.61","52.16","28.9","39.03","9.51","6.2","483.69","841.07","173.89"
"43","2008","6","Madhya Pradesh","Hoshangabad","999.27","282.45","7.28","63.74","28.28","38.63","8.82","5.55","485.98","846.43","174.17"
"43","2009","6","Madhya Pradesh","Hoshangabad","999.27","282.53","6.01","64.21","29.29","36.2","8.26","4.71","489.45","869.79","177.71"
"43","2010","6","Madhya Pradesh","Hoshangabad","999.27","282.76","5.91","63.9","27.86","35.13","8.0","4.35","493.07","879.61","178.39"
"43","2011","6","Madhya Pradesh","Hoshangabad","999.27","282.76","5.82","64.6","28.38","34.16","8.31","4.2","492.74","898.55","182.36"
"43","2012","6","Madhya Pradesh","Hoshangabad","999.27","360.67","12.14","59.43","24.27","34.57","8.17","3.57","496.36","914.53","184.25"
"43","2013","6","Madhya Pradesh","Hoshangabad","999.27","359.54","5.85","67.23","25.61","34.66","6.93","2.96","496.39","997.34","200.92"
"43","2014","6","Madhya Pradesh","Hoshangabad","999.27","359.54","5.84","67.41","22.76","34.41","6.31","2.87","500.03","970.55","194.1"
"43","2015","6","Madhya Pradesh","Hoshangabad","999.27","359.58","5.87","67.43","21.26","34.25","5.94","4.38","500.5","1012.13","202.22"
"43","2016","6","Madhya Pradesh","Hoshangabad","999.27","359.57","5.82","66.7","21.73","34.16","6.01","3.57","501.61","994.45","198.25"
"43","2017","6","Madhya Pradesh","Hoshangabad","999.27","359.57","5.8","67.34","18.04","33.52","4.91","3.57","506.43","1057.68","208.85"
"43","2018","6","Madhya Pradesh","Hoshangabad","999.27","359.57","5.74","67.14","17.48","32.16","5.8","2.85","509.0","1075.95","211.39"
"43","2019","6","Madhya Pradesh","Hoshangabad","999.27","359.57","5.74","67.05","14.43","31.95","4.68","3.66","512.7","1204.55","234.94"
"43","2020","6","Madhya Pradesh","Hoshangabad","999.27","359.57","5.74","62.52","13.63","27.24","8.03","8.03","522.07","1218.93","233.48"
"44","2000","1","Andhra Pradesh","Srikakulam","899.31","126.83","89.28","127.87","2.44","3.38","6.36","44.1","491.97","638.03","129.69"
"44","2001","1","Andhra Pradesh","Srikakulam","899.0","127.0","89.0","128.0","2.0","3.5","6.5","87.0","448.5","614.0","136.9"
"44","2002","1","Andhra Pradesh","Srikakulam","899.0","127.0","89.0","128.0","2.0","3.5","13.5","115.0","413.5","539.5","130.47"
"44","2003","1","Andhra Pradesh","Srikakulam","899.31","126.83","89.28","128.19","2.54","3.38","11.8","79.33","451.81","620.14","137.26"
"44","2004","1","Andhra Pradesh","Srikakulam","899.31","126.83","89.28","128.6","2.31","3.38","9.38","64.2","468.88","631.75","134.74"
"44","2005","1","Andhra Pradesh","Srikakulam","899.31","126.83","89.28","132.24","2.45","3.38","12.2","105.03","421.07","581.6","138.12"
"44","2006","1","Andhra Pradesh","Srikakulam","910.65","128.29","88.56","133.69","2.5","3.39","40.37","22.54","477.83","657.15","137.53"
"44","2007","1","Andhra Pradesh","Srikakulam","910.65","128.29","86.62","137.93","2.58","3.39","29.85","20.34","488.82","674.95","138.08"
"44","2008","1","Andhra Pradesh","Srikakulam","910.65","128.29","86.62","137.93","2.58","3.39","32.67","36.05","472.44","634.99","134.41"
"44","2009","1","Andhra Pradesh","Srikakulam","910.65","128.29","86.5","137.93","2.58","3.39","29.85","87.05","421.61","591.49","140.29"
"44","2010","1","Andhra Pradesh","Srikakulam","910.65","128.29","86.5","138.82","2.44","3.39","27.43","48.48","462.58","637.64","137.84"
"44","2011","1","Andhra Pradesh","Srikakulam","910.65","128.29","86.19","140.0","2.65","3.56","26.75","48.44","461.64","617.88","133.84"
"44","2012","1","Andhra Pradesh","Srikakulam","910.65","128.29","85.0","141.28","2.65","3.56","26.41","65.95","444.8","608.88","136.89"
"44","2013","1","Andhra Pradesh","Srikakulam","910.65","128.29","84.91","141.79","2.65","3.56","26.01","77.47","433.25","592.96","136.86"
"44","2014","1","Andhra Pradesh","Srikakulam","910.65","128.29","84.91","141.16","2.72","3.56","25.78","73.86","437.66","605.4","138.33"
"44","2015","1","Andhra Pradesh","Srikakulam","910.65","128.29","84.91","141.33","2.72","3.56","26.54","68.91","441.69","594.94","134.7"
"44","2016","1","Andhra Pradesh","Srikakulam","910.65","128.29","84.91","143.06","2.73","3.56","27.75","69.69","437.96","599.15","136.8"
"44","2017","1","Andhra Pradesh","Srikakulam","910.65","128.29","84.9","143.35","2.75","3.56","31.95","60.51","442.61","635.83","143.65"
"44","2018","1","Andhra Pradesh","Srikakulam","910.65","128.29","84.9","143.36","2.72","3.42","30.8","60.81","443.59","604.65","136.31"
"44","2019","1","Andhra Pradesh","Srikakulam","910.17","128.29","84.9","143.81","2.72","3.42","31.48","65.57","437.22","606.19","138.65"
"44","2020","1","Andhra Pradesh","Srikakulam","910.17","128.29","84.9","143.82","2.72","3.42","33.26","106.45","394.54","547.91","138.87"
"45","2000","1","Andhra Pradesh","Visakhapatnam","1449.3","533.77","189.93","123.47","10.16","5.5","9.85","26.71","512.83","660.01","128.7"
"45","2001","1","Andhra Pradesh","Visakhapatnam","1449.0","534.0","170.0","137.0","10.0","5.5","9.5","82.0","462.5","607.0","131.24"
"45","2002","1","Andhra Pradesh","Visakhapatnam","1449.0","534.0","170.0","139.0","10.0","5.5","21.5","108.0","422.5","535.5","126.75"
"45","2003","1","Andhra Pradesh","Visakhapatnam","1449.3","533.77","169.81","139.13","10.97","5.42","18.11","86.08","447.69","588.02","131.35"
"45","2004","1","Andhra Pradesh","Visakhapatnam","1449.3","533.77","169.81","139.56","10.74","5.42","16.83","62.34","472.23","605.61","128.25"
"45","2005","1","Andhra Pradesh","Visakhapatnam","1449.3","533.77","169.81","139.71","13.02","5.42","19.23","98.53","431.02","552.86","128.27"
"45","2006","1","Andhra Pradesh","Visakhapatnam","1443.05","500.82","169.81","139.71","12.7","5.3","42.01","74.44","459.77","582.88","126.78"
"45","2007","1","Andhra Pradesh","Visakhapatnam","1443.05","500.82","167.34","141.55","12.78","5.3","40.36","63.66","473.65","599.22","126.51"
"45","2008","1","Andhra Pradesh","Visakhapatnam","1443.05","500.82","167.34","141.55","12.78","5.3","43.62","75.17","458.81","582.71","127.01"
"45","2009","1","Andhra Pradesh","Visakhapatnam","1443.05","500.82","167.22","145.51","12.78","5.3","40.71","135.97","394.3","502.01","127.32"
"45","2010","1","Andhra Pradesh","Visakhapatnam","1443.05","500.82","167.22","148.06","12.72","5.21","40.08","78.4","450.69","576.87","128.0"
"45","2011","1","Andhra Pradesh","Visakhapatnam","1443.05","500.82","166.91","148.06","12.49","5.38","40.38","85.98","443.38","550.09","124.07"
"45","2012","1","Andhra Pradesh","Visakhapatnam","1443.05","500.82","166.91","148.09","12.49","5.38","51.52","93.56","424.43","546.4","128.74"
"45","2013","1","Andhra Pradesh","Visakhapatnam","1443.05","500.82","166.91","148.6","12.28","5.38","54.35","98.31","417.82","547.85","131.12"
"45","2014","1","Andhra Pradesh","Visakhapatnam","1443.05","500.82","166.91","148.75","12.0","5.32","54.36","102.86","413.35","549.2","132.86"
"45","2015","1","Andhra Pradesh","Visakhapatnam","1443.05","500.82","166.91","148.93","12.0","5.32","53.95","103.22","413.2","536.83","129.92"
"45","2016","1","Andhra Pradesh","Visakhapatnam","1443.05","500.82","166.91","150.66","11.96","5.32","54.26","97.89","417.19","526.31","126.16"
"45","2017","1","Andhra Pradesh","Visakhapatnam","1443.05","500.82","166.89","151.9","12.02","5.32","57.09","94.31","417.26","525.52","125.95"
"45","2018","1","Andhra Pradesh","Visakhapatnam","1443.05","500.82","166.89","151.89","11.99","5.17","54.93","110.8","403.82","496.75","123.01"
"45","2019","1","Andhra Pradesh","Visakhapatnam","1442.51","500.82","166.77","153.29","12.7","5.19","61.88","111.07","393.83","490.64","124.58"
"45","2020","1","Andhra Pradesh","Visakhapatnam","1442.51","500.82","165.95","155.03","12.68","5.19","58.65","136.06","371.72","459.15","123.52"
"46","2000","1","Andhra Pradesh","East Godavari","1081.84","323.11","83.11","121.75","16.55","24.82","21.42","41.19","439.81","764.91","173.92"
"46","2001","1","Andhra Pradesh","East Godavari","1082.0","323.0","83.0","123.0","17.0","25.0","23.0","71.0","410.0","736.0","179.51"
"46","2002","1","Andhra Pradesh","East Godavari","1082.0","323.0","83.0","128.0","17.0","24.0","88.0","36.0","369.0","618.0","167.48"
"46","2003","1","Andhra Pradesh","East Godavari","1081.84","323.11","82.72","129.45","16.69","23.82","66.87","2.17","428.59","755.89","176.37"
"46","2004","1","Andhra Pradesh","East Godavari","1081.84","323.11","82.72","132.07","16.42","23.82","62.25","14.32","418.7","729.15","174.15"
"46","2005","1","Andhra Pradesh","East Godavari","1081.84","323.11","82.72","133.5","17.53","23.82","54.16","22.82","410.08","747.61","182.31"
"46","2006","1","Andhra Pradesh","East Godavari","1080.7","323.24","82.45","138.87","17.0","23.57","49.57","13.86","418.13","766.49","183.31"
"46","2007","1","Andhra Pradesh","East Godavari","1080.7","323.24","79.13","138.87","18.08","20.69","33.81","16.41","437.94","789.8","180.34"
"46","2008","1","Andhra Pradesh","East Godavari","1080.7","323.24","78.49","139.35","17.77","20.69","32.83","27.49","426.77","739.27","173.22"
"46","2009","1","Andhra Pradesh","East Godavari","1080.7","323.24","78.49","139.58","17.69","20.69","41.61","64.2","381.03","598.16","156.99"
"46","2010","1","Andhra Pradesh","East Godavari","1080.7","323.24","78.49","141.0","17.12","20.69","42.04","24.01","425.64","714.12","167.78"
"46","2011","1","Andhra Pradesh","East Godavari","1080.7","323.24","78.49","142.9","16.89","20.69","43.02","27.57","413.69","636.36","153.83"
"46","2012","1","Andhra Pradesh","East Godavari","1080.7","323.24","78.49","143.51","17.29","20.69","42.02","24.07","422.94","694.07","164.11"
"46","2013","1","Andhra Pradesh","East Godavari","1080.7","323.24","78.09","150.39","16.84","20.46","46.46","19.96","416.88","691.55","165.89"
"46","2014","1","Andhra Pradesh","East Godavari","1260.16","441.31","84.88","155.07","17.5","22.05","52.51","43.61","435.4","683.86","157.06"
"46","2015","1","Andhra Pradesh","East Godavari","1280.53","466.49","83.18","156.92","16.95","21.9","51.85","41.95","435.85","679.31","155.86"
"46","2016","1","Andhra Pradesh","East Godavari","1280.53","466.49","83.18","159.4","15.85","21.79","49.35","55.97","423.08","682.57","161.33"
"46","2017","1","Andhra Pradesh","East Godavari","1280.53","466.49","83.18","159.43","15.81","21.79","50.26","50.92","427.24","666.04","155.89"
"46","2018","1","Andhra Pradesh","East Godavari","1280.53","466.49","83.18","159.46","15.69","21.79","50.38","56.66","421.56","648.44","153.82"
"46","2019","1","Andhra Pradesh","East Godavari","1263.62","466.49","83.03","158.52","15.72","21.56","52.28","56.18","404.48","631.56","156.14"
"46","2020","1","Andhra Pradesh","East Godavari","1262.28","466.49","83.01","157.29","15.68","21.55","54.4","66.23","392.31","616.73","157.2"
"47","2000","1","Andhra Pradesh","West Godavari","779.54","81.19","41.13","109.5","23.56","14.01","9.24","23.1","432.88","696.93","161.0"
"47","2001","1","Andhra Pradesh","West Godavari","780.0","81.0","41.0","110.0","21.0","14.0","10.0","46.0","409.0","649.0","158.68"
"47","2002","1","Andhra Pradesh","West Godavari","780.0","81.0","41.0","110.0","21.0","14.0","17.0","49.0","404.0","591.0","146.29"
"47","2003","1","Andhra Pradesh","West Godavari","779.54","81.19","41.13","109.53","21.37","14.01","9.71","46.52","447.95","670.78","149.74"
"47","2004","1","Andhra Pradesh","West Godavari","779.54","81.19","41.13","109.88","20.12","14.01","10.34","25.55","469.3","672.31","143.26"
"47","2005","1","Andhra Pradesh","West Godavari","779.54","81.19","41.13","109.93","19.51","14.01","8.99","20.76","441.69","708.58","160.42"
"47","2006","1","Andhra Pradesh","West Godavari","774.2","81.17","41.13","109.83","19.51","14.01","5.69","29.52","432.33","699.78","161.86"
"47","2007","1","Andhra Pradesh","West Godavari","774.2","81.17","41.13","109.74","20.22","13.77","1.7","24.11","441.54","706.94","160.11"
"47","2008","1","Andhra Pradesh","West Godavari","774.2","81.17","41.13","111.41","18.06","13.76","4.71","20.86","440.39","724.58","164.53"
"47","2009","1","Andhra Pradesh","West Godavari","774.2","81.17","41.13","111.58","18.06","13.76","6.75","59.88","395.96","617.94","156.06"
"47","2010","1","Andhra Pradesh","West Godavari","774.2","81.17","41.13","112.24","17.73","13.07","5.06","15.82","480.12","768.36","160.03"
"47","2011","1","Andhra Pradesh","West Godavari","774.2","81.17","41.13","115.12","14.21","13.07","6.75","23.45","426.01","694.81","163.1"
"47","2012","1","Andhra Pradesh","West Godavari","774.2","81.17","37.83","115.12","13.35","13.02","7.9","25.82","472.12","699.1","148.08"
"47","2013","1","Andhra Pradesh","West Godavari","774.2","81.17","37.64","162.91","13.37","12.97","7.8","26.79","423.68","696.99","164.51"
"47","2014","1","Andhra Pradesh","West Godavari","850.67","132.9","40.9","120.56","16.71","13.43","11.92","38.07","468.28","691.11","147.58"
"47","2015","1","Andhra Pradesh","West Godavari","850.67","132.9","40.16","122.75","14.17","12.07","16.88","28.08","476.06","693.23","145.62"
"47","2016","1","Andhra Pradesh","West Godavari","850.67","132.9","40.16","129.35","16.19","12.01","22.46","30.32","459.74","687.42","149.52"
"47","2017","1","Andhra Pradesh","West Godavari","850.67","132.9","40.16","131.86","15.68","12.01","21.33","33.54","455.64","696.59","152.88"
"47","2018","1","Andhra Pradesh","West Godavari","850.66","132.9","40.16","131.86","15.68","12.01","27.24","20.82","462.43","660.42","142.81"
"47","2019","1","Andhra Pradesh","West Godavari","781.79","132.9","40.16","130.45","16.4","12.05","24.15","31.34","386.86","642.63","166.12"
"47","2020","1","Andhra Pradesh","West Godavari","780.18","132.9","40.16","131.02","15.26","10.49","25.86","39.58","377.54","631.07","167.15"
"48","2000","1","Andhra Pradesh","Krishna","879.69","66.39","55.34","149.3","28.74","12.05","25.25","26.81","473.33","714.92","151.04"
"48","2001","1","Andhra Pradesh","Krishna","880.0","66.0","55.0","149.0","29.0","12.0","27.0","50.0","442.0","679.0","153.62"
"48","2002","1","Andhra Pradesh","Krishna","880.0","66.0","55.0","149.0","29.0","12.0","26.0","60.0","434.0","631.0","145.39"
"48","2003","1","Andhra Pradesh","Krishna","879.69","66.39","55.34","149.52","29.15","12.05","28.32","61.11","472.22","611.71","129.54"
"48","2004","1","Andhra Pradesh","Krishna","879.69","66.39","55.34","149.52","28.92","12.05","28.73","39.74","493.4","661.11","133.99"
"48","2005","1","Andhra Pradesh","Krishna","879.69","66.39","55.34","149.52","25.92","12.05","25.04","42.09","464.41","715.03","153.97"
"48","2006","1","Andhra Pradesh","Krishna","872.7","76.19","54.68","140.96","26.85","12.05","25.5","34.35","463.03","716.34","154.71"
"48","2007","1","Andhra Pradesh","Krishna","872.7","76.19","38.09","145.54","27.55","10.75","27.2","28.58","476.27","737.77","154.91"
"48","2008","1","Andhra Pradesh","Krishna","872.7","76.19","37.79","145.6","27.28","10.67","24.66","22.51","485.37","756.24","155.81"
"48","2009","1","Andhra Pradesh","Krishna","872.7","76.19","36.76","146.76","25.84","10.67","30.22","43.58","458.73","715.99","156.08"
"48","2010","1","Andhra Pradesh","Krishna","872.7","76.19","36.76","149.8","25.81","10.67","25.36","30.44","508.77","787.42","154.77"
"48","2011","1","Andhra Pradesh","Krishna","872.7","76.19","36.76","150.26","25.69","10.67","23.48","30.11","469.64","726.44","154.68"
"48","2012","1","Andhra Pradesh","Krishna","872.7","76.19","36.76","150.8","25.68","10.66","24.94","38.88","499.96","700.62","140.14"
"48","2013","1","Andhra Pradesh","Krishna","872.7","76.19","36.76","194.97","23.48","10.66","24.25","29.61","467.94","728.5","155.68"
"48","2014","1","Andhra Pradesh","Krishna","872.7","76.19","36.76","152.61","22.58","10.66","25.9","53.52","485.64","677.0","139.4"
"48","2015","1","Andhra Pradesh","Krishna","872.7","76.19","36.76","154.9","22.64","10.65","28.93","73.31","460.56","609.36","132.31"
"48","2016","1","Andhra Pradesh","Krishna","872.7","76.19","36.76","155.24","22.64","10.66","30.66","64.49","467.29","624.32","133.6"
"48","2017","1","Andhra Pradesh","Krishna","872.7","76.19","36.76","155.28","21.55","10.64","49.87","37.18","476.46","649.05","136.22"
"48","2018","1","Andhra Pradesh","Krishna","872.7","76.19","36.76","155.38","21.55","10.54","40.01","27.22","496.26","660.93","133.18"
"48","2019","1","Andhra Pradesh","Krishna","817.62","76.19","36.76","155.47","21.18","10.54","36.73","37.97","434.0","675.33","155.6"
"48","2020","1","Andhra Pradesh","Krishna","813.32","76.19","36.76","155.7","20.34","10.53","35.76","40.08","429.23","682.65","159.04"
"49","2000","1","Andhra Pradesh","Guntur","1921.29","365.49","107.19","223.83","64.97","54.81","71.26","63.9","916.21","1169.02","127.59"
"49","2001","1","Andhra Pradesh","Guntur","1921.44","365.78","105.84","224.54","64.98","54.82","80.88","105.22","865.4","1100.04","127.11"
"49","2002","1","Andhra Pradesh","Guntur","1921.44","365.78","105.84","224.54","64.98","54.36","87.74","185.62","778.06","980.24","125.99"
"49","2003","1","Andhra Pradesh","Guntur","1921.29","365.49","105.5","224.73","64.99","54.55","82.25","132.77","845.69","1041.6","123.17"
"49","2004","1","Andhra Pradesh","Guntur","1921.29","365.49","105.5","224.73","64.83","54.55","81.12","93.66","886.01","1078.53","121.73"
"49","2005","1","Andhra Pradesh","Guntur","1921.29","365.49","105.5","224.73","64.72","54.55","83.77","79.37","891.17","1111.84","124.76"
"49","2006","1","Andhra Pradesh","Guntur","1949.9","365.49","117.43","228.07","71.8","52.41","95.71","115.45","849.13","1075.09","126.61"
"49","2007","1","Andhra Pradesh","Guntur","1949.9","365.49","107.2","228.66","63.03","45.87","86.14","87.68","921.4","1150.58","124.87"
"49","2008","1","Andhra Pradesh","Guntur","1949.9","365.49","107.2","228.9","62.29","45.71","93.83","100.28","901.94","1137.34","126.1"
"49","2009","1","Andhra Pradesh","Guntur","1949.9","365.49","107.2","232.75","61.95","45.43","137.64","76.91","883.79","1084.65","122.73"
"49","2010","1","Andhra Pradesh","Guntur","1949.9","374.45","105.93","237.74","57.98","44.07","102.76","42.59","954.14","1216.99","127.55"
"49","2011","1","Andhra Pradesh","Guntur","1949.9","374.45","105.93","241.21","56.83","42.57","111.81","70.62","910.73","1122.07","123.21"
"49","2012","1","Andhra Pradesh","Guntur","1949.9","373.22","105.01","241.98","61.57","42.48","113.93","127.38","855.02","1032.63","120.77"
"49","2013","1","Andhra Pradesh","Guntur","1949.9","373.22","102.22","251.37","56.39","42.17","96.95","71.07","930.64","1179.76","126.77"
"49","2014","1","Andhra Pradesh","Guntur","1949.9","373.22","102.22","245.03","54.91","42.15","117.19","95.38","893.92","1088.05","121.72"
"49","2015","1","Andhra Pradesh","Guntur","1949.9","373.22","102.22","260.49","54.02","42.15","118.48","163.4","810.05","958.78","118.36"
"49","2016","1","Andhra Pradesh","Guntur","1949.9","373.22","101.89","262.97","53.38","42.0","125.19","157.97","807.42","962.44","119.2"
"49","2017","1","Andhra Pradesh","Guntur","1949.9","373.22","101.89","263.0","51.27","39.8","114.94","135.27","844.68","1024.96","121.34"
"49","2018","1","Andhra Pradesh","Guntur","1949.9","373.22","101.89","264.98","51.27","39.8","111.57","114.52","866.81","1030.6","118.9"
"49","2019","1","Andhra Pradesh","Guntur","1942.62","372.99","101.89","266.77","51.95","37.98","115.54","134.02","835.22","1017.41","121.81"
"49","2020","1","Andhra Pradesh","Guntur","1942.44","372.99","101.88","269.28","51.33","37.81","105.98","146.92","831.43","1020.49","122.74"
"50","2000","1","Andhra Pradesh","S.P.S. Nellore","1967.38","414.55","220.53","288.28","128.73","125.24","134.76","82.1","531.8","579.01","108.88"
"50","2001","1","Andhra Pradesh","S.P.S. Nellore","1967.32","415.34","219.52","291.62","111.94","125.46","129.64","97.66","534.2","581.12","108.78"
"50","2002","1","Andhra Pradesh","S.P.S. Nellore","1967.32","415.34","219.52","291.62","111.94","125.08","123.22","112.86","528.18","587.72","111.27"
"50","2003","1","Andhra Pradesh","S.P.S. Nellore","1967.38","414.55","219.73","291.42","112.57","124.74","136.73","134.45","513.71","533.45","103.84"
"50","2004","1","Andhra Pradesh","S.P.S. Nellore","1967.38","414.55","219.73","292.93","112.44","124.74","130.69","87.99","564.84","614.12","108.72"
"50","2005","1","Andhra Pradesh","S.P.S. Nellore","1967.38","414.55","219.73","293.22","112.44","124.74","124.29","80.42","566.79","606.46","107.0"
"50","2006","1","Andhra Pradesh","S.P.S. Nellore","1977.39","430.94","201.2","308.01","147.5","96.34","118.29","102.69","538.75","630.87","117.1"
"50","2007","1","Andhra Pradesh","S.P.S. Nellore","1977.39","430.94","198.31","309.18","137.85","95.33","100.96","83.21","590.55","673.98","114.13"
"50","2008","1","Andhra Pradesh","S.P.S. Nellore","1977.39","430.94","198.3","312.74","135.22","94.61","96.45","99.58","579.42","670.38","115.7"
"50","2009","1","Andhra Pradesh","S.P.S. Nellore","1977.39","430.94","198.3","314.58","134.14","93.75","126.42","74.84","577.7","667.39","115.52"
"50","2010","1","Andhra Pradesh","S.P.S. Nellore","1977.39","438.34","197.25","322.49","126.05","93.26","95.51","53.56","630.87","750.44","118.95"
"50","2011","1","Andhra Pradesh","S.P.S. Nellore","1977.39","438.34","197.25","327.06","121.2","91.83","98.09","76.37","599.87","690.43","115.1"
"50","2012","1","Andhra Pradesh","S.P.S. Nellore","1977.39","437.32","138.34","387.86","80.24","54.34","165.74","107.16","598.3","667.34","111.54"
"50","2013","1","Andhra Pradesh","S.P.S. Nellore","1977.39","446.43","141.19","383.53","68.42","56.07","153.34","142.09","577.8","635.93","110.06"
"50","2014","1","Andhra Pradesh","S.P.S. Nellore","1977.39","446.43","141.19","375.88","67.88","56.05","165.08","158.13","558.26","624.53","111.87"
"50","2015","1","Andhra Pradesh","S.P.S. Nellore","1977.39","446.43","140.14","383.01","91.98","55.48","141.6","47.24","662.57","696.39","105.1"
"50","2016","1","Andhra Pradesh","S.P.S. Nellore","1977.39","446.43","139.87","383.39","95.94","55.36","145.35","193.82","508.33","571.9","112.5"
"50","2017","1","Andhra Pradesh","S.P.S. Nellore","1977.39","446.43","139.87","383.65","102.99","55.31","175.84","110.53","553.89","571.29","103.14"
"50","2018","1","Andhra Pradesh","S.P.S. Nellore","1977.39","446.43","139.86","383.65","103.26","55.3","188.4","164.69","486.88","505.78","103.88"
"50","2019","1","Andhra Pradesh","S.P.S. Nellore","1962.76","446.43","139.82","384.14","101.03","55.15","157.48","118.29","551.53","575.7","104.38"
"50","2020","1","Andhra Pradesh","S.P.S. Nellore","1961.83","446.43","139.81","384.35","100.65","54.93","143.43","106.81","576.67","669.25","116.05"
"51","2000","1","Andhra Pradesh","Kurnool","2034.28","389.05","124.31","123.25","91.0","14.7","133.29","159.49","995.19","1097.77","110.31"
"51","2001","1","Andhra Pradesh","Kurnool","2034.24","388.88","123.64","123.84","91.08","14.72","137.48","245.12","905.4","1005.84","111.09"
"51","2002","1","Andhra Pradesh","Kurnool","2034.24","388.88","123.64","153.84","89.08","14.56","119.04","209.52","931.76","1010.04","108.4"
"51","2003","1","Andhra Pradesh","Kurnool","2034.28","389.05","124.08","157.42","88.55","14.61","125.64","171.45","959.75","1044.9","108.87"
"51","2004","1","Andhra Pradesh","Kurnool","2034.28","389.05","124.08","158.16","88.55","14.61","125.51","163.46","967.14","1060.11","109.61"
"51","2005","1","Andhra Pradesh","Kurnool","2034.28","389.05","124.08","159.25","87.33","14.61","137.48","134.03","984.31","1095.51","111.3"
"51","2006","1","Andhra Pradesh","Kurnool","2047.82","411.47","153.95","163.82","65.54","13.11","104.56","180.68","949.2","1053.98","111.04"
"51","2007","1","Andhra Pradesh","Kurnool","2047.82","411.47","152.64","164.86","59.55","12.95","100.58","144.84","997.03","1145.73","114.91"
"51","2008","1","Andhra Pradesh","Kurnool","2047.82","411.47","152.64","165.73","59.43","12.89","92.68","158.78","990.34","1099.95","111.07"
"51","2009","1","Andhra Pradesh","Kurnool","2047.82","411.47","152.63","166.75","59.1","12.8","109.38","168.22","964.63","1106.39","114.7"
"51","2010","1","Andhra Pradesh","Kurnool","2047.82","414.59","152.19","169.17","58.48","12.56","91.86","149.15","997.46","1140.98","114.39"
"51","2011","1","Andhra Pradesh","Kurnool","2047.82","414.59","152.19","170.57","58.46","12.53","95.27","169.23","972.26","1064.02","109.44"
"51","2012","1","Andhra Pradesh","Kurnool","2047.82","414.16","151.87","170.84","58.85","12.53","95.1","127.55","1014.47","1101.16","108.55"
"51","2013","1","Andhra Pradesh","Kurnool","2047.82","414.16","151.87","171.28","57.63","12.53","91.54","133.88","1012.5","1111.91","109.82"
"51","2014","1","Andhra Pradesh","Kurnool","2047.82","414.16","151.87","172.13","55.49","12.12","91.48","138.29","1010.0","1094.79","108.39"
"51","2015","1","Andhra Pradesh","Kurnool","2047.82","414.16","151.87","172.29","55.54","12.12","93.67","199.4","946.5","1015.53","107.29"
"51","2016","1","Andhra Pradesh","Kurnool","2047.82","414.16","151.75","172.8","55.33","12.07","99.45","175.58","964.41","1065.18","110.45"
"51","2017","1","Andhra Pradesh","Kurnool","2047.82","414.16","151.75","173.46","55.0","12.07","104.63","196.65","937.84","1041.63","111.07"
"51","2018","1","Andhra Pradesh","Kurnool","2047.82","414.16","151.76","173.47","54.38","12.06","101.29","200.42","938.02","1027.4","109.53"
"51","2019","1","Andhra Pradesh","Kurnool","2047.18","414.16","147.95","179.79","55.0","11.69","98.77","187.04","950.53","1040.93","109.51"
"51","2020","1","Andhra Pradesh","Kurnool","2047.24","414.16","147.94","181.34","51.57","11.69","93.48","170.85","974.0","1070.57","109.92"
"52","2000","1","Andhra Pradesh","Ananthapur","1913.49","196.78","172.95","161.75","55.38","23.34","92.79","126.26","1054.58","1102.86","104.58"
"52","2001","1","Andhra Pradesh","Ananthapur","1913.0","197.0","197.0","162.0","52.0","23.0","81.0","117.0","1046.0","1085.0","103.73"
"52","2002","1","Andhra Pradesh","Ananthapur","1913.0","197.0","197.0","162.0","52.0","34.0","111.0","114.0","1008.0","1045.0","103.67"
"52","2003","1","Andhra Pradesh","Ananthapur","1913.49","196.78","196.8","161.78","51.8","34.43","118.0","151.38","964.53","1001.94","103.88"
"52","2004","1","Andhra Pradesh","Ananthapur","1913.49","196.78","196.8","161.78","51.8","34.43","115.81","46.86","1071.23","1135.89","106.04"
"52","2005","1","Andhra Pradesh","Ananthapur","1913.49","196.78","196.8","161.78","50.28","34.43","98.44","32.41","1103.66","1169.24","105.94"
"52","2006","1","Andhra Pradesh","Ananthapur","1913.0","196.98","189.21","120.31","56.12","9.05","102.47","304.72","923.31","975.43","105.64"
"52","2007","1","Andhra Pradesh","Ananthapur","1913.0","196.98","183.45","120.31","51.89","8.95","84.25","142.65","1113.93","1187.73","106.63"
"52","2008","1","Andhra Pradesh","Ananthapur","1913.0","196.98","183.45","120.31","52.83","8.95","88.5","168.88","1082.76","1153.63","106.55"
"52","2009","1","Andhra Pradesh","Ananthapur","1913.0","196.98","180.31","120.31","50.99","8.95","87.61","432.56","824.96","900.53","109.16"
"52","2010","1","Andhra Pradesh","Ananthapur","1913.0","196.98","167.47","143.46","48.86","5.85","86.06","152.05","1102.86","1180.08","107.0"
"52","2011","1","Andhra Pradesh","Ananthapur","1913.0","196.98","167.47","149.03","48.86","5.85","85.75","200.4","1048.14","1114.08","106.29"
"52","2012","1","Andhra Pradesh","Ananthapur","1913.0","196.98","167.47","150.14","48.86","5.85","86.5","227.95","1019.85","1083.52","106.24"
"52","2013","1","Andhra Pradesh","Ananthapur","1913.0","196.98","166.43","151.25","48.53","5.85","86.5","209.07","1038.98","1106.37","106.49"
"52","2014","1","Andhra Pradesh","Ananthapur","1913.0","196.98","166.43","150.14","48.53","5.85","86.02","361.24","888.4","942.31","106.07"
"52","2015","1","Andhra Pradesh","Ananthapur","1913.0","196.98","165.95","150.14","48.53","5.85","86.5","399.42","850.22","920.18","108.23"
"52","2016","1","Andhra Pradesh","Ananthapur","1913.0","196.98","165.95","150.14","48.53","5.85","86.5","355.59","894.05","919.51","102.85"
"52","2017","1","Andhra Pradesh","Ananthapur","1913.0","196.98","164.8","150.82","45.43","5.82","113.5","432.17","794.25","842.17","106.03"
"52","2018","1","Andhra Pradesh","Ananthapur","1913.0","196.98","164.8","151.09","43.43","5.82","103.89","356.31","881.44","925.58","105.01"
"52","2019","1","Andhra Pradesh","Ananthapur","1912.91","196.98","160.61","157.15","44.15","5.95","114.02","394.56","830.29","884.09","106.48"
"52","2020","1","Andhra Pradesh","Ananthapur","1912.91","196.98","160.61","157.15","43.68","5.95","111.74","373.77","853.82","910.97","106.69"
"53","2000","1","Andhra Pradesh","Kadapa YSR","1537.84","505.5","238.18","167.58","69.18","15.59","66.06","65.18","401.79","456.34","113.58"
"53","2001","1","Andhra Pradesh","Kadapa YSR","1538.0","505.0","238.0","168.0","69.0","16.0","71.0","76.0","385.0","427.0","110.91"
"53","2002","1","Andhra Pradesh","Kadapa YSR","1538.0","505.0","238.0","168.0","71.0","15.0","73.0","117.0","343.0","423.0","123.32"
"53","2003","1","Andhra Pradesh","Kadapa YSR","1537.84","505.5","238.18","167.59","71.0","15.38","67.7","90.12","373.95","440.82","117.88"
"53","2004","1","Andhra Pradesh","Kadapa YSR","1537.84","505.5","238.18","173.28","69.02","15.38","87.43","21.48","419.15","473.96","113.08"
"53","2005","1","Andhra Pradesh","Kadapa YSR","1537.84","505.5","238.18","173.28","69.02","15.38","87.43","35.41","405.21","498.04","122.91"
"53","2006","1","Andhra Pradesh","Kadapa YSR","1535.9","500.3","231.9","170.53","50.08","9.67","89.78","163.93","313.21","365.03","116.54"
"53","2007","1","Andhra Pradesh","Kadapa YSR","1535.9","500.3","224.72","177.37","49.58","9.67","76.02","98.94","392.42","472.25","120.34"
"53","2008","1","Andhra Pradesh","Kadapa YSR","1535.9","500.3","222.54","181.02","48.48","9.67","68.93","90.92","407.19","504.32","123.85"
"53","2009","1","Andhra Pradesh","Kadapa YSR","1535.9","500.3","222.1","181.02","47.13","9.67","77.87","117.36","373.62","472.55","126.48"
"53","2010","1","Andhra Pradesh","Kadapa YSR","1535.9","500.96","222.1","181.03","46.05","9.67","72.48","93.45","403.32","535.6","132.8"
"53","2011","1","Andhra Pradesh","Kadapa YSR","1535.9","500.96","222.1","181.03","46.01","9.41","80.86","135.94","352.76","432.97","122.74"
"53","2012","1","Andhra Pradesh","Kadapa YSR","1535.9","500.96","222.1","181.09","45.92","9.41","81.82","131.77","356.01","425.11","119.41"
"53","2013","1","Andhra Pradesh","Kadapa YSR","1535.9","500.96","221.84","182.08","45.82","8.96","83.48","129.05","356.89","418.87","117.37"
"53","2014","1","Andhra Pradesh","Kadapa YSR","1535.9","500.96","221.83","182.11","45.82","8.96","98.3","162.79","308.33","354.73","115.05"
"53","2015","1","Andhra Pradesh","Kadapa YSR","1535.9","500.96","221.83","182.14","44.89","8.94","89.04","141.04","340.27","396.86","116.63"
"53","2016","1","Andhra Pradesh","Kadapa YSR","1535.9","500.96","221.83","182.14","44.72","8.94","91.29","140.78","338.44","375.05","110.82"
"53","2017","1","Andhra Pradesh","Kadapa YSR","1535.9","500.96","221.83","182.14","44.7","8.8","97.05","137.93","335.8","371.03","110.49"
"53","2018","1","Andhra Pradesh","Kadapa YSR","1535.9","500.96","221.81","182.14","44.99","8.81","104.49","161.92","304.11","328.65","108.07"
"53","2019","1","Andhra Pradesh","Kadapa YSR","1535.9","500.96","221.81","182.14","44.76","8.81","103.18","161.72","305.84","318.58","104.17"
"53","2020","1","Andhra Pradesh","Kadapa YSR","1535.9","500.96","221.78","182.27","44.63","8.81","96.65","133.2","340.92","364.49","106.91"
"54","2000","1","Andhra Pradesh","Chittoor","1498.77","451.34","164.28","142.36","39.6","36.54","112.09","94.43","432.64","481.82","111.37"
"54","2001","1","Andhra Pradesh","Chittoor","1499.0","451.0","164.0","142.0","40.0","37.0","113.0","108.0","419.0","471.0","112.41"
"54","2002","1","Andhra Pradesh","Chittoor","1499.0","451.0","164.0","142.0","40.0","37.0","129.0","187.0","324.0","363.0","112.04"
"54","2003","1","Andhra Pradesh","Chittoor","1498.77","451.34","164.27","142.39","39.53","36.53","125.78","162.06","351.69","390.34","110.99"
"54","2004","1","Andhra Pradesh","Chittoor","1498.77","451.34","164.27","142.56","39.53","36.53","120.71","114.88","403.8","443.01","109.71"
"54","2005","1","Andhra Pradesh","Chittoor","1498.77","451.34","164.27","142.56","39.53","36.53","116.3","108.1","415.04","457.55","110.24"
"54","2006","1","Andhra Pradesh","Chittoor","1515.1","452.02","164.0","142.54","42.15","36.16","105.38","213.55","318.66","346.4","108.71"
"54","2007","1","Andhra Pradesh","Chittoor","1515.1","452.02","154.39","146.32","42.08","33.89","118.22","174.34","365.17","408.51","111.87"
"54","2008","1","Andhra Pradesh","Chittoor","1515.1","452.02","154.39","148.53","41.69","33.77","120.92","143.8","390.49","431.39","110.47"
"54","2009","1","Andhra Pradesh","Chittoor","1515.1","452.02","154.39","150.64","46.1","33.37","131.03","162.41","355.66","404.48","113.73"
"54","2010","1","Andhra Pradesh","Chittoor","1515.1","452.02","154.39","155.85","46.1","33.37","120.96","143.65","379.27","437.63","115.39"
"54","2011","1","Andhra Pradesh","Chittoor","1515.1","452.02","152.92","156.25","45.43","34.91","120.35","168.91","354.81","408.35","115.09"
"54","2012","1","Andhra Pradesh","Chittoor","1515.1","452.02","152.92","156.75","46.62","34.25","123.19","163.71","354.92","401.09","113.01"
"54","2013","1","Andhra Pradesh","Chittoor","1515.1","452.02","152.7","157.32","46.1","33.54","120.94","150.21","371.72","417.07","112.2"
"54","2014","1","Andhra Pradesh","Chittoor","1515.1","452.02","152.69","158.71","47.26","33.54","129.8","173.69","336.82","378.84","112.48"
"54","2015","1","Andhra Pradesh","Chittoor","1515.1","452.02","152.69","158.86","46.91","33.54","124.75","144.14","371.65","430.2","115.75"
"54","2016","1","Andhra Pradesh","Chittoor","1515.1","452.02","152.68","159.13","46.29","33.54","127.85","153.9","359.13","404.22","112.56"
"54","2017","1","Andhra Pradesh","Chittoor","1515.1","452.02","152.68","160.49","46.55","33.62","123.74","153.53","361.92","420.58","116.21"
"54","2018","1","Andhra Pradesh","Chittoor","1515.1","452.02","152.68","160.49","46.55","33.62","123.41","172.17","343.61","407.42","118.57"
"54","2019","1","Andhra Pradesh","Chittoor","1515.1","452.02","152.68","162.56","46.26","33.51","130.14","153.81","353.73","403.73","114.14"
"54","2020","1","Andhra Pradesh","Chittoor","1515.1","452.02","152.66","162.96","46.1","33.06","125.31","140.14","372.41","433.52","116.41"
"55","2000","20","Telangana","Hyderabad","776.25","73.08","37.62","107.23","28.32","46.08","64.65","119.97","291.92","325.63","111.55"
"55","2001","20","Telangana","Hyderabad","776.0","73.0","38.0","111.0","22.0","46.0","60.0","142.0","278.0","301.0","108.27"
"55","2002","20","Telangana","Hyderabad","776.0","73.0","38.0","111.0","22.0","34.0","58.0","185.0","248.0","268.0","108.06"
"55","2003","20","Telangana","Hyderabad","776.25","73.08","37.51","110.68","21.59","33.67","58.37","167.25","266.76","290.33","108.84"
"55","2004","20","Telangana","Hyderabad","776.25","73.08","37.51","110.68","21.05","33.67","66.63","188.45","237.78","264.56","111.26"
"55","2005","20","Telangana","Hyderabad","776.25","73.08","37.51","110.68","21.05","33.67","66.63","182.02","244.21","276.98","113.42"
"55","2006","20","Telangana","Hyderabad","771.0","73.08","27.58","116.18","19.88","32.98","59.13","232.86","201.99","227.73","112.74"
"55","2007","20","Telangana","Hyderabad","771.0","73.08","27.58","123.39","19.96","32.98","63.63","218.02","205.0","236.89","115.56"
"55","2008","20","Telangana","Hyderabad","771.0","73.08","27.58","123.91","19.96","32.98","93.42","192.98","199.73","223.68","111.99"
"55","2009","20","Telangana","Hyderabad","771.0","73.08","27.08","127.95","18.91","31.72","92.78","191.36","200.95","228.76","113.84"
"55","2010","20","Telangana","Hyderabad","771.0","73.08","27.08","128.21","18.91","31.72","101.72","147.96","235.14","276.27","117.49"
"55","2011","20","Telangana","Hyderabad","771.0","73.08","27.08","129.54","18.91","31.72","100.76","149.18","233.56","261.08","111.78"
"55","2012","20","Telangana","Hyderabad","771.0","73.08","27.08","129.54","20.1","31.72","84.03","141.65","256.63","281.77","109.8"
"55","2013","20","Telangana","Hyderabad","771.0","73.08","27.08","134.06","26.1","31.66","85.26","132.98","253.6","289.61","114.2"
"55","2014","20","Telangana","Hyderabad","771.0","73.08","27.08","134.99","25.1","31.66","92.07","151.47","228.37","254.3","111.35"
"55","2015","20","Telangana","Hyderabad","771.0","73.08","27.08","134.99","25.1","31.66","92.07","171.7","208.14","231.88","111.41"
"55","2016","20","Telangana","Hyderabad","520.66","29.16","22.23","94.8","4.59","15.94","87.16","88.71","168.51","184.94","109.75"
"55","2017","20","Telangana","Hyderabad","520.66","29.16","23.23","90.55","5.59","16.94","90.86","68.09","192.69","211.48","109.75"
"55","2018","20","Telangana","Hyderabad","522.58","29.16","22.23","93.01","5.58","16.94","96.01","82.7","172.38","187.45","108.74"
"55","2019","20","Telangana","Hyderabad","522.58","29.16","22.23","93.01","5.58","16.94","96.01","55.35","199.72","223.7","112.0"
"55","2020","20","Telangana","Hyderabad","522.58","29.76","22.23","93.0","4.58","15.94","95.01","26.5","225.99","270.49","119.69"
"56","2000","20","Telangana","Nizamabad","806.22","169.34","65.57","74.75","16.5","25.87","58.21","131.61","260.86","399.23","153.04"
"56","2001","20","Telangana","Nizamabad","806.0","169.0","49.0","83.0","17.0","26.0","58.0","152.0","249.0","369.0","148.19"
"56","2002","20","Telangana","Nizamabad","806.0","169.0","49.0","83.0","17.0","26.0","75.0","176.0","208.0","306.0","147.12"
"56","2003","20","Telangana","Nizamabad","806.22","169.34","48.75","85.55","16.51","25.86","70.1","181.13","205.47","300.79","146.39"
"56","2004","20","Telangana","Nizamabad","806.22","169.34","48.75","85.71","16.51","25.86","71.6","178.26","206.61","319.15","154.47"
"56","2005","20","Telangana","Nizamabad","806.22","169.34","48.75","86.74","16.51","25.86","90.11","117.68","247.62","402.53","162.56"
"56","2006","20","Telangana","Nizamabad","795.6","169.34","47.45","86.83","16.99","25.67","86.6","103.77","255.34","412.4","161.51"
"56","2007","20","Telangana","Nizamabad","795.6","169.34","47.11","87.63","15.6","24.1","82.85","98.23","268.34","429.96","160.23"
"56","2008","20","Telangana","Nizamabad","795.6","169.34","46.83","88.33","15.18","24.1","73.29","85.74","290.37","475.95","163.91"
"56","2009","20","Telangana","Nizamabad","795.6","169.34","46.83","88.38","15.13","24.1","73.71","116.99","258.66","420.38","162.52"
"56","2010","20","Telangana","Nizamabad","795.6","169.34","46.83","95.04","13.09","19.78","58.83","81.8","309.35","524.44","169.53"
"56","2011","20","Telangana","Nizamabad","795.6","169.34","46.83","97.05","13.09","19.78","51.56","59.07","337.33","563.79","167.13"
"56","2012","20","Telangana","Nizamabad","795.6","169.34","46.83","97.05","13.09","19.78","50.83","70.77","326.36","533.12","163.35"
"56","2013","20","Telangana","Nizamabad","795.6","169.34","46.83","97.05","12.5","19.78","48.13","38.32","362.1","605.38","167.19"
"56","2014","20","Telangana","Nizamabad","795.6","169.34","46.83","97.73","12.52","19.78","59.67","98.14","290.04","449.7","155.05"
"56","2015","20","Telangana","Nizamabad","795.6","169.34","46.83","98.31","12.52","19.78","68.65","117.56","261.07","355.24","136.07"
"56","2016","20","Telangana","Nizamabad","418.11","86.63","23.73","62.84","2.98","8.81","25.78","17.79","185.55","340.76","183.65"
"56","2017","20","Telangana","Nizamabad","418.11","86.63","23.73","62.84","2.98","8.81","18.98","10.99","199.14","307.14","154.23"
"56","2018","20","Telangana","Nizamabad","418.11","86.63","23.73","62.84","2.98","8.81","34.59","26.61","167.92","297.59","177.22"
"56","2019","20","Telangana","Nizamabad","418.11","86.63","23.73","62.84","2.98","8.81","3.55","0.0","225.57","402.61","178.49"
"56","2020","20","Telangana","Nizamabad","418.11","87.15","23.73","62.84","2.98","8.81","3.55","-1.0","225.05","418.65","186.03"
"57","2000","20","Telangana","Medak","951.9","95.39","52.47","73.38","26.35","23.41","65.1","140.79","469.83","560.57","119.31"
"57","2001","20","Telangana","Medak","952.0","95.0","53.0","73.0","24.0","24.0","65.0","162.0","450.0","539.0","119.78"
"57","2002","20","Telangana","Medak","952.0","95.0","53.0","73.0","21.0","28.0","91.0","178.0","408.0","513.0","125.74"
"57","2003","20","Telangana","Medak","951.9","95.39","52.47","73.39","20.91","28.15","111.28","120.45","444.89","568.02","127.68"
"57","2004","20","Telangana","Medak","951.9","95.39","52.47","73.39","20.17","28.15","103.96","172.58","400.83","495.21","123.55"
"57","2005","20","Telangana","Medak","951.9","95.39","52.47","73.39","21.5","28.15","91.32","161.55","423.17","524.72","124.0"
"57","2006","20","Telangana","Medak","970.0","91.39","52.8","70.29","31.61","25.92","110.14","158.49","424.77","532.35","125.33"
"57","2007","20","Telangana","Medak","970.0","91.39","59.81","70.29","19.95","30.17","105.07","131.47","458.04","535.92","117.0"
"57","2008","20","Telangana","Medak","970.0","91.39","59.81","70.52","19.95","30.17","96.68","164.32","433.34","544.97","125.76"
"57","2009","20","Telangana","Medak","970.0","91.39","52.8","70.52","19.95","30.17","91.77","182.97","426.62","554.24","129.91"
"57","2010","20","Telangana","Medak","970.0","91.39","52.8","74.12","19.95","30.17","94.73","151.36","451.67","609.44","134.93"
"57","2011","20","Telangana","Medak","970.0","91.39","52.8","76.0","19.73","30.17","88.26","127.01","480.84","599.84","124.75"
"57","2012","20","Telangana","Medak","970.0","91.39","52.8","76.0","19.48","30.17","56.57","147.22","492.55","620.85","126.05"
"57","2013","20","Telangana","Medak","970.0","91.39","52.44","76.0","19.16","30.17","53.41","115.12","528.63","651.1","123.17"
"57","2014","20","Telangana","Medak","970.0","91.39","52.44","76.0","18.82","28.86","53.25","172.82","472.74","552.63","116.9"
"57","2015","20","Telangana","Medak","970.0","91.39","52.44","78.44","18.82","28.86","58.5","181.32","456.54","529.15","115.9"
"57","2016","20","Telangana","Medak","277.15","58.19","17.9","16.45","5.77","6.71","24.03","29.57","117.16","149.74","127.81"
"57","2017","20","Telangana","Medak","277.15","58.19","17.9","16.45","5.77","6.71","24.03","52.46","94.27","131.04","139.0"
"57","2018","20","Telangana","Medak","277.15","58.19","17.9","16.45","5.77","6.71","36.5","64.93","69.33","83.77","120.84"
"57","2019","20","Telangana","Medak","277.15","58.19","17.9","16.45","5.77","6.71","36.5","26.55","107.7","138.87","128.94"
"57","2020","20","Telangana","Medak","277.15","57.84","17.9","16.45","5.77","6.71","21.22","-1.0","149.88","201.94","134.73"
"58","2000","20","Telangana","Mahabubnagar","1847.24","266.57","96.14","79.94","11.25","25.23","102.83","338.98","919.98","996.66","108.33"
"58","2001","20","Telangana","Mahabubnagar","1847.0","267.0","96.0","80.0","11.0","25.0","99.0","439.0","824.0","906.0","109.95"
"58","2002","20","Telangana","Mahabubnagar","1847.0","267.0","96.0","80.0","14.0","25.0","147.0","457.0","753.0","813.0","107.97"
"58","2003","20","Telangana","Mahabubnagar","1847.24","266.57","95.82","79.75","14.82","24.61","144.6","478.2","735.25","797.67","108.49"
"58","2004","20","Telangana","Mahabubnagar","1847.24","266.57","95.82","79.9","14.82","24.61","147.01","529.59","681.15","736.98","108.2"
"58","2005","20","Telangana","Mahabubnagar","1847.24","266.57","95.82","79.9","14.82","24.61","144.24","436.97","776.58","832.71","107.23"
"58","2006","20","Telangana","Mahabubnagar","1843.2","255.6","95.82","81.15","21.77","23.44","98.68","536.81","722.74","775.14","107.25"
"58","2007","20","Telangana","Mahabubnagar","1843.2","255.6","88.53","81.15","21.22","18.47","110.75","488.72","771.99","827.84","107.23"
"58","2008","20","Telangana","Mahabubnagar","1843.2","255.6","88.53","81.3","19.26","17.59","131.62","502.24","740.66","809.64","109.31"
"58","2009","20","Telangana","Mahabubnagar","1843.2","255.6","88.53","81.3","19.61","17.59","131.34","424.22","818.62","916.49","111.96"
"58","2010","20","Telangana","Mahabubnagar","1843.2","255.6","88.53","87.14","19.36","17.59","128.1","409.65","830.84","934.5","112.48"
"58","2011","20","Telangana","Mahabubnagar","1843.2","255.6","88.53","91.68","19.86","17.59","194.23","305.67","863.62","963.24","111.54"
"58","2012","20","Telangana","Mahabubnagar","1843.2","255.6","88.53","93.05","22.74","17.59","200.77","303.05","855.49","949.12","110.94"
"58","2013","20","Telangana","Mahabubnagar","1843.2","255.6","87.56","97.64","21.48","17.56","162.78","280.67","913.45","1017.5","111.39"
"58","2014","20","Telangana","Mahabubnagar","1843.2","255.6","87.56","100.16","28.48","17.56","180.12","301.25","866.0","978.29","112.97"
"58","2015","20","Telangana","Mahabubnagar","1843.16","255.6","87.56","104.2","28.48","17.56","191.45","316.28","835.58","903.45","108.12"
"58","2016","20","Telangana","Mahabubnagar","512.94","36.53","29.89","24.69","3.76","8.61","32.36","93.58","281.88","304.75","108.11"
"58","2017","20","Telangana","Mahabubnagar","512.94","36.53","29.89","24.69","3.76","8.61","32.36","67.85","307.62","335.42","109.04"
"58","2018","20","Telangana","Mahabubnagar","275.1","28.61","15.64","14.78","2.24","5.99","28.95","54.55","123.09","131.89","107.15"
"58","2019","20","Telangana","Mahabubnagar","275.1","28.61","15.64","14.78","2.24","5.99","28.95","38.81","138.83","156.95","113.05"
"58","2020","20","Telangana","Mahabubnagar","275.1","27.12","15.64","14.78","2.24","5.99","28.95","19.42","159.71","204.78","128.22"
"59","2000","20","Telangana","Nalgonda","1422.32","85.83","90.35","119.48","25.75","66.09","157.32","308.29","560.22","658.36","117.52"
"59","2001","20","Telangana","Nalgonda","1422.0","86.0","90.0","119.0","28.0","66.0","162.0","371.0","490.0","585.0","119.39"
"59","2002","20","Telangana","Nalgonda","1422.0","86.0","90.0","120.0","28.0","66.0","194.0","411.0","417.0","472.0","113.19"
"59","2003","20","Telangana","Nalgonda","1422.32","85.83","90.35","119.82","28.16","66.55","189.86","358.59","473.78","546.91","115.44"
"59","2004","20","Telangana","Nalgonda","1422.32","85.83","90.35","119.82","28.16","66.55","179.68","325.47","517.08","603.96","116.8"
"59","2005","20","Telangana","Nalgonda","1422.32","85.83","90.35","119.82","28.16","66.55","179.68","304.29","538.24","685.83","127.42"
"59","2006","20","Telangana","Nalgonda","1424.0","83.69","122.29","109.96","29.36","66.43","165.65","371.72","467.49","594.29","127.12"
"59","2007","20","Telangana","Nalgonda","1424.0","83.69","122.15","114.76","29.44","65.9","168.24","320.86","511.25","666.14","130.3"
"59","2008","20","Telangana","Nalgonda","1424.0","83.69","121.68","114.8","29.39","65.9","156.5","290.81","553.55","728.81","131.66"
"59","2009","20","Telangana","Nalgonda","1424.0","83.69","121.68","114.8","29.36","65.9","167.25","380.28","453.65","584.59","128.86"
"59","2010","20","Telangana","Nalgonda","1424.0","83.07","121.68","127.42","29.15","65.3","167.3","260.27","562.41","763.82","135.81"
"59","2011","20","Telangana","Nalgonda","1424.0","83.07","121.35","127.68","29.15","65.1","163.11","253.85","573.29","706.26","123.19"
"59","2012","20","Telangana","Nalgonda","1424.0","83.07","121.35","128.36","29.15","65.04","160.46","254.8","574.37","683.66","119.03"
"59","2013","20","Telangana","Nalgonda","1424.0","83.07","121.35","128.36","29.15","64.29","138.61","160.46","691.31","880.76","127.4"
"59","2014","20","Telangana","Nalgonda","1424.0","83.07","121.34","128.36","29.11","64.24","141.78","265.54","583.17","729.92","125.16"
"59","2015","20","Telangana","Nalgonda","1424.0","83.07","121.34","128.36","29.11","64.24","145.11","274.41","570.98","669.16","117.19"
"59","2016","20","Telangana","Nalgonda","722.3","65.03","61.53","60.49","11.47","17.47","57.49","86.05","359.29","420.37","117.0"
"59","2017","20","Telangana","Nalgonda","722.3","65.03","61.53","60.49","11.47","17.47","57.49","71.29","374.04","444.02","118.71"
"59","2018","20","Telangana","Nalgonda","722.3","65.03","61.52","60.49","11.47","17.47","57.49","67.14","378.19","452.59","119.67"
"59","2019","20","Telangana","Nalgonda","722.3","65.03","61.52","60.49","11.47","17.47","14.44","24.09","464.29","597.08","128.6"
"59","2020","20","Telangana","Nalgonda","722.3","62.69","61.52","60.49","5.09","17.47","-1.0","-1.0","511.55","675.43","132.04"
"60","2000","20","Telangana","Warangal","1283.55","371.31","53.8","59.06","33.92","50.4","116.6","67.19","527.4","640.91","121.52"
"60","2001","20","Telangana","Warangal","1284.0","371.0","54.0","59.0","34.0","50.0","113.0","108.0","491.0","594.0","120.98"
"60","2002","20","Telangana","Warangal","1284.0","371.0","54.0","59.0","34.0","51.0","115.0","187.0","409.0","508.0","124.21"
"60","2003","20","Telangana","Warangal","1283.55","371.31","53.8","59.08","34.08","50.4","112.79","129.31","468.9","593.34","126.54"
"60","2004","20","Telangana","Warangal","1283.55","371.31","53.8","59.08","34.07","50.4","113.24","150.56","447.23","549.64","122.9"
"60","2005","20","Telangana","Warangal","1283.55","371.31","53.8","59.08","33.4","50.4","109.98","112.76","488.96","612.95","125.36"
"60","2006","20","Telangana","Warangal","1284.6","371.01","52.0","60.01","10.19","44.9","109.07","116.24","470.98","609.85","129.49"
"60","2007","20","Telangana","Warangal","1284.6","371.01","52.15","60.21","11.16","45.26","106.22","136.11","452.22","594.1","131.37"
"60","2008","20","Telangana","Warangal","1284.6","371.01","52.15","60.25","11.16","45.0","103.85","113.6","477.32","638.63","133.79"
"60","2009","20","Telangana","Warangal","1284.6","371.01","52.15","60.25","11.16","45.0","103.78","157.05","433.92","557.04","128.37"
"60","2010","20","Telangana","Warangal","1284.6","371.01","51.36","72.23","10.94","44.96","96.66","59.68","528.16","710.97","134.61"
"60","2011","20","Telangana","Warangal","1284.6","371.01","51.36","72.24","10.94","44.96","96.02","58.08","530.4","669.88","126.3"
"60","2012","20","Telangana","Warangal","1284.6","371.01","51.36","72.24","12.04","44.96","96.09","68.41","518.9","693.0","133.55"
"60","2013","20","Telangana","Warangal","1284.6","371.01","51.36","72.26","12.04","44.96","88.98","49.73","544.86","741.59","136.11"
"60","2014","20","Telangana","Warangal","1284.6","371.01","51.36","72.26","12.04","44.91","127.02","96.32","460.52","596.01","129.42"
"60","2015","20","Telangana","Warangal","1284.6","371.01","51.36","72.26","12.04","44.91","111.72","80.1","492.03","619.2","125.85"
"60","2016","20","Telangana","Warangal","214.45","14.25","10.0","14.67","1.72","5.3","7.44","26.22","131.33","187.26","142.59"
"60","2017","20","Telangana","Warangal","214.45","14.25","10.0","14.67","1.72","5.3","7.44","12.03","145.52","193.35","132.87"
"60","2018","20","Telangana","Warangal","214.45","14.25","10.0","14.67","1.72","5.3","7.44","8.66","148.88","191.71","128.76"
"60","2019","20","Telangana","Warangal","214.45","14.25","10.0","14.67","1.72","5.3","7.44","5.47","152.08","240.47","158.12"
"60","2020","20","Telangana","Warangal","214.45","14.28","10.0","14.67","1.72","5.3","7.44","6.42","151.09","252.71","167.26"
"61","2000","20","Telangana","Khammam","1580.94","743.79","90.38","124.97","21.08","38.94","21.85","74.48","446.61","471.38","105.55"
"61","2001","20","Telangana","Khammam","1581.0","744.0","90.0","125.0","21.0","39.0","29.0","107.0","407.0","429.0","105.41"
"61","2002","20","Telangana","Khammam","1581.0","744.0","90.0","125.0","21.0","39.0","31.0","158.0","354.0","368.0","103.95"
"61","2003","20","Telangana","Khammam","1580.94","743.79","90.38","124.99","21.08","38.94","29.51","91.81","421.61","456.3","108.23"
"61","2004","20","Telangana","Khammam","1580.94","743.79","90.38","124.99","20.64","38.94","31.03","74.39","437.94","479.31","109.45"
"61","2005","20","Telangana","Khammam","1580.94","743.79","90.38","124.99","20.63","38.94","30.68","57.13","455.58","522.51","114.69"
"61","2006","20","Telangana","Khammam","1602.9","759.44","87.32","129.63","20.63","38.84","30.68","64.14","453.41","497.42","109.71"
"61","2007","20","Telangana","Khammam","1602.9","759.44","88.89","129.01","15.01","38.1","30.87","68.66","453.18","509.36","112.4"
"61","2008","20","Telangana","Khammam","1602.9","759.44","88.89","129.23","15.01","38.1","29.0","53.83","469.71","524.95","111.76"
"61","2009","20","Telangana","Khammam","1602.9","759.44","88.89","129.58","15.01","38.05","34.81","120.45","396.97","439.05","110.6"
"61","2010","20","Telangana","Khammam","1602.9","759.44","88.89","129.83","14.57","37.6","26.72","46.81","479.35","570.37","118.99"
"61","2011","20","Telangana","Khammam","1602.9","759.44","88.89","130.36","14.57","37.6","30.41","64.38","457.54","516.03","112.78"
"61","2012","20","Telangana","Khammam","1602.9","759.44","88.89","131.58","14.57","37.6","30.98","64.3","455.84","509.92","111.86"
"61","2013","20","Telangana","Khammam","1602.9","759.44","88.89","131.61","14.57","37.6","24.18","48.65","478.25","555.88","116.23"
"61","2014","20","Telangana","Khammam","1326.61","556.68","80.93","117.06","13.4","36.07","24.12","73.92","405.96","452.83","111.55"
"61","2015","20","Telangana","Khammam","1326.61","556.68","80.93","117.4","13.4","36.07","24.14","97.4","382.11","419.59","109.81"
"61","2016","20","Telangana","Khammam","448.12","61.51","23.8","53.84","2.99","21.81","7.09","46.39","229.55","266.08","115.91"
"61","2017","20","Telangana","Khammam","448.12","61.51","23.8","53.84","2.99","21.81","7.09","35.8","240.15","312.22","130.01"
"61","2018","20","Telangana","Khammam","448.12","61.51","23.8","53.84","2.99","21.81","7.09","21.88","254.06","306.65","120.7"
"61","2019","20","Telangana","Khammam","448.12","61.51","23.8","53.84","2.99","21.81","7.09","9.49","266.45","385.01","144.49"
"61","2020","20","Telangana","Khammam","448.12","63.75","23.8","53.84","2.99","21.81","7.09","2.81","270.9","424.41","156.67"
"62","2000","20","Telangana","Karimnagar","1188.5","250.41","83.83","80.13","19.23","54.85","53.15","220.45","419.32","572.13","136.44"
"62","2001","20","Telangana","Karimnagar","1189.0","250.0","84.0","80.0","20.0","55.0","53.0","274.0","366.0","524.0","143.17"
"62","2002","20","Telangana","Karimnagar","1189.0","250.0","84.0","80.0","20.0","55.0","53.0","309.0","331.0","440.0","132.93"
"62","2003","20","Telangana","Karimnagar","1188.5","250.41","83.83","80.48","19.23","54.85","53.15","257.86","381.55","533.83","139.91"
"62","2004","20","Telangana","Karimnagar","1188.5","250.41","83.83","80.48","19.23","54.85","53.14","306.43","332.99","422.76","126.96"
"62","2005","20","Telangana","Karimnagar","1188.5","250.41","83.83","80.48","19.23","54.85","47.95","146.35","498.26","693.75","139.23"
"62","2006","20","Telangana","Karimnagar","1182.3","250.41","84.12","80.13","18.38","54.85","45.91","187.3","454.08","701.39","154.46"
"62","2007","20","Telangana","Karimnagar","1182.3","250.41","96.31","89.73","26.59","41.28","38.37","199.73","429.09","688.67","160.5"
"62","2008","20","Telangana","Karimnagar","1182.3","250.41","96.31","89.75","26.6","41.28","37.3","160.08","469.79","756.61","161.05"
"62","2009","20","Telangana","Karimnagar","1182.3","250.41","95.96","90.65","26.6","41.28","37.34","235.8","393.47","563.09","143.11"
"62","2010","20","Telangana","Karimnagar","1182.3","250.41","95.96","96.25","25.89","41.28","34.28","115.71","511.71","812.05","158.69"
"62","2011","20","Telangana","Karimnagar","1182.3","250.41","95.96","96.25","23.95","41.28","29.9","102.21","531.54","780.72","146.88"
"62","2012","20","Telangana","Karimnagar","1182.3","250.41","95.96","96.25","23.95","41.28","28.36","82.21","553.08","756.96","136.86"
"62","2013","20","Telangana","Karimnagar","1182.3","250.41","95.96","96.25","24.25","41.28","27.18","65.45","570.74","871.65","152.72"
"62","2014","20","Telangana","Karimnagar","1182.3","250.41","95.96","96.25","24.25","41.28","26.97","125.39","511.01","699.62","136.91"
"62","2015","20","Telangana","Karimnagar","1182.3","250.41","95.96","96.25","24.25","41.28","26.97","215.84","420.56","536.82","127.64"
"62","2016","20","Telangana","Karimnagar","214.03","0.32","9.67","23.32","2.47","6.82","9.61","52.88","106.71","188.97","177.09"
"62","2017","20","Telangana","Karimnagar","214.03","0.32","9.67","21.76","2.47","6.82","9.61","47.45","113.71","179.91","158.22"
"62","2018","20","Telangana","Karimnagar","214.03","0.32","9.67","21.76","2.47","6.82","9.61","47.22","113.94","173.42","152.2"
"62","2019","20","Telangana","Karimnagar","214.03","0.32","9.67","21.76","2.47","6.82","9.61","11.95","149.2","239.08","160.24"
"62","2020","20","Telangana","Karimnagar","214.03","0.53","9.67","21.76","2.47","6.82","9.61","14.98","145.96","260.2","178.26"
"63","2000","20","Telangana","Adilabad","1620.38","689.52","43.92","60.67","15.48","14.23","94.61","157.16","535.48","558.78","104.35"
"63","2001","20","Telangana","Adilabad","1620.0","690.0","44.0","61.0","15.0","14.0","93.0","168.0","527.0","553.0","104.93"
"63","2002","20","Telangana","Adilabad","1620.0","690.0","44.0","61.0","15.0","14.0","106.0","152.0","530.0","546.0","103.02"
"63","2003","20","Telangana","Adilabad","1620.38","689.52","43.92","60.68","15.08","14.13","97.28","133.65","557.58","578.61","103.77"
"63","2004","20","Telangana","Adilabad","1620.38","689.52","43.92","60.68","15.08","14.13","95.62","158.46","534.47","540.46","101.12"
"63","2005","20","Telangana","Adilabad","1620.38","689.52","43.92","60.68","15.08","14.13","95.12","156.45","536.98","564.82","105.18"
"63","2006","20","Telangana","Adilabad","1610.5","689.52","34.08","60.68","14.94","14.23","97.65","139.26","551.64","589.91","106.94"
"63","2007","20","Telangana","Adilabad","1610.5","689.52","43.92","60.67","14.75","14.23","94.93","172.67","506.78","529.65","104.51"
"63","2008","20","Telangana","Adilabad","1610.5","689.52","43.92","60.68","14.74","14.23","66.32","115.61","596.98","691.07","115.76"
"63","2009","20","Telangana","Adilabad","1610.5","689.52","43.92","60.68","14.74","14.23","74.76","128.52","575.63","634.26","110.19"
"63","2010","20","Telangana","Adilabad","1610.5","689.52","43.92","60.68","14.74","14.23","72.11","123.91","582.89","665.0","114.09"
"63","2011","20","Telangana","Adilabad","1610.5","689.52","43.92","61.1","14.69","14.23","71.67","116.6","590.26","640.04","108.43"
"63","2012","20","Telangana","Adilabad","1610.5","689.52","43.92","61.79","18.8","14.23","82.81","71.2","619.74","660.64","106.6"
"63","2013","20","Telangana","Adilabad","1610.5","689.52","43.92","61.79","18.8","14.23","88.29","68.43","617.02","673.05","109.08"
"63","2014","20","Telangana","Adilabad","1610.5","689.52","43.92","61.79","18.8","14.23","100.15","115.83","557.76","601.05","107.76"
"63","2015","20","Telangana","Adilabad","1610.5","689.52","43.92","61.79","18.8","14.23","103.46","123.76","546.53","627.67","114.85"
"63","2016","20","Telangana","Adilabad","397.13","172.47","8.58","6.44","3.8","4.39","0.5","0.42","200.36","211.27","105.45"
"63","2017","20","Telangana","Adilabad","397.13","172.47","8.58","6.44","3.8","4.39","0.5","2.29","198.49","218.6","110.13"
"63","2018","20","Telangana","Adilabad","397.13","172.47","8.58","6.44","1.02","4.39","0.5","0.9","202.65","237.09","116.99"
"63","2019","20","Telangana","Adilabad","397.13","172.47","8.58","6.44","0.0","1.57","0.0","0.0","207.89","255.77","123.03"
"63","2020","20","Telangana","Adilabad","397.13","181.11","8.58","6.44","-1.0","1.57","-1.0","-1.0","199.25","284.94","143.01"
"64","2000","5","Karnataka","Bangalore","801.0","83.0","40.0","144.0","9.0","35.0","21.0","49.0","383.0","419.0","109.4"
"64","2001","5","Karnataka","Bangalore","801.84","83.57","39.55","148.86","9.15","34.8","22.16","51.43","375.87","419.7","111.66"
"64","2002","5","Karnataka","Bangalore","801.84","83.57","39.55","148.96","10.47","35.44","23.26","89.23","331.57","346.95","104.64"
"64","2003","5","Karnataka","Bangalore","801.84","83.57","39.55","151.4","7.87","33.72","12.94","57.91","378.77","398.78","105.28"
"64","2004","5","Karnataka","Bangalore","801.84","83.57","39.55","154.75","8.42","33.53","13.01","42.95","393.12","405.55","103.16"
"64","2005","5","Karnataka","Bangalore","801.84","85.33","39.39","162.25","8.52","33.21","15.88","39.88","388.82","402.25","103.45"
"64","2006","5","Karnataka","Bangalore","801.84","85.33","39.37","172.05","8.52","33.21","50.85","85.07","296.25","306.87","103.58"
"64","2007","5","Karnataka","Bangalore","802.84","86.33","40.37","177.51","9.52","34.21","49.67","59.9","321.66","358.49","111.45"
"64","2008","5","Karnataka","Bangalore","802.84","86.33","40.37","181.09","8.87","34.21","38.19","45.03","345.15","358.3","103.81"
"64","2009","5","Karnataka","Bangalore","802.84","86.33","40.37","181.65","8.78","34.21","37.82","43.19","346.89","359.43","103.61"
"64","2010","5","Karnataka","Bangalore","802.84","86.33","40.37","181.74","8.86","34.21","37.22","45.51","344.7","358.85","104.11"
"64","2011","5","Karnataka","Bangalore","802.84","86.33","40.37","182.02","8.92","34.21","37.67","47.87","341.5","353.21","103.43"
"64","2012","5","Karnataka","Bangalore","802.84","86.33","40.37","182.06","8.94","34.21","48.04","66.22","311.66","325.15","104.33"
"64","2013","5","Karnataka","Bangalore","802.84","86.33","40.37","186.35","8.97","34.21","47.79","47.69","326.01","340.49","104.44"
"64","2014","5","Karnataka","Bangalore","802.84","86.33","40.37","195.66","8.97","34.21","56.86","52.15","303.18","317.87","104.85"
"64","2015","5","Karnataka","Bangalore","802.84","86.33","40.37","197.93","8.97","34.21","44.68","55.5","309.82","330.26","106.6"
"64","2016","5","Karnataka","Bangalore","802.84","86.33","40.37","199.53","8.97","34.21","46.74","71.97","289.7","307.05","105.99"
"64","2017","5","Karnataka","Bangalore","802.84","86.33","40.37","200.23","8.97","34.21","43.41","69.78","294.52","311.89","105.9"
"64","2018","5","Karnataka","Bangalore","802.84","86.32","40.37","183.8","8.96","34.22","46.22","62.22","310.07","324.64","104.7"
"64","2019","5","Karnataka","Bangalore","802.84","86.32","41.24","188.1","10.72","35.35","42.65","34.01","341.37","369.47","108.23"
"64","2020","5","Karnataka","Bangalore","802.84","86.32","41.24","198.22","10.72","35.35","47.02","33.97","338.54","365.12","107.85"
"65","2000","5","Karnataka","Kolar","779.0","69.0","62.0","73.0","12.0","98.0","8.0","74.0","362.0","396.0","109.39"
"65","2001","5","Karnataka","Kolar","778.47","69.32","62.17","72.94","11.54","97.93","8.4","86.12","349.56","371.03","106.14"
"65","2002","5","Karnataka","Kolar","778.47","69.32","62.17","72.95","11.54","97.93","10.78","169.64","263.64","269.93","102.39"
"65","2003","5","Karnataka","Kolar","778.47","69.32","62.17","72.95","11.54","97.93","10.89","79.33","353.84","361.48","102.16"
"65","2004","5","Karnataka","Kolar","778.47","69.32","62.17","72.95","11.54","97.93","8.93","74.8","360.33","372.88","103.48"
"65","2005","5","Karnataka","Kolar","778.47","69.32","62.17","73.61","11.54","97.93","18.91","77.1","347.39","362.23","104.27"
"65","2006","5","Karnataka","Kolar","778.47","69.32","62.17","76.61","11.54","97.93","20.52","133.65","286.24","294.4","102.85"
"65","2007","5","Karnataka","Kolar","779.47","70.32","63.17","77.61","12.54","98.93","21.51","78.33","343.56","353.57","102.91"
"65","2008","5","Karnataka","Kolar","779.47","70.32","63.17","77.61","12.54","98.93","21.87","57.33","364.2","377.39","103.62"
"65","2009","5","Karnataka","Kolar","779.47","70.32","63.17","77.61","12.54","98.93","21.37","88.15","333.87","347.32","104.03"
"65","2010","5","Karnataka","Kolar","779.47","70.32","63.17","77.61","12.54","98.93","13.42","50.4","379.58","418.16","110.16"
"65","2011","5","Karnataka","Kolar","779.47","70.32","63.17","77.61","11.14","94.97","16.69","43.39","388.68","409.71","105.41"
"65","2012","5","Karnataka","Kolar","779.47","70.32","63.17","77.61","11.14","94.97","32.01","82.6","334.16","405.9","121.47"
"65","2013","5","Karnataka","Kolar","779.47","70.32","63.17","77.61","11.14","94.97","29.53","57.4","361.84","390.31","107.87"
"65","2014","5","Karnataka","Kolar","779.47","70.32","63.17","78.42","11.14","94.97","26.1","56.53","365.33","389.76","106.69"
"65","2015","5","Karnataka","Kolar","779.47","70.32","63.17","78.42","11.14","94.97","25.7","64.97","357.29","388.07","108.61"
"65","2016","5","Karnataka","Kolar","779.47","70.32","63.17","78.62","11.14","94.97","16.55","61.98","369.22","390.46","105.75"
"65","2017","5","Karnataka","Kolar","779.47","70.32","63.17","79.31","11.14","94.97","18.44","63.72","364.91","395.28","108.32"
"65","2018","5","Karnataka","Kolar","779.47","70.32","63.17","78.42","15.43","92.97","30.05","44.2","369.59","407.13","110.16"
"65","2019","5","Karnataka","Kolar","779.47","70.32","63.17","78.42","11.38","92.12","26.9","43.72","376.6","418.67","111.17"
"65","2020","5","Karnataka","Kolar","779.47","70.32","63.17","78.42","11.14","92.12","14.05","20.93","411.99","470.19","114.13"
"66","2000","5","Karnataka","Tumkur","1065.0","45.0","68.0","83.0","63.0","86.0","36.0","61.0","603.0","661.0","109.62"
"66","2001","5","Karnataka","Tumkur","1064.76","45.18","67.54","83.6","62.64","84.92","39.9","86.1","574.74","627.22","109.13"
"66","2002","5","Karnataka","Tumkur","1064.76","45.18","67.54","83.66","62.64","81.89","50.96","115.14","537.61","572.32","106.46"
"66","2003","5","Karnataka","Tumkur","1064.76","45.18","67.54","83.76","62.64","79.84","38.13","102.25","565.27","598.94","105.96"
"66","2004","5","Karnataka","Tumkur","1064.76","45.18","67.54","83.87","62.64","79.46","36.86","86.39","582.69","621.1","106.59"
"66","2005","5","Karnataka","Tumkur","1064.76","45.18","67.54","83.99","62.64","76.54","34.19","54.88","619.65","660.42","106.58"
"66","2006","5","Karnataka","Tumkur","1064.76","45.18","67.54","84.2","62.64","76.45","34.17","165.52","508.03","539.54","106.2"
"66","2007","5","Karnataka","Tumkur","1064.76","45.18","67.54","84.24","62.64","76.45","30.09","69.38","608.19","664.31","109.23"
"66","2008","5","Karnataka","Tumkur","1064.76","45.18","67.54","84.28","62.64","76.45","28.86","63.7","615.07","684.42","111.28"
"66","2009","5","Karnataka","Tumkur","1064.76","45.18","67.54","84.44","62.64","76.45","31.26","112.79","563.42","624.38","110.82"
"66","2010","5","Karnataka","Tumkur","1064.76","45.18","67.54","84.5","62.64","76.45","31.54","116.91","558.95","631.74","113.02"
"66","2011","5","Karnataka","Tumkur","1064.76","45.18","67.54","84.96","62.64","76.45","29.68","167.73","509.54","575.96","113.04"
"66","2012","5","Karnataka","Tumkur","1064.76","45.18","67.54","85.28","62.64","76.45","24.34","192.39","489.9","556.95","113.69"
"66","2013","5","Karnataka","Tumkur","1064.76","45.18","67.54","85.38","62.64","76.45","23.87","205.59","477.07","543.43","113.91"
"66","2014","5","Karnataka","Tumkur","1064.76","45.18","67.54","85.47","62.64","76.45","23.69","162.55","520.2","599.56","115.26"
"66","2015","5","Karnataka","Tumkur","1064.76","45.18","67.54","89.94","62.64","76.45","23.73","192.48","485.76","558.13","114.9"
"66","2016","5","Karnataka","Tumkur","1064.76","45.18","67.54","90.06","62.64","76.45","23.71","209.82","468.32","538.52","114.99"
"66","2017","5","Karnataka","Tumkur","1064.76","45.18","67.54","90.11","62.64","76.45","23.61","211.4","466.79","541.66","116.04"
"66","2018","5","Karnataka","Tumkur","1064.76","45.18","67.54","85.28","62.64","76.45","23.61","163.57","514.09","595.34","115.8"
"66","2019","5","Karnataka","Tumkur","1064.76","45.18","67.54","85.38","62.64","76.45","23.61","178.91","498.31","569.98","114.38"
"66","2020","5","Karnataka","Tumkur","1064.76","45.18","67.54","85.47","62.64","76.45","23.61","96.79","580.17","665.11","114.64"
"67","2000","5","Karnataka","Mysore","1246.0","339.0","67.0","92.0","29.0","79.0","34.0","49.0","547.0","655.0","119.74"
"67","2001","5","Karnataka","Mysore","1246.28","338.46","67.24","91.44","29.1","78.01","35.23","51.0","544.2","698.43","128.34"
"67","2002","5","Karnataka","Mysore","1246.28","338.46","67.24","91.44","29.1","78.01","82.17","47.86","500.4","641.12","128.12"
"67","2003","5","Karnataka","Mysore","1246.28","338.46","67.24","91.44","29.1","78.01","84.54","67.27","479.07","630.27","131.56"
"67","2004","5","Karnataka","Mysore","1246.28","338.46","67.24","91.44","29.1","78.01","81.57","30.63","518.68","769.49","148.36"
"67","2005","5","Karnataka","Mysore","1246.28","338.46","67.24","91.52","29.1","78.01","60.15","48.58","522.07","786.41","150.63"
"67","2006","5","Karnataka","Mysore","1246.28","338.46","67.24","91.54","29.1","78.01","60.47","47.22","522.83","757.49","144.88"
"67","2007","5","Karnataka","Mysore","1246.28","338.46","67.24","91.64","29.1","78.01","59.23","43.59","527.37","798.4","151.39"
"67","2008","5","Karnataka","Mysore","1246.28","338.46","67.24","91.64","29.1","78.01","55.36","44.79","530.03","754.06","142.27"
"67","2009","5","Karnataka","Mysore","1246.28","338.46","67.24","99.32","29.07","69.84","50.65","42.67","538.44","782.01","145.24"
"67","2010","5","Karnataka","Mysore","1246.28","338.46","66.45","100.37","29.05","69.56","50.51","54.46","526.84","774.06","146.93"
"67","2011","5","Karnataka","Mysore","1246.28","338.46","66.45","100.56","29.05","69.56","47.44","54.87","529.31","758.72","143.34"
"67","2012","5","Karnataka","Mysore","1246.28","338.46","66.45","100.56","28.31","69.56","52.74","60.51","519.09","711.51","137.07"
"67","2013","5","Karnataka","Mysore","1246.28","338.46","66.45","100.57","28.31","67.56","45.06","61.39","528.89","711.3","134.49"
"67","2014","5","Karnataka","Mysore","1246.28","338.46","66.45","99.84","29.05","69.56","35.99","70.59","525.75","677.54","128.87"
"67","2015","5","Karnataka","Mysore","1246.28","338.46","66.45","99.84","29.05","69.56","35.38","62.8","534.15","685.3","128.3"
"67","2016","5","Karnataka","Mysore","1246.28","338.46","66.45","99.91","29.05","69.56","59.92","145.63","426.7","519.98","121.86"
"67","2017","5","Karnataka","Mysore","1246.28","338.46","66.45","99.91","29.05","69.56","30.36","74.37","527.54","680.72","129.04"
"67","2018","5","Karnataka","Mysore","1246.28","338.46","69.31","100.58","29.04","69.56","40.97","90.55","497.62","665.65","133.77"
"67","2019","5","Karnataka","Mysore","1246.28","338.46","69.31","100.58","29.04","69.56","40.63","73.33","514.68","737.54","143.3"
"67","2020","5","Karnataka","Mysore","1246.28","338.46","69.31","99.84","29.04","69.56","25.9","45.78","556.98","731.44","131.32"
"68","2000","5","Karnataka","Mandya","498.0","25.0","22.0","61.0","42.0","38.0","21.0","39.0","247.0","284.0","114.98"
"68","2001","5","Karnataka","Mandya","498.24","24.77","21.55","60.82","41.96","38.19","23.01","37.71","247.08","286.36","115.9"
"68","2002","5","Karnataka","Mandya","498.24","24.77","21.54","60.83","41.96","38.18","22.82","103.59","181.41","215.79","118.95"
"68","2003","5","Karnataka","Mandya","498.24","24.77","21.53","60.84","41.96","38.19","21.12","76.65","210.02","247.16","117.68"
"68","2004","5","Karnataka","Mandya","498.24","24.77","21.53","60.89","41.96","38.19","18.93","37.81","250.99","302.02","120.33"
"68","2005","5","Karnataka","Mandya","498.24","24.77","21.52","60.91","41.96","38.05","34.38","42.15","231.2","281.27","121.66"
"68","2006","5","Karnataka","Mandya","498.24","24.77","21.52","60.91","41.96","38.05","35.87","46.75","225.05","262.93","116.83"
"68","2007","5","Karnataka","Mandya","498.24","24.77","21.52","60.91","41.96","38.05","43.0","30.72","233.95","283.93","121.36"
"68","2008","5","Karnataka","Mandya","498.24","24.77","21.52","60.91","41.96","32.05","37.92","22.42","253.32","303.57","119.84"
"68","2009","5","Karnataka","Mandya","498.24","24.77","21.52","60.91","41.96","32.05","37.92","25.54","250.21","289.32","115.63"
"68","2010","5","Karnataka","Mandya","498.24","24.77","21.52","60.91","41.96","32.05","36.03","24.94","252.7","300.21","118.8"
"68","2011","5","Karnataka","Mandya","498.24","24.77","21.52","60.91","41.96","32.05","46.35","34.87","232.4","272.52","117.26"
"68","2012","5","Karnataka","Mandya","498.24","24.77","21.52","60.91","41.96","32.05","53.63","63.06","196.93","242.37","123.07"
"68","2013","5","Karnataka","Mandya","498.24","24.77","21.52","60.91","41.96","32.05","58.16","66.37","189.09","239.48","126.65"
"68","2014","5","Karnataka","Mandya","498.24","24.77","21.52","63.49","41.96","32.05","38.55","52.28","220.01","272.2","123.72"
"68","2015","5","Karnataka","Mandya","498.24","24.77","21.52","63.49","41.96","32.05","46.42","54.86","209.56","259.7","123.93"
"68","2016","5","Karnataka","Mandya","498.24","24.77","21.52","63.49","41.96","32.05","61.23","87.78","161.82","200.14","123.68"
"68","2017","5","Karnataka","Mandya","498.24","24.77","21.52","64.76","41.96","32.05","46.22","66.91","196.43","256.66","130.66"
"68","2018","5","Karnataka","Mandya","498.24","24.77","21.52","60.91","41.95","32.05","25.63","28.71","255.22","326.85","128.06"
"68","2019","5","Karnataka","Mandya","498.24","24.77","21.52","60.91","41.95","32.05","23.94","24.47","260.9","322.55","123.63"
"68","2020","5","Karnataka","Mandya","498.24","24.77","21.52","63.49","41.95","32.05","8.41","9.47","291.43","356.9","122.47"
"69","2000","5","Karnataka","Hassan","663.0","58.0","30.0","78.0","18.0","33.0","24.0","36.0","379.0","434.0","114.51"
"69","2001","5","Karnataka","Hassan","662.6","58.16","30.36","77.99","16.12","33.36","26.37","43.5","370.44","414.02","111.76"
"69","2002","5","Karnataka","Hassan","662.6","58.16","30.36","78.12","14.49","32.27","23.28","34.33","385.27","457.27","118.69"
"69","2003","5","Karnataka","Hassan","662.6","58.78","30.37","78.24","14.32","32.94","24.6","42.75","373.66","441.14","118.06"
"69","2004","5","Karnataka","Hassan","662.6","58.78","30.37","78.36","13.52","32.94","21.81","26.39","393.48","459.73","116.84"
"69","2005","5","Karnataka","Hassan","662.6","58.78","30.37","78.4","14.14","32.94","21.81","22.72","396.49","479.82","121.02"
"69","2006","5","Karnataka","Hassan","662.6","58.78","30.37","78.61","14.14","32.94","28.15","26.86","385.8","453.34","117.51"
"69","2007","5","Karnataka","Hassan","662.6","58.78","30.37","78.68","14.14","32.94","36.3","34.78","369.66","440.72","119.22"
"69","2008","5","Karnataka","Hassan","662.6","58.78","30.37","78.75","14.14","32.94","38.26","44.62","357.78","448.17","125.26"
"69","2009","5","Karnataka","Hassan","662.6","58.78","30.37","78.81","14.14","32.94","36.82","49.19","354.59","453.67","127.94"
"69","2010","5","Karnataka","Hassan","662.6","58.78","30.37","78.88","14.14","32.94","26.69","16.69","397.16","505.43","127.26"
"69","2011","5","Karnataka","Hassan","662.6","58.78","30.37","79.41","14.14","32.94","30.69","50.13","359.19","449.24","125.07"
"69","2012","5","Karnataka","Hassan","662.6","58.78","30.37","79.77","14.14","32.94","30.67","49.76","359.22","434.25","120.89"
"69","2013","5","Karnataka","Hassan","662.6","58.78","30.37","79.8","14.14","32.94","22.8","48.45","368.36","428.13","116.23"
"69","2014","5","Karnataka","Hassan","662.6","58.78","30.37","79.84","14.14","32.94","24.15","47.47","367.95","449.35","122.12"
"69","2015","5","Karnataka","Hassan","662.6","58.78","30.37","79.86","14.14","32.94","44.33","50.9","344.33","417.58","121.27"
"69","2016","5","Karnataka","Hassan","662.6","58.78","30.37","79.95","14.14","32.94","54.69","72.98","311.8","364.07","116.76"
"69","2017","5","Karnataka","Hassan","662.6","58.78","30.37","80.51","14.14","32.94","47.79","45.76","345.36","421.06","121.92"
"69","2018","5","Karnataka","Hassan","662.6","58.77","30.36","79.77","14.14","32.94","20.36","19.31","399.14","505.68","126.69"
"69","2019","5","Karnataka","Hassan","662.6","58.77","30.36","79.8","14.14","32.94","25.86","23.85","389.08","521.51","134.04"
"69","2020","5","Karnataka","Hassan","662.6","58.77","30.36","79.84","14.14","32.94","11.44","10.6","416.7","540.23","129.64"
"70","2000","5","Karnataka","Shimoge","848.0","277.0","13.0","88.0","17.0","166.0","32.0","10.0","217.0","252.0","116.13"
"70","2001","5","Karnataka","Shimoge","847.78","276.86","13.37","88.21","17.14","165.83","32.73","13.45","213.1","241.23","113.2"
"70","2002","5","Karnataka","Shimoge","847.78","276.86","13.37","88.23","17.11","165.54","31.95","9.82","217.81","237.51","109.04"
"70","2003","5","Karnataka","Shimoge","847.78","276.86","13.31","88.45","16.77","163.66","34.12","11.77","215.95","240.32","111.29"
"70","2004","5","Karnataka","Shimoge","847.78","276.86","13.31","88.45","16.47","163.46","33.76","10.54","218.04","247.75","113.63"
"70","2005","5","Karnataka","Shimoge","847.78","276.86","13.31","88.45","16.47","163.46","30.52","7.99","223.87","258.19","115.33"
"70","2006","5","Karnataka","Shimoge","847.78","276.86","13.31","88.45","16.31","163.46","30.2","8.64","223.7","259.91","116.19"
"70","2007","5","Karnataka","Shimoge","847.78","276.86","13.31","88.45","16.31","163.46","30.34","11.3","220.89","256.16","115.97"
"70","2008","5","Karnataka","Shimoge","847.78","276.86","13.31","88.45","16.31","163.46","31.71","12.73","218.08","255.85","117.32"
"70","2009","5","Karnataka","Shimoge","847.78","276.86","13.31","88.71","16.31","163.46","29.16","11.47","221.64","262.92","118.62"
"70","2010","5","Karnataka","Shimoge","847.78","276.86","13.31","88.71","16.31","163.46","25.26","10.16","226.85","267.22","117.8"
"70","2011","5","Karnataka","Shimoge","847.78","276.86","13.31","88.71","16.31","163.46","25.49","8.81","227.97","267.81","117.48"
"70","2012","5","Karnataka","Shimoge","847.78","276.86","13.31","88.71","16.31","163.46","23.67","8.38","230.21","268.6","116.68"
"70","2013","5","Karnataka","Shimoge","847.78","276.86","13.31","88.71","16.31","163.46","23.13","9.17","229.96","265.68","115.53"
"70","2014","5","Karnataka","Shimoge","847.78","276.86","13.31","88.71","16.31","163.46","24.84","9.02","228.41","263.92","115.55"
"70","2015","5","Karnataka","Shimoge","847.78","276.86","13.31","88.71","16.31","163.46","29.37","9.63","223.27","250.98","112.41"
"70","2016","5","Karnataka","Shimoge","847.78","276.86","13.31","88.71","16.31","163.46","24.62","9.94","227.71","246.18","108.11"
"70","2017","5","Karnataka","Shimoge","847.78","276.86","13.31","88.71","16.31","163.46","25.56","10.5","226.21","251.28","111.08"
"70","2018","5","Karnataka","Shimoge","847.78","276.86","13.31","88.71","16.31","163.46","6.49","11.14","244.64","294.77","120.49"
"70","2019","5","Karnataka","Shimoge","847.78","276.86","13.31","88.71","16.31","163.46","6.07","10.04","246.16","292.46","118.81"
"70","2020","5","Karnataka","Shimoge","847.78","276.86","13.31","88.71","16.31","163.46","4.95","8.61","248.71","328.14","131.94"
"71","2000","5","Karnataka","Chickmagalur","722.0","200.0","28.0","43.0","21.0","98.0","6.0","21.0","283.0","304.0","107.42"
"71","2001","5","Karnataka","Chickmagalur","722.08","200.49","28.32","42.64","21.51","97.76","6.04","21.39","282.46","304.26","107.72"
"71","2002","5","Karnataka","Chickmagalur","722.08","200.49","28.32","42.64","20.91","97.76","8.09","23.82","278.59","297.58","106.82"
"71","2003","5","Karnataka","Chickmagalur","722.08","200.49","28.32","42.64","20.87","97.76","8.72","23.02","278.8","294.88","105.77"
"71","2004","5","Karnataka","Chickmagalur","722.08","200.49","28.32","42.64","20.87","96.77","6.32","19.17","286.04","325.87","113.92"
"71","2005","5","Karnataka","Chickmagalur","722.08","200.49","28.32","42.64","19.4","93.05","5.23","12.83","298.9","343.12","114.79"
"71","2006","5","Karnataka","Chickmagalur","722.08","200.49","28.32","42.64","19.4","92.1","5.23","16.19","296.46","330.51","111.49"
"71","2007","5","Karnataka","Chickmagalur","722.08","200.49","28.32","42.64","19.4","90.19","4.8","18.24","296.75","325.27","109.61"
"71","2008","5","Karnataka","Chickmagalur","722.08","200.49","28.32","42.64","19.4","90.19","4.8","19.07","295.92","329.27","111.27"
"71","2009","5","Karnataka","Chickmagalur","722.08","200.49","28.32","43.02","19.4","88.59","4.79","19.19","297.01","329.87","111.06"
"71","2010","5","Karnataka","Chickmagalur","722.08","200.49","28.32","43.13","19.4","88.59","4.79","17.05","299.05","329.74","110.26"
"71","2011","5","Karnataka","Chickmagalur","722.08","200.49","28.32","43.19","19.41","88.59","4.79","23.04","292.99","323.64","110.46"
"71","2012","5","Karnataka","Chickmagalur","722.08","202.03","28.32","43.29","19.32","88.59","5.13","19.96","295.73","332.9","112.57"
"71","2013","5","Karnataka","Chickmagalur","722.08","202.03","28.32","43.33","19.32","88.59","6.5","12.97","301.23","348.56","115.71"
"71","2014","5","Karnataka","Chickmagalur","722.08","202.03","28.32","43.42","19.32","88.59","6.37","15.71","298.55","357.61","119.78"
"71","2015","5","Karnataka","Chickmagalur","722.08","202.03","28.32","43.58","19.32","88.59","6.37","19.37","294.72","360.97","122.48"
"71","2016","5","Karnataka","Chickmagalur","722.08","202.03","28.32","43.62","19.32","88.59","6.4","23.64","290.39","329.22","113.37"
"71","2017","5","Karnataka","Chickmagalur","722.08","202.03","28.32","43.62","19.32","88.59","14.23","23.64","282.56","337.4","119.41"
"71","2018","5","Karnataka","Chickmagalur","722.08","202.03","28.32","43.28","19.32","83.84","25.09","23.13","277.18","404.59","145.97"
"71","2019","5","Karnataka","Chickmagalur","722.08","202.03","28.32","43.33","19.32","83.84","20.87","23.97","280.57","378.72","134.98"
"71","2020","5","Karnataka","Chickmagalur","722.08","202.03","28.32","43.42","19.32","83.84","6.46","10.97","307.99","422.24","137.1"
"72","2000","5","Karnataka","Chitradurga","1368.0","164.0","45.0","90.0","31.0","108.0","35.0","80.0","798.0","954.0","119.55"
"72","2001","5","Karnataka","Chitradurga","1368.3","163.64","45.93","90.21","30.85","108.28","35.42","89.59","788.02","925.9","117.5"
"72","2002","5","Karnataka","Chitradurga","1368.3","163.64","45.93","90.21","30.85","108.28","39.35","84.3","789.38","888.72","112.58"
"72","2003","5","Karnataka","Chitradurga","1368.3","163.64","45.93","90.2","30.85","108.28","46.96","116.82","749.26","864.4","115.37"
"72","2004","5","Karnataka","Chitradurga","1368.3","163.64","45.93","90.2","30.73","108.28","46.84","69.22","797.1","954.7","119.77"
"72","2005","5","Karnataka","Chitradurga","1368.3","163.64","45.93","90.2","30.15","108.28","53.23","58.64","802.08","983.24","122.59"
"72","2006","5","Karnataka","Chitradurga","1368.3","163.64","45.93","90.2","30.15","108.28","45.17","114.7","753.93","929.93","123.34"
"72","2007","5","Karnataka","Chitradurga","1368.3","163.64","45.93","90.2","30.15","108.28","30.32","58.3","825.21","907.18","109.93"
"72","2008","5","Karnataka","Chitradurga","1368.3","163.64","45.93","90.2","30.15","108.28","30.04","61.63","822.16","942.2","114.6"
"72","2009","5","Karnataka","Chitradurga","1368.3","163.64","45.93","90.2","30.15","108.28","37.11","62.59","814.13","937.85","115.2"
"72","2010","5","Karnataka","Chitradurga","1368.3","163.64","45.93","90.23","30.14","108.28","29.51","55.22","829.07","1017.64","122.74"
"72","2011","5","Karnataka","Chitradurga","1368.3","163.64","45.93","90.32","30.14","108.28","27.22","110.39","776.11","940.16","121.14"
"72","2012","5","Karnataka","Chitradurga","1368.3","163.64","45.93","90.5","30.14","108.28","27.56","105.01","780.97","916.09","117.3"
"72","2013","5","Karnataka","Chitradurga","1368.3","163.64","45.93","90.66","30.14","108.28","27.76","122.09","763.53","922.4","120.81"
"72","2014","5","Karnataka","Chitradurga","1368.3","163.64","45.93","91.03","30.14","108.28","27.28","97.42","788.32","981.2","124.47"
"72","2015","5","Karnataka","Chitradurga","1368.3","163.64","45.93","95.24","30.14","108.28","27.48","108.46","772.87","895.71","115.89"
"72","2016","5","Karnataka","Chitradurga","1368.3","163.64","45.03","95.34","30.14","108.28","27.94","104.38","777.31","872.16","112.2"
"72","2017","5","Karnataka","Chitradurga","1368.3","163.64","45.03","95.53","30.04","108.28","53.56","135.85","720.55","860.05","119.36"
"72","2018","5","Karnataka","Chitradurga","1225.28","141.41","31.74","91.03","26.87","99.77","76.68","85.45","664.03","809.34","121.88"
"72","2019","5","Karnataka","Chitradurga","1225.28","141.41","31.74","91.13","26.87","99.77","67.4","77.56","681.2","895.75","131.5"
"72","2020","5","Karnataka","Chitradurga","1225.28","141.41","31.74","91.32","26.87","99.77","22.4","25.37","778.38","998.71","128.31"
"73","2000","5","Karnataka","Bellary","813.0","97.0","53.0","69.0","24.0","5.0","7.0","66.0","487.0","558.0","114.58"
"73","2001","5","Karnataka","Bellary","813.2","97.02","53.48","68.6","24.84","5.47","7.03","95.29","457.91","525.41","114.74"
"73","2002","5","Karnataka","Bellary","813.2","97.02","53.48","68.6","24.84","5.47","7.58","138.35","414.29","474.54","114.54"
"73","2003","5","Karnataka","Bellary","813.2","97.02","53.48","68.6","24.84","5.47","7.58","146.0","406.64","479.72","117.97"
"73","2004","5","Karnataka","Bellary","813.2","97.02","53.48","68.6","24.84","5.47","7.58","93.39","459.25","531.82","115.8"
"73","2005","5","Karnataka","Bellary","813.2","97.02","53.48","68.6","24.84","5.47","7.58","73.45","479.19","595.69","124.31"
"73","2006","5","Karnataka","Bellary","813.2","97.02","53.48","68.62","24.84","5.47","27.81","81.8","450.56","573.27","127.23"
"73","2007","5","Karnataka","Bellary","813.2","97.02","53.48","68.62","24.84","5.47","27.81","68.3","464.06","602.44","129.82"
"73","2008","5","Karnataka","Bellary","813.2","97.02","53.48","68.62","24.84","5.47","27.81","97.44","434.92","575.79","132.39"
"73","2009","5","Karnataka","Bellary","813.2","97.02","53.48","68.66","24.84","5.47","28.83","95.23","436.07","569.65","130.63"
"73","2010","5","Karnataka","Bellary","813.2","97.02","53.48","110.29","24.84","5.47","13.37","62.94","442.18","581.87","131.59"
"73","2011","5","Karnataka","Bellary","813.2","97.02","53.48","110.29","24.84","5.47","13.37","91.05","414.07","532.02","128.49"
"73","2012","5","Karnataka","Bellary","813.2","97.02","53.48","110.29","24.84","5.47","13.79","64.84","439.87","563.9","128.2"
"73","2013","5","Karnataka","Bellary","813.2","97.02","53.48","110.29","24.84","5.47","19.99","90.48","408.03","521.2","127.74"
"73","2014","5","Karnataka","Bellary","813.2","97.02","53.48","110.29","24.84","5.47","19.99","75.39","423.11","548.82","129.71"
"73","2015","5","Karnataka","Bellary","813.2","97.02","53.48","110.29","24.84","5.47","19.99","57.84","440.67","552.22","125.31"
"73","2016","5","Karnataka","Bellary","813.2","97.02","53.48","110.29","19.86","5.47","59.99","75.35","388.14","432.32","111.38"
"73","2017","5","Karnataka","Bellary","813.2","97.02","53.48","110.29","19.86","5.47","29.73","76.65","417.1","508.29","121.86"
"73","2018","5","Karnataka","Bellary","956.22","119.25","58.31","110.29","22.42","6.88","24.59","27.69","571.77","673.14","117.73"
"73","2019","5","Karnataka","Bellary","956.22","119.25","56.05","110.29","22.42","6.88","19.56","28.53","580.23","671.34","115.7"
"73","2020","5","Karnataka","Bellary","956.22","119.25","56.05","110.29","21.48","6.88","13.25","30.99","585.02","730.76","124.91"
"74","2000","5","Karnataka","Dharwad","1378.0","116.0","22.0","63.0","7.0","19.0","21.0","55.0","1074.0","1440.0","134.08"
"74","2001","5","Karnataka","Dharwad","1378.21","115.3","21.41","63.33","6.67","18.56","21.93","58.1","1070.62","1358.55","126.89"
"74","2002","5","Karnataka","Dharwad","1378.21","115.3","21.41","63.51","6.67","18.56","18.4","40.76","1091.3","1450.13","132.88"
"74","2003","5","Karnataka","Dharwad","1378.21","115.3","21.41","63.56","6.67","18.56","18.28","87.72","1044.4","1324.02","126.77"
"74","2004","5","Karnataka","Dharwad","1378.21","115.3","21.41","63.58","6.67","18.56","15.25","55.11","1080.01","1541.15","142.7"
"74","2005","5","Karnataka","Dharwad","1378.21","115.3","21.41","63.84","6.67","18.37","17.53","59.93","1072.85","1516.83","141.38"
"74","2006","5","Karnataka","Dharwad","1378.21","115.3","21.41","63.84","6.67","18.37","14.94","80.85","1054.2","1478.62","140.26"
"74","2007","5","Karnataka","Dharwad","1378.21","115.3","21.41","63.92","6.67","18.37","15.61","65.89","1068.46","1516.71","141.95"
"74","2008","5","Karnataka","Dharwad","1378.21","115.3","21.41","64.98","6.67","18.37","18.39","109.54","1020.81","1380.69","135.25"
"74","2009","5","Karnataka","Dharwad","1378.21","115.3","21.41","65.54","6.67","18.37","13.31","35.86","1099.0","1561.7","142.1"
"74","2010","5","Karnataka","Dharwad","1378.21","115.3","21.41","66.09","6.67","18.37","13.21","55.18","1079.22","1487.07","137.79"
"74","2011","5","Karnataka","Dharwad","1378.21","115.3","21.41","66.56","6.67","18.37","17.77","124.89","1004.47","1382.78","137.66"
"74","2012","5","Karnataka","Dharwad","1378.21","115.3","21.41","66.99","6.67","18.37","18.59","155.43","972.69","1220.64","125.49"
"74","2013","5","Karnataka","Dharwad","1378.21","115.3","21.41","67.16","6.67","18.37","18.92","107.87","1019.76","1417.59","139.01"
"74","2014","5","Karnataka","Dharwad","1378.21","115.3","21.41","67.41","6.67","18.37","15.44","58.56","1072.31","1430.6","133.41"
"74","2015","5","Karnataka","Dharwad","1378.21","115.3","21.41","67.9","6.67","18.37","18.03","32.12","1095.68","1449.4","132.28"
"74","2016","5","Karnataka","Dharwad","1378.21","115.3","21.8","69.41","6.67","18.38","17.95","62.27","1063.68","1483.59","139.48"
"74","2017","5","Karnataka","Dharwad","1378.21","115.3","21.8","69.59","6.67","18.38","18.79","86.7","1038.23","1363.33","131.31"
"74","2018","5","Karnataka","Dharwad","1378.2","115.3","21.8","68.11","6.67","18.38","11.87","56.97","1074.54","1543.39","143.63"
"74","2019","5","Karnataka","Dharwad","1378.2","115.3","21.8","68.27","6.3","18.38","11.13","52.0","1079.8","1548.2","143.38"
"74","2020","5","Karnataka","Dharwad","1378.2","115.3","21.8","68.5","6.3","18.38","8.07","21.03","1113.74","1707.05","153.27"
"75","2000","5","Karnataka","Belgaum","1344.0","190.0","44.0","69.0","13.0","24.0","7.0","117.0","878.0","1049.0","119.48"
"75","2001","5","Karnataka","Belgaum","1344.38","190.42","44.34","69.07","12.76","24.81","7.3","266.01","728.47","870.1","119.44"
"75","2002","5","Karnataka","Belgaum","1344.38","190.42","44.34","69.07","12.76","24.81","7.3","247.57","746.91","916.22","122.67"
"75","2003","5","Karnataka","Belgaum","1344.38","190.42","44.34","69.13","12.76","24.81","7.67","270.58","723.46","893.3","123.48"
"75","2004","5","Karnataka","Belgaum","1344.38","190.42","44.34","69.2","12.76","24.81","6.99","155.42","839.24","1103.38","131.47"
"75","2005","5","Karnataka","Belgaum","1344.38","190.42","44.34","69.24","12.76","24.81","7.0","195.51","799.1","1061.02","132.78"
"75","2006","5","Karnataka","Belgaum","1344.38","190.42","44.34","69.33","12.76","24.81","7.0","152.52","841.92","1073.23","127.47"
"75","2007","5","Karnataka","Belgaum","1344.38","190.42","44.34","69.37","12.76","24.81","7.0","159.58","833.02","1051.95","126.28"
"75","2008","5","Karnataka","Belgaum","1344.38","190.42","44.34","69.51","11.47","24.81","7.0","195.46","798.29","1009.3","126.43"
"75","2009","5","Karnataka","Belgaum","1344.38","190.42","44.34","69.62","11.47","24.81","6.99","146.38","847.26","1109.2","130.92"
"75","2010","5","Karnataka","Belgaum","1344.38","190.42","44.34","69.66","11.47","24.81","6.97","155.78","837.88","1099.65","131.24"
"75","2011","5","Karnataka","Belgaum","1344.38","190.42","44.34","69.8","11.47","24.81","6.97","226.95","766.58","1011.26","131.92"
"75","2012","5","Karnataka","Belgaum","1344.38","190.42","44.34","69.82","11.47","24.88","5.87","344.44","650.06","896.07","137.84"
"75","2013","5","Karnataka","Belgaum","1344.38","190.42","44.34","69.83","11.47","24.88","5.87","338.52","655.96","967.72","147.53"
"75","2014","5","Karnataka","Belgaum","1344.38","190.42","44.34","69.83","11.47","24.88","5.87","269.38","725.1","1024.93","141.35"
"75","2015","5","Karnataka","Belgaum","1344.38","190.42","44.34","69.83","11.47","24.88","52.89","157.55","789.92","1021.3","129.29"
"75","2016","5","Karnataka","Belgaum","1344.38","190.42","44.34","70.79","11.47","24.88","48.51","126.88","824.01","1039.39","126.14"
"75","2017","5","Karnataka","Belgaum","1344.38","190.42","44.34","70.79","11.47","24.88","52.89","182.24","764.26","1007.83","131.87"
"75","2018","5","Karnataka","Belgaum","1344.38","190.42","34.34","69.81","11.46","22.66","50.93","70.83","890.64","1168.52","131.2"
"75","2019","5","Karnataka","Belgaum","1344.38","190.42","32.31","69.83","9.46","21.36","46.61","64.77","906.35","1196.06","131.96"
"75","2020","5","Karnataka","Belgaum","1344.38","190.42","32.31","69.83","9.46","21.36","8.83","11.54","997.36","1467.71","147.16"
"76","2000","5","Karnataka","Bijapur / Vijayapura","1713.0","83.0","54.0","60.0","8.0","13.0","15.0","281.0","1197.0","1376.0","114.95"
"76","2001","5","Karnataka","Bijapur / Vijayapura","1712.35","83.03","53.87","60.11","7.54","13.01","15.66","364.59","1113.05","1233.02","110.78"
"76","2002","5","Karnataka","Bijapur / Vijayapura","1712.35","83.11","53.87","64.68","7.54","13.01","15.66","246.79","1226.21","1391.21","113.46"
"76","2003","5","Karnataka","Bijapur / Vijayapura","1712.35","83.11","53.87","64.68","7.54","13.01","15.66","358.52","1114.46","1209.89","108.56"
"76","2004","5","Karnataka","Bijapur / Vijayapura","1712.35","83.11","53.87","64.68","7.54","13.01","15.66","160.61","1312.37","1595.18","121.55"
"76","2005","5","Karnataka","Bijapur / Vijayapura","1712.35","83.11","53.87","64.68","7.54","13.01","15.66","166.12","1306.87","1609.79","123.18"
"76","2006","5","Karnataka","Bijapur / Vijayapura","1712.35","83.11","53.87","64.68","7.54","13.01","15.66","140.55","1332.38","1613.16","121.07"
"76","2007","5","Karnataka","Bijapur / Vijayapura","1712.35","83.11","53.87","64.68","7.54","13.01","15.66","125.42","1347.49","1661.25","123.28"
"76","2008","5","Karnataka","Bijapur / Vijayapura","1712.35","83.11","53.87","64.68","7.54","13.01","15.66","271.58","1201.33","1416.76","117.93"
"76","2009","5","Karnataka","Bijapur / Vijayapura","1712.35","83.11","53.87","64.86","7.54","13.01","15.66","135.05","1337.68","1641.68","122.73"
"76","2010","5","Karnataka","Bijapur / Vijayapura","1712.35","83.11","53.87","64.86","7.54","13.01","15.66","123.01","1349.72","1646.68","122.0"
"76","2011","5","Karnataka","Bijapur / Vijayapura","1712.35","83.11","53.87","64.9","7.54","13.01","15.66","246.31","1226.38","1460.5","119.09"
"76","2012","5","Karnataka","Bijapur / Vijayapura","1712.35","83.11","53.87","64.96","7.54","13.01","16.35","191.7","1280.23","1441.45","112.59"
"76","2013","5","Karnataka","Bijapur / Vijayapura","1712.35","83.11","53.87","65.02","7.54","13.01","15.66","159.28","1313.29","1537.88","117.1"
"76","2014","5","Karnataka","Bijapur / Vijayapura","1712.35","83.11","53.87","65.06","7.54","13.01","15.66","172.58","1299.94","1484.32","114.18"
"76","2015","5","Karnataka","Bijapur / Vijayapura","1712.35","83.11","53.87","65.1","7.54","13.01","27.96","105.39","1354.82","1519.03","112.12"
"76","2016","5","Karnataka","Bijapur / Vijayapura","1712.35","83.11","53.87","66.14","7.54","13.01","15.62","112.24","1359.25","1563.44","115.02"
"76","2017","5","Karnataka","Bijapur / Vijayapura","1712.35","83.11","53.87","66.16","7.54","13.01","21.22","107.47","1358.38","1577.84","116.16"
"76","2018","5","Karnataka","Bijapur / Vijayapura","1712.35","83.1","53.87","64.96","7.54","13.0","12.32","27.81","1446.75","1965.01","135.82"
"76","2019","5","Karnataka","Bijapur / Vijayapura","1712.35","83.1","53.87","66.04","7.54","13.0","17.87","110.67","1358.31","1735.46","127.77"
"76","2020","5","Karnataka","Bijapur / Vijayapura","1712.35","83.1","52.87","66.08","7.54","13.0","9.32","36.96","1441.57","1766.43","122.53"
"77","2000","5","Karnataka","Bidar","542.0","26.0","21.0","22.0","19.0","14.0","23.0","32.0","373.0","452.0","121.18"
"77","2001","5","Karnataka","Bidar","541.77","27.71","19.13","22.01","19.26","13.96","26.98","29.79","372.2","450.79","121.11"
"77","2002","5","Karnataka","Bidar","541.77","27.71","19.13","22.01","19.26","13.96","25.22","29.26","374.5","452.61","120.86"
"77","2003","5","Karnataka","Bidar","541.77","27.71","19.13","22.01","19.38","13.96","29.9","28.95","370.01","454.45","122.82"
"77","2004","5","Karnataka","Bidar","541.77","27.71","19.13","22.01","19.38","13.96","33.38","30.25","365.23","445.56","121.99"
"77","2005","5","Karnataka","Bidar","541.77","27.71","19.13","22.01","19.38","13.96","37.84","36.72","354.31","439.45","124.03"
"77","2006","5","Karnataka","Bidar","541.77","27.71","19.13","22.01","19.38","13.96","36.75","36.23","355.8","436.35","122.64"
"77","2007","5","Karnataka","Bidar","541.77","27.71","19.13","22.01","19.38","13.96","41.52","56.97","330.23","411.18","124.51"
"77","2008","5","Karnataka","Bidar","541.77","27.71","19.13","22.01","19.38","13.96","41.52","47.03","340.09","400.18","117.67"
"77","2009","5","Karnataka","Bidar","541.77","27.71","19.13","22.01","19.38","13.96","41.14","46.74","340.79","401.13","117.71"
"77","2010","5","Karnataka","Bidar","541.77","27.71","19.13","22.01","19.38","13.96","33.75","34.19","360.72","423.97","117.53"
"77","2011","5","Karnataka","Bidar","541.77","27.71","19.13","22.01","19.38","13.96","40.28","37.6","350.79","415.7","118.5"
"77","2012","5","Karnataka","Bidar","541.77","27.71","19.13","22.01","19.38","13.96","44.93","36.12","347.62","434.36","124.95"
"77","2013","5","Karnataka","Bidar","541.77","27.71","19.13","22.77","19.38","13.96","41.94","36.3","349.66","450.34","128.79"
"77","2014","5","Karnataka","Bidar","541.77","27.71","19.13","22.77","19.38","13.96","49.04","66.33","312.45","367.7","117.68"
"77","2015","5","Karnataka","Bidar","541.77","27.71","19.13","22.77","19.38","13.96","42.74","63.61","321.54","397.71","123.69"
"77","2016","5","Karnataka","Bidar","541.77","27.71","19.13","22.77","19.38","13.96","16.41","27.87","383.6","483.73","126.1"
"77","2017","5","Karnataka","Bidar","541.77","27.71","19.13","23.45","19.38","13.96","25.46","36.57","365.18","451.74","123.7"
"77","2018","5","Karnataka","Bidar","541.76","27.71","19.13","22.01","19.38","13.96","57.1","68.04","300.13","379.08","126.3"
"77","2019","5","Karnataka","Bidar","541.76","27.71","19.13","22.77","19.38","13.96","37.1","43.47","344.71","526.84","152.84"
"77","2020","5","Karnataka","Bidar","541.76","27.71","19.13","22.77","19.38","13.96","20.1","20.04","385.14","552.81","143.54"
"78","2000","5","Karnataka","Raichur","1389.0","47.0","37.0","60.0","14.0","35.0","70.0","178.0","935.0","1111.0","118.82"
"78","2001","5","Karnataka","Raichur","1388.34","47.62","36.71","59.43","13.28","34.5","67.63","233.23","882.06","1042.61","118.2"
"78","2002","5","Karnataka","Raichur","1388.34","47.62","36.71","59.43","13.28","34.5","91.18","259.01","832.73","1005.06","120.69"
"78","2003","5","Karnataka","Raichur","1388.34","47.62","36.71","59.43","13.28","34.5","71.1","186.6","925.01","1050.91","113.61"
"78","2004","5","Karnataka","Raichur","1388.34","47.62","36.71","59.43","13.28","34.5","44.17","188.75","949.79","1165.19","122.68"
"78","2005","5","Karnataka","Raichur","1388.34","47.62","36.71","59.43","13.28","34.5","41.1","157.15","984.45","1261.62","128.15"
"78","2006","5","Karnataka","Raichur","1388.34","47.62","36.71","59.43","13.28","34.5","48.88","224.63","909.4","1128.85","124.13"
"78","2007","5","Karnataka","Raichur","1388.34","47.62","36.71","59.43","13.28","34.5","40.83","184.88","957.2","1230.57","128.56"
"78","2008","5","Karnataka","Raichur","1388.34","47.62","36.71","59.43","13.28","34.5","68.7","244.17","870.04","1120.52","128.79"
"78","2009","5","Karnataka","Raichur","1388.34","47.62","36.71","59.56","13.28","34.5","49.79","238.77","894.22","1187.7","132.82"
"78","2010","5","Karnataka","Raichur","1388.34","47.62","36.71","59.56","13.28","34.5","50.05","252.76","879.97","1163.09","132.17"
"78","2011","5","Karnataka","Raichur","1388.34","47.62","36.71","59.56","13.28","34.5","127.15","247.36","808.26","974.34","120.55"
"78","2012","5","Karnataka","Raichur","1388.34","47.62","36.71","59.56","13.28","34.5","78.04","184.59","920.15","1119.22","121.63"
"78","2013","5","Karnataka","Raichur","1388.34","47.62","36.71","59.56","13.27","34.5","74.05","186.37","922.37","1167.38","126.56"
"78","2014","5","Karnataka","Raichur","1388.34","47.62","36.71","61.15","13.28","34.5","90.52","207.84","882.84","1066.18","120.77"
"78","2015","5","Karnataka","Raichur","1388.34","47.62","43.55","62.75","13.28","37.66","96.66","212.38","860.54","1021.85","118.75"
"78","2016","5","Karnataka","Raichur","1388.34","47.62","43.72","72.11","13.28","37.66","125.99","216.65","817.42","997.64","122.05"
"78","2017","5","Karnataka","Raichur","1388.34","47.62","43.72","72.13","13.28","37.66","137.76","202.24","820.04","989.94","120.72"
"78","2018","5","Karnataka","Raichur","1388.34","47.62","43.72","70.19","13.28","37.66","63.39","93.35","1004.96","1256.15","125.0"
"78","2019","5","Karnataka","Raichur","1388.34","47.62","43.72","70.2","13.28","37.66","30.5","79.07","1051.84","1328.9","126.34"
"78","2020","5","Karnataka","Raichur","1388.34","47.62","43.72","70.26","22.65","37.66","28.71","40.72","1089.48","1424.39","130.74"
"79","2000","5","Karnataka","Gulbarga / Kalaburagi","1609.0","68.0","62.0","66.0","10.0","36.0","19.0","187.0","1150.0","1368.0","118.96"
"79","2001","5","Karnataka","Gulbarga / Kalaburagi","1609.21","68.09","62.12","66.69","10.8","36.41","19.21","169.44","1167.66","1339.47","114.71"
"79","2002","5","Karnataka","Gulbarga / Kalaburagi","1609.21","68.09","62.12","66.69","10.8","36.41","19.21","163.97","1173.13","1357.57","115.72"
"79","2003","5","Karnataka","Gulbarga / Kalaburagi","1609.21","68.09","62.12","66.83","10.8","36.41","19.21","170.51","1166.45","1407.17","120.64"
"79","2004","5","Karnataka","Gulbarga / Kalaburagi","1609.21","68.09","62.08","66.93","10.8","36.41","19.58","138.28","1198.25","1407.35","117.45"
"79","2005","5","Karnataka","Gulbarga / Kalaburagi","1609.21","68.09","62.17","66.94","10.8","36.61","20.52","155.14","1180.14","1419.07","120.25"
"79","2006","5","Karnataka","Gulbarga / Kalaburagi","1609.21","68.09","62.16","66.95","10.8","36.61","20.32","179.72","1155.71","1424.57","123.26"
"79","2007","5","Karnataka","Gulbarga / Kalaburagi","1609.21","68.09","62.16","66.95","10.8","36.61","22.0","176.99","1156.77","1443.92","124.82"
"79","2008","5","Karnataka","Gulbarga / Kalaburagi","1609.21","68.09","62.16","66.95","10.8","36.61","18.09","143.99","1193.67","1426.1","119.47"
"79","2009","5","Karnataka","Gulbarga / Kalaburagi","1609.21","68.09","62.16","66.95","10.8","36.61","8.39","127.7","1219.66","1433.52","117.53"
"79","2010","5","Karnataka","Gulbarga / Kalaburagi","1610.21","69.09","63.08","68.02","11.81","37.62","7.75","105.06","1245.94","1472.57","118.19"
"79","2011","5","Karnataka","Gulbarga / Kalaburagi","1610.21","69.09","63.08","68.03","11.81","37.62","19.52","139.86","1199.35","1346.83","112.3"
"79","2012","5","Karnataka","Gulbarga / Kalaburagi","1610.21","69.09","63.08","68.03","11.81","37.62","26.97","173.24","1158.52","1300.49","112.25"
"79","2013","5","Karnataka","Gulbarga / Kalaburagi","1610.21","69.09","63.06","68.04","11.81","37.62","29.31","128.68","1200.75","1439.64","119.9"
"79","2014","5","Karnataka","Gulbarga / Kalaburagi","1610.21","69.09","63.06","69.43","11.81","37.62","27.71","137.86","1191.77","1422.91","119.39"
"79","2015","5","Karnataka","Gulbarga / Kalaburagi","1610.21","69.09","63.06","70.39","11.81","37.62","80.33","179.74","1096.31","1311.88","119.66"
"79","2016","5","Karnataka","Gulbarga / Kalaburagi","1610.21","69.09","63.06","71.94","11.81","37.62","52.35","125.59","1176.9","1434.12","121.86"
"79","2017","5","Karnataka","Gulbarga / Kalaburagi","1610.21","69.09","63.06","74.1","11.81","37.62","63.9","102.19","1186.59","1461.39","123.16"
"79","2018","5","Karnataka","Gulbarga / Kalaburagi","1610.21","69.09","63.07","69.59","11.8","37.61","29.02","54.81","1270.26","1550.55","122.07"
"79","2019","5","Karnataka","Gulbarga / Kalaburagi","1610.21","69.09","63.07","69.59","11.8","37.61","25.76","39.05","1289.28","1589.3","123.27"
"79","2020","5","Karnataka","Gulbarga / Kalaburagi","1610.21","69.09","62.9","71.14","11.8","37.61","27.18","41.25","1285.63","1545.2","120.19"
"80","2000","5","Karnataka","Dakshina Kannada","833.0","228.0","71.0","95.0","67.0","31.0","14.0","12.0","235.0","293.0","124.68"
"80","2001","5","Karnataka","Dakshina Kannada","833.6","228.05","70.75","98.43","65.86","30.03","13.51","10.65","235.34","291.53","123.88"
"80","2002","5","Karnataka","Dakshina Kannada","833.6","228.58","70.68","99.78","64.78","29.96","14.72","10.92","233.66","286.91","122.79"
"80","2003","5","Karnataka","Dakshina Kannada","833.6","228.58","70.67","100.67","65.89","29.96","15.09","9.88","232.49","283.52","121.95"
"80","2004","5","Karnataka","Dakshina Kannada","833.6","228.58","70.67","101.0","67.42","29.95","14.22","10.57","231.34","283.55","122.57"
"80","2005","5","Karnataka","Dakshina Kannada","833.6","228.58","70.67","101.37","68.15","29.78","13.53","9.64","232.19","282.07","121.48"
"80","2006","5","Karnataka","Dakshina Kannada","833.6","228.58","70.66","101.69","68.2","29.78","14.13","9.58","231.29","282.72","122.24"
"80","2007","5","Karnataka","Dakshina Kannada","833.6","228.58","70.66","103.05","67.46","29.78","13.94","9.2","231.28","281.12","121.55"
"80","2008","5","Karnataka","Dakshina Kannada","833.6","228.58","70.52","103.89","67.26","29.75","14.06","7.81","232.4","281.4","121.08"
"80","2009","5","Karnataka","Dakshina Kannada","833.6","228.58","70.4","104.94","67.33","29.72","14.38","8.62","230.65","276.32","119.8"
"80","2010","5","Karnataka","Dakshina Kannada","833.6","228.58","70.38","105.08","68.84","29.69","14.16","7.73","230.46","275.25","119.44"
"80","2011","5","Karnataka","Dakshina Kannada","833.6","228.58","70.38","105.39","69.08","29.66","13.98","6.56","231.58","275.56","118.99"
"80","2012","5","Karnataka","Dakshina Kannada","833.83","228.58","70.38","106.51","69.25","29.53","15.15","10.36","227.55","269.64","118.5"
"80","2013","5","Karnataka","Dakshina Kannada","833.83","228.58","70.38","108.88","67.11","29.45","16.95","7.37","229.28","270.88","118.14"
"80","2014","5","Karnataka","Dakshina Kannada","833.83","228.58","70.38","110.47","65.28","25.19","17.36","6.83","239.37","279.1","116.6"
"80","2015","5","Karnataka","Dakshina Kannada","833.83","228.58","70.38","110.99","64.69","25.03","15.78","9.67","239.02","277.69","116.18"
"80","2016","5","Karnataka","Dakshina Kannada","833.83","228.58","70.38","112.87","61.12","23.33","15.64","10.63","242.64","266.59","109.87"
"80","2017","5","Karnataka","Dakshina Kannada","833.83","228.58","70.38","113.19","60.85","23.29","15.49","9.15","244.67","266.29","108.84"
"80","2018","5","Karnataka","Dakshina Kannada","833.83","228.58","69.1","108.65","62.14","18.34","13.31","4.26","256.86","281.47","109.58"
"80","2019","5","Karnataka","Dakshina Kannada","833.83","228.58","54.6","109.62","53.37","18.34","4.44","9.06","287.84","300.55","104.42"
"80","2020","5","Karnataka","Dakshina Kannada","833.83","228.58","47.35","110.78","48.12","18.69","12.94","4.34","299.57","348.75","116.42"
"81","2000","5","Karnataka","Uttara Kannada","1025.0","815.0","20.0","30.0","8.0","20.0","8.0","8.0","112.0","126.0","112.5"
"81","2001","5","Karnataka","Uttara Kannada","1024.68","814.72","16.24","34.16","7.36","19.45","10.14","9.42","108.61","118.52","109.12"
"81","2002","5","Karnataka","Uttara Kannada","1024.68","814.46","16.24","34.16","7.36","19.45","12.04","7.01","109.39","119.61","109.34"
"81","2003","5","Karnataka","Uttara Kannada","1024.68","814.46","16.24","34.19","7.36","19.36","12.62","7.28","108.59","118.83","109.43"
"81","2004","5","Karnataka","Uttara Kannada","1024.68","813.81","16.24","34.26","7.36","19.36","12.59","8.23","108.25","119.0","109.93"
"81","2005","5","Karnataka","Uttara Kannada","1024.68","813.6","16.23","34.37","6.64","17.22","11.06","5.89","115.08","126.55","109.97"
"81","2006","5","Karnataka","Uttara Kannada","1024.68","813.6","16.23","34.4","6.46","16.85","11.07","5.66","115.62","126.72","109.6"
"81","2007","5","Karnataka","Uttara Kannada","1024.68","813.6","16.23","34.42","6.45","16.85","11.73","5.89","114.69","125.26","109.22"
"81","2008","5","Karnataka","Uttara Kannada","1024.68","813.6","16.23","34.46","6.45","16.63","12.73","5.48","114.3","125.0","109.36"
"81","2009","5","Karnataka","Uttara Kannada","1024.68","813.6","16.23","34.49","6.45","16.63","13.14","6.4","112.95","125.66","111.25"
"81","2010","5","Karnataka","Uttara Kannada","1024.68","813.6","16.23","34.51","6.45","16.63","13.07","7.23","112.15","124.42","110.94"
"81","2011","5","Karnataka","Uttara Kannada","1024.68","813.6","16.23","34.55","6.45","16.63","14.21","5.91","112.3","123.53","110.0"
"81","2012","5","Karnataka","Uttara Kannada","1024.68","813.6","16.23","34.55","6.45","16.63","14.32","6.14","111.97","125.73","112.29"
"81","2013","5","Karnataka","Uttara Kannada","1024.68","813.6","16.23","34.55","6.45","16.63","14.34","6.54","111.54","122.29","109.64"
"81","2014","5","Karnataka","Uttara Kannada","1024.68","813.6","16.21","34.6","6.45","16.63","14.14","6.28","111.98","122.45","109.35"
"81","2015","5","Karnataka","Uttara Kannada","1024.68","813.6","16.14","34.67","6.45","16.63","14.35","7.03","111.02","122.05","109.94"
"81","2016","5","Karnataka","Uttara Kannada","1024.68","813.6","16.14","34.67","6.45","16.63","14.39","7.14","110.86","121.06","109.2"
"81","2017","5","Karnataka","Uttara Kannada","1024.68","813.6","16.2","34.71","6.45","16.63","14.22","6.93","111.15","122.41","110.13"
"81","2018","5","Karnataka","Uttara Kannada","1024.68","813.6","16.2","34.55","6.45","6.73","11.31","5.95","127.55","144.74","113.48"
"81","2019","5","Karnataka","Uttara Kannada","1024.68","813.6","16.2","34.55","6.45","6.73","12.14","6.12","127.13","148.33","116.67"
"81","2020","5","Karnataka","Uttara Kannada","1024.68","813.6","16.2","34.6","6.45","6.73","16.33","4.41","124.66","157.24","126.14"
"82","2000","5","Karnataka","Kodagu / Coorg","411.0","135.0","31.0","24.0","12.0","18.0","4.0","9.0","147.0","148.0","100.68"
"82","2001","5","Karnataka","Kodagu / Coorg","410.78","134.6","31.01","23.69","11.92","17.8","3.92","8.58","147.11","148.62","101.03"
"82","2002","5","Karnataka","Kodagu / Coorg","410.78","134.6","31.01","23.69","11.92","17.8","5.56","7.21","146.84","147.54","100.48"
"82","2003","5","Karnataka","Kodagu / Coorg","410.78","134.6","31.01","23.69","11.92","17.8","5.26","6.9","147.45","148.13","100.46"
"82","2004","5","Karnataka","Kodagu / Coorg","410.78","134.6","31.01","23.69","11.92","17.8","2.34","5.0","152.27","153.14","100.57"
"82","2005","5","Karnataka","Kodagu / Coorg","410.78","134.6","31.01","23.69","11.92","17.53","2.65","5.21","151.75","154.72","101.96"
"82","2006","5","Karnataka","Kodagu / Coorg","410.78","134.6","31.01","23.96","9.83","16.88","4.43","6.31","156.82","162.92","103.89"
"82","2007","5","Karnataka","Kodagu / Coorg","410.78","134.6","31.01","23.96","9.13","14.77","2.74","3.76","167.35","179.23","107.1"
"82","2008","5","Karnataka","Kodagu / Coorg","410.78","134.6","31.01","23.96","9.13","14.77","4.0","4.93","165.04","178.48","108.14"
"82","2009","5","Karnataka","Kodagu / Coorg","410.78","134.6","31.01","24.15","9.11","14.73","4.44","4.83","164.65","179.0","108.72"
"82","2010","5","Karnataka","Kodagu / Coorg","410.78","134.6","31.01","24.2","9.11","13.88","3.5","3.93","169.52","184.56","108.87"
"82","2011","5","Karnataka","Kodagu / Coorg","410.78","134.6","31.01","24.22","9.08","13.88","3.62","4.23","169.92","185.88","109.39"
"82","2012","5","Karnataka","Kodagu / Coorg","410.78","134.6","31.01","24.22","9.08","13.88","3.62","7.59","166.57","182.67","109.67"
"82","2013","5","Karnataka","Kodagu / Coorg","410.78","134.6","31.01","24.22","9.08","13.88","3.62","7.42","166.74","182.23","109.29"
"82","2014","5","Karnataka","Kodagu / Coorg","410.78","134.6","31.01","24.22","9.08","13.88","3.61","6.89","167.28","190.62","113.95"
"82","2015","5","Karnataka","Kodagu / Coorg","410.78","134.6","31.01","24.22","9.08","13.88","3.73","8.99","165.06","188.79","114.38"
"82","2016","5","Karnataka","Kodagu / Coorg","410.78","134.6","31.01","24.3","9.08","13.88","3.6","8.53","165.56","189.29","114.33"
"82","2017","5","Karnataka","Kodagu / Coorg","410.78","134.6","31.01","24.3","9.08","13.88","3.9","8.92","164.88","188.61","114.39"
"82","2018","5","Karnataka","Kodagu / Coorg","410.77","134.6","24.25","24.21","7.46","12.01","2.41","1.82","189.38","254.99","134.64"
"82","2019","5","Karnataka","Kodagu / Coorg","410.77","134.6","24.25","24.21","7.46","12.01","2.47","2.86","189.64","279.08","147.16"
"82","2020","5","Karnataka","Kodagu / Coorg","410.77","134.6","24.25","24.21","7.46","12.01","2.44","2.45","200.26","331.07","165.32"
"83","2000","11","Tamil Nadu","Chengalpattu","785.45","43.6","24.68","240.95","19.17","26.57","114.16","23.41","270.21","339.99","125.82"
"83","2001","11","Tamil Nadu","Chengalpattu","785.45","43.6","24.68","242.4","18.62","26.49","121.19","15.51","270.27","340.79","126.09"
"83","2002","11","Tamil Nadu","Chengalpattu","785.45","43.6","24.68","243.43","18.13","26.47","125.64","50.27","230.57","292.13","126.7"
"83","2003","11","Tamil Nadu","Chengalpattu","785.45","43.6","24.68","244.7","23.77","26.47","140.55","37.28","219.35","296.78","135.3"
"83","2004","11","Tamil Nadu","Chengalpattu","785.45","43.6","24.59","247.66","19.88","26.49","141.49","35.92","220.95","284.92","128.95"
"83","2005","11","Tamil Nadu","Chengalpattu","785.45","43.6","24.59","248.67","18.76","26.49","119.51","28.09","251.72","333.47","132.48"
"83","2006","11","Tamil Nadu","Chengalpattu","785.45","43.6","24.59","253.81","18.86","26.43","90.93","53.48","253.02","298.33","117.91"
"83","2007","11","Tamil Nadu","Chengalpattu","785.45","43.6","24.59","254.41","18.73","26.43","95.83","61.11","240.13","269.21","112.11"
"83","2008","11","Tamil Nadu","Chengalpattu","785.45","43.6","24.59","120.81","18.61","26.43","102.17","59.11","235.46","262.67","111.56"
"83","2009","11","Tamil Nadu","Chengalpattu","785.45","43.6","24.59","255.28","18.42","26.43","107.68","61.68","226.94","254.33","112.07"
"83","2010","11","Tamil Nadu","Chengalpattu","785.45","43.6","24.59","256.27","18.69","26.43","103.63","65.57","225.79","268.68","119.0"
"83","2011","11","Tamil Nadu","Chengalpattu","785.45","43.6","24.59","258.08","19.06","26.43","107.97","68.47","217.02","259.79","119.71"
"83","2012","11","Tamil Nadu","Chengalpattu","785.45","43.6","24.59","258.52","18.99","26.43","110.9","72.67","209.68","245.71","117.18"
"83","2013","11","Tamil Nadu","Chengalpattu","785.45","43.6","24.59","261.41","18.49","26.43","107.66","73.49","211.0","269.34","127.65"
"83","2014","11","Tamil Nadu","Chengalpattu","785.45","43.6","24.52","261.5","18.46","26.43","118.11","86.03","188.05","245.77","130.69"
"83","2015","11","Tamil Nadu","Chengalpattu","785.45","43.6","24.52","261.8","18.44","26.41","113.01","67.64","211.35","283.03","133.92"
"83","2016","11","Tamil Nadu","Chengalpattu","785.45","43.6","24.52","261.81","18.39","26.41","117.14","80.6","194.87","257.53","132.15"
"83","2017","11","Tamil Nadu","Chengalpattu","785.45","43.6","24.52","261.84","18.39","26.4","120.66","70.1","201.54","275.67","136.78"
"83","2018","11","Tamil Nadu","Chengalpattu","763.03","43.6","24.51","258.92","17.21","25.94","118.39","83.01","184.26","242.84","131.79"
"83","2019","11","Tamil Nadu","Chengalpattu","588.5","39.91","22.39","261.64","11.63","21.24","90.68","56.98","152.97","219.37","143.4"
"83","2020","11","Tamil Nadu","Chengalpattu","587.96","39.91","22.39","251.84","11.62","21.14","88.88","57.96","153.44","225.75","147.13"
"84","2000","11","Tamil Nadu","South Arcot / Cuddalore","1089.98","73.12","71.29","167.45","19.02","4.92","30.43","128.08","569.51","669.15","117.5"
"84","2001","11","Tamil Nadu","South Arcot / Cuddalore","1089.98","73.12","71.31","168.41","18.43","4.91","30.16","129.27","568.0","671.86","118.29"
"84","2002","11","Tamil Nadu","South Arcot / Cuddalore","1089.98","73.12","71.3","171.79","18.82","4.91","45.24","217.87","460.69","548.05","118.96"
"84","2003","11","Tamil Nadu","South Arcot / Cuddalore","1089.98","73.12","71.3","189.41","17.68","4.91","39.67","169.28","499.79","629.9","126.03"
"84","2004","11","Tamil Nadu","South Arcot / Cuddalore","1089.98","73.12","71.3","190.18","17.85","4.91","38.21","134.39","535.75","650.17","121.36"
"84","2005","11","Tamil Nadu","South Arcot / Cuddalore","1089.98","73.12","71.3","191.75","16.48","4.81","33.77","122.32","550.6","661.57","120.15"
"84","2006","11","Tamil Nadu","South Arcot / Cuddalore","1089.98","73.12","71.3","194.11","15.92","4.78","33.16","133.56","537.64","623.33","115.94"
"84","2007","11","Tamil Nadu","South Arcot / Cuddalore","1089.98","73.12","71.3","194.54","15.98","4.78","32.63","120.99","551.42","664.6","120.53"
"84","2008","11","Tamil Nadu","South Arcot / Cuddalore","1089.98","73.12","71.3","92.26","15.88","4.78","31.79","124.36","550.29","656.22","119.25"
"84","2009","11","Tamil Nadu","South Arcot / Cuddalore","1089.98","73.12","71.3","194.68","15.81","4.78","31.18","129.03","546.66","647.47","118.44"
"84","2010","11","Tamil Nadu","South Arcot / Cuddalore","1089.98","73.12","71.27","194.85","15.65","4.77","33.14","117.44","556.79","662.74","119.03"
"84","2011","11","Tamil Nadu","South Arcot / Cuddalore","1089.98","73.12","71.27","194.87","15.48","4.77","33.24","125.53","549.55","654.77","119.15"
"84","2012","11","Tamil Nadu","South Arcot / Cuddalore","1089.98","73.12","71.27","194.87","15.51","4.77","37.38","148.26","523.43","610.46","116.63"
"84","2013","11","Tamil Nadu","South Arcot / Cuddalore","1089.98","73.12","71.27","194.91","15.62","4.77","37.33","119.74","552.87","826.0","149.4"
"84","2014","11","Tamil Nadu","South Arcot / Cuddalore","1089.98","73.12","71.27","195.06","15.62","4.77","41.62","111.26","557.37","807.55","144.89"
"84","2015","11","Tamil Nadu","South Arcot / Cuddalore","1089.98","73.12","71.27","195.06","15.62","4.77","42.83","106.19","561.09","815.14","145.28"
"84","2016","11","Tamil Nadu","South Arcot / Cuddalore","1089.98","73.12","71.27","195.06","15.61","4.77","43.95","144.22","521.89","698.67","133.87"
"84","2017","11","Tamil Nadu","South Arcot / Cuddalore","1089.98","73.11","71.27","195.06","15.58","4.77","46.14","110.07","554.41","779.63","140.62"
"84","2018","11","Tamil Nadu","South Arcot / Cuddalore","1089.98","73.11","71.27","194.87","15.56","4.77","47.53","133.2","529.98","733.61","138.42"
"84","2019","11","Tamil Nadu","South Arcot / Cuddalore","759.25","16.26","35.23","194.91","10.91","2.45","40.38","87.66","402.22","568.74","141.4"
"84","2020","11","Tamil Nadu","South Arcot / Cuddalore","759.25","16.26","35.23","195.06","10.91","2.45","41.09","82.18","407.0","566.87","139.28"
"85","2000","11","Tamil Nadu","North Arcot / Vellore","1223.23","314.55","47.09","175.23","19.1","7.65","105.63","114.49","427.53","524.25","122.62"
"85","2001","11","Tamil Nadu","North Arcot / Vellore","1223.23","314.55","47.09","177.06","20.0","7.61","100.61","89.68","454.94","587.63","129.17"
"85","2002","11","Tamil Nadu","North Arcot / Vellore","1223.23","314.55","48.23","177.42","21.86","7.59","107.4","224.38","310.59","370.4","119.26"
"85","2003","11","Tamil Nadu","North Arcot / Vellore","1223.23","314.55","47.23","185.91","21.77","7.85","93.6","142.3","398.46","481.81","120.92"
"85","2004","11","Tamil Nadu","North Arcot / Vellore","1223.23","314.55","47.23","186.11","21.97","7.85","98.55","126.59","408.82","496.53","121.45"
"85","2005","11","Tamil Nadu","North Arcot / Vellore","1223.23","304.04","45.44","176.34","20.47","6.91","88.35","123.72","452.29","542.91","120.04"
"85","2006","11","Tamil Nadu","North Arcot / Vellore","1223.23","304.04","45.42","177.0","20.9","6.91","94.46","151.71","417.14","483.63","115.94"
"85","2007","11","Tamil Nadu","North Arcot / Vellore","1223.23","304.04","42.09","179.31","19.15","6.91","97.51","147.22","421.75","497.26","117.9"
"85","2008","11","Tamil Nadu","North Arcot / Vellore","1223.23","304.04","42.09","62.1","17.96","6.91","96.8","160.08","410.65","479.64","116.8"
"85","2009","11","Tamil Nadu","North Arcot / Vellore","1223.23","315.16","41.08","176.21","14.98","6.98","98.68","190.81","374.4","428.14","114.35"
"85","2010","11","Tamil Nadu","North Arcot / Vellore","1223.23","315.1","41.08","176.36","14.55","6.97","96.31","181.67","386.29","451.59","116.9"
"85","2011","11","Tamil Nadu","North Arcot / Vellore","1223.23","315.1","41.08","176.42","14.46","6.97","100.51","191.95","371.83","443.2","119.19"
"85","2012","11","Tamil Nadu","North Arcot / Vellore","1223.23","315.1","41.04","176.5","14.18","6.97","102.68","208.29","353.45","424.54","120.11"
"85","2013","11","Tamil Nadu","North Arcot / Vellore","1223.23","315.1","41.04","177.18","14.15","6.97","102.04","212.24","349.47","427.38","122.29"
"85","2014","11","Tamil Nadu","North Arcot / Vellore","1223.23","315.1","41.04","177.19","14.06","6.97","100.15","206.59","357.09","457.67","128.17"
"85","2015","11","Tamil Nadu","North Arcot / Vellore","1223.23","315.1","41.04","177.21","14.0","6.85","99.62","188.08","376.35","490.24","130.26"
"85","2016","11","Tamil Nadu","North Arcot / Vellore","1223.23","315.1","41.03","177.24","14.02","6.85","108.23","222.97","332.71","405.87","121.99"
"85","2017","11","Tamil Nadu","North Arcot / Vellore","1223.22","315.1","41.03","177.24","14.02","6.85","110.1","192.58","361.19","501.11","138.74"
"85","2018","11","Tamil Nadu","North Arcot / Vellore","1223.22","315.1","41.03","176.5","14.02","6.85","113.92","212.02","337.93","455.13","134.68"
"85","2019","11","Tamil Nadu","North Arcot / Vellore","854.47","242.76","30.77","177.18","9.68","3.58","37.12","129.29","276.51","408.76","147.83"
"85","2020","11","Tamil Nadu","North Arcot / Vellore","854.47","242.76","30.77","177.19","9.68","3.58","37.36","119.54","286.01","441.43","154.34"
"86","2000","11","Tamil Nadu","Salem","1819.97","534.82","109.19","132.76","24.03","25.55","32.77","79.4","859.93","1153.27","134.11"
"86","2001","11","Tamil Nadu","Salem","1819.97","534.82","109.19","133.5","25.02","25.6","36.14","103.37","830.33","1125.39","135.54"
"86","2002","11","Tamil Nadu","Salem","1819.97","534.82","109.18","134.84","24.62","25.52","38.09","210.55","718.16","876.28","122.02"
"86","2003","11","Tamil Nadu","Salem","1820.98","536.18","110.17","183.69","24.07","25.26","109.03","137.85","678.13","778.67","114.83"
"86","2004","11","Tamil Nadu","Salem","1820.98","536.18","110.17","186.43","23.45","25.26","81.66","117.66","719.63","831.29","115.52"
"86","2005","11","Tamil Nadu","Salem","1820.98","536.18","110.17","190.36","21.66","25.26","46.85","130.81","739.16","858.09","116.09"
"86","2006","11","Tamil Nadu","Salem","1820.98","536.18","108.45","190.94","20.48","25.23","45.07","154.4","720.62","809.16","112.29"
"86","2007","11","Tamil Nadu","Salem","1820.98","536.18","103.58","191.07","17.76","25.23","47.47","179.61","700.46","770.0","109.93"
"86","2008","11","Tamil Nadu","Salem","1820.98","536.18","103.54","108.82","17.71","25.23","42.0","187.65","697.96","797.37","114.24"
"86","2009","11","Tamil Nadu","Salem","1821.36","538.87","103.19","193.25","17.46","25.07","39.12","203.47","682.39","782.32","114.64"
"86","2010","11","Tamil Nadu","Salem","1821.36","537.73","103.17","193.27","17.94","24.92","47.32","165.92","712.87","883.51","123.94"
"86","2011","11","Tamil Nadu","Salem","1821.36","537.73","102.48","193.85","17.06","24.92","42.95","129.9","754.19","964.07","127.83"
"86","2012","11","Tamil Nadu","Salem","1821.36","537.73","102.48","194.25","17.05","24.92","48.7","192.26","685.96","860.12","125.39"
"86","2013","11","Tamil Nadu","Salem","1821.36","537.73","102.48","195.18","16.98","24.92","45.66","165.21","715.2","1025.42","143.38"
"86","2014","11","Tamil Nadu","Salem","1821.36","537.73","102.48","196.19","17.32","24.93","47.51","168.01","709.29","965.26","136.09"
"86","2015","11","Tamil Nadu","Salem","1821.36","537.73","102.48","196.66","18.2","24.93","52.38","169.8","701.26","954.53","136.12"
"86","2016","11","Tamil Nadu","Salem","1821.36","537.73","102.48","196.69","18.06","24.94","57.42","243.07","623.06","735.66","118.07"
"86","2017","11","Tamil Nadu","Salem","1821.35","537.73","102.48","197.02","18.04","24.93","62.08","199.69","661.55","895.95","135.43"
"86","2018","11","Tamil Nadu","Salem","1821.35","537.73","102.48","194.44","18.0","24.93","75.43","184.56","663.62","895.83","134.99"
"86","2019","11","Tamil Nadu","Salem","1821.35","537.73","102.48","195.34","17.93","24.93","75.49","164.39","683.03","967.76","141.69"
"86","2020","11","Tamil Nadu","Salem","1821.35","537.73","102.48","196.53","17.86","24.93","73.27","157.09","692.24","1018.22","147.09"
"87","2000","11","Tamil Nadu","Coimbatore","1212.91","182.13","19.63","219.68","13.62","5.77","96.42","164.42","475.01","496.8","104.59"
"87","2001","11","Tamil Nadu","Coimbatore","1212.91","182.33","19.54","220.61","13.96","5.77","103.19","174.06","455.26","475.73","104.5"
"87","2002","11","Tamil Nadu","Coimbatore","1212.91","182.21","19.55","224.65","14.09","5.76","118.6","176.45","432.07","442.39","102.39"
"87","2003","11","Tamil Nadu","Coimbatore","1212.91","182.16","19.52","230.67","13.84","5.77","218.08","49.83","454.44","468.9","103.18"
"87","2004","11","Tamil Nadu","Coimbatore","1212.91","182.22","19.5","231.62","12.73","5.77","211.83","30.54","482.63","511.45","105.97"
"87","2005","11","Tamil Nadu","Coimbatore","1212.91","181.84","16.82","234.83","23.89","4.72","150.02","91.12","474.69","497.09","104.72"
"87","2006","11","Tamil Nadu","Coimbatore","1212.91","181.84","16.84","237.28","23.37","4.71","145.49","98.28","468.66","488.59","104.25"
"87","2007","11","Tamil Nadu","Coimbatore","1212.91","181.84","16.0","239.17","22.76","4.71","142.09","112.41","458.61","473.68","103.29"
"87","2008","11","Tamil Nadu","Coimbatore","1198.43","159.5","15.92","123.36","21.04","5.26","172.24","120.8","433.72","446.36","102.91"
"87","2009","11","Tamil Nadu","Coimbatore","1198.43","159.5","15.92","238.41","20.75","5.26","176.53","122.0","427.9","438.95","102.58"
"87","2010","11","Tamil Nadu","Coimbatore","1198.43","159.5","15.92","238.78","20.68","5.26","195.46","112.42","418.52","428.24","102.32"
"87","2011","11","Tamil Nadu","Coimbatore","1198.43","159.5","15.92","239.24","20.55","5.26","215.03","84.56","427.24","444.16","103.96"
"87","2012","11","Tamil Nadu","Coimbatore","1198.43","159.5","15.92","239.78","20.45","5.26","234.31","109.03","385.06","392.99","102.06"
"87","2013","11","Tamil Nadu","Coimbatore","1198.43","159.5","15.92","240.37","20.38","5.26","240.06","98.01","388.96","400.83","103.05"
"87","2014","11","Tamil Nadu","Coimbatore","1198.43","159.5","15.92","247.87","20.2","3.62","251.9","92.94","382.62","390.12","101.96"
"87","2015","11","Tamil Nadu","Coimbatore","1198.43","159.5","15.94","248.26","20.08","3.61","255.72","88.38","383.07","393.34","102.68"
"87","2016","11","Tamil Nadu","Coimbatore","1198.43","159.5","15.94","248.4","19.78","3.61","259.26","103.17","364.23","371.18","101.91"
"87","2017","11","Tamil Nadu","Coimbatore","1198.43","159.49","15.94","248.48","19.77","3.61","257.11","89.91","380.76","391.81","102.9"
"87","2018","11","Tamil Nadu","Coimbatore","1198.43","159.49","15.94","239.96","19.77","3.61","258.2","98.16","372.46","386.61","103.8"
"87","2019","11","Tamil Nadu","Coimbatore","1198.43","159.49","15.94","240.52","19.47","3.61","251.89","92.75","385.67","399.65","103.63"
"87","2020","11","Tamil Nadu","Coimbatore","1198.43","159.49","15.94","248.09","19.38","3.61","245.33","90.89","394.78","412.02","104.37"
"88","2000","11","Tamil Nadu","Tiruchirapalli / Trichy","1652.75","221.94","33.49","216.46","89.66","16.28","180.32","168.67","703.51","767.04","109.03"
"88","2001","11","Tamil Nadu","Tiruchirapalli / Trichy","1652.75","221.94","33.49","217.81","89.74","16.28","186.41","200.58","652.49","704.88","108.03"
"88","2002","11","Tamil Nadu","Tiruchirapalli / Trichy","1652.75","221.94","33.52","218.81","89.75","16.28","199.43","256.01","582.51","612.88","105.21"
"88","2003","11","Tamil Nadu","Tiruchirapalli / Trichy","1652.75","214.12","32.62","229.54","85.34","12.9","272.02","166.48","604.01","634.86","105.11"
"88","2004","11","Tamil Nadu","Tiruchirapalli / Trichy","1652.75","214.09","32.62","230.13","86.06","12.9","244.04","110.11","686.91","742.8","108.14"
"88","2005","11","Tamil Nadu","Tiruchirapalli / Trichy","1652.75","213.65","31.36","234.93","85.03","11.7","217.92","106.22","717.59","764.31","106.51"
"88","2006","11","Tamil Nadu","Tiruchirapalli / Trichy","1652.75","214.17","31.42","235.62","85.04","11.71","219.34","132.06","689.22","721.12","104.63"
"88","2007","11","Tamil Nadu","Tiruchirapalli / Trichy","1652.75","214.2","30.3","236.31","83.81","11.71","225.94","137.37","677.55","722.22","106.59"
"88","2008","11","Tamil Nadu","Tiruchirapalli / Trichy","1664.28","231.06","31.88","132.32","85.87","13.01","208.51","139.85","686.99","740.83","107.84"
"88","2009","11","Tamil Nadu","Tiruchirapalli / Trichy","1664.84","231.06","31.85","242.47","85.81","13.01","212.57","157.84","661.62","705.43","106.62"
"88","2010","11","Tamil Nadu","Tiruchirapalli / Trichy","1664.87","231.06","31.86","242.71","85.05","13.01","231.55","141.8","660.89","704.38","106.58"
"88","2011","11","Tamil Nadu","Tiruchirapalli / Trichy","1664.87","231.06","31.86","242.91","84.83","13.01","237.44","134.41","658.34","699.68","106.28"
"88","2012","11","Tamil Nadu","Tiruchirapalli / Trichy","1664.87","231.06","31.86","242.97","85.04","13.01","257.41","199.05","572.99","593.31","103.55"
"88","2013","11","Tamil Nadu","Tiruchirapalli / Trichy","1664.87","231.06","31.83","243.19","86.59","13.01","248.08","168.86","611.02","652.98","106.87"
"88","2014","11","Tamil Nadu","Tiruchirapalli / Trichy","1664.87","231.06","31.83","243.37","86.59","13.02","256.72","131.09","640.06","696.94","108.89"
"88","2015","11","Tamil Nadu","Tiruchirapalli / Trichy","1664.87","231.06","31.83","243.5","86.6","13.02","261.13","136.69","629.65","693.11","110.08"
"88","2016","11","Tamil Nadu","Tiruchirapalli / Trichy","1664.87","231.06","31.83","243.66","87.33","13.02","318.14","210.3","499.09","524.59","105.11"
"88","2017","11","Tamil Nadu","Tiruchirapalli / Trichy","1664.87","231.06","31.82","243.74","87.17","13.01","339.97","113.94","577.06","617.58","107.02"
"88","2018","11","Tamil Nadu","Tiruchirapalli / Trichy","1664.87","231.06","31.82","243.37","87.11","13.01","331.3","133.01","566.96","612.1","107.96"
"88","2019","11","Tamil Nadu","Tiruchirapalli / Trichy","1664.87","231.06","31.82","243.53","86.99","13.01","329.32","114.63","588.04","636.92","108.31"
"88","2020","11","Tamil Nadu","Tiruchirapalli / Trichy","1664.87","231.06","31.82","243.7","87.02","13.0","327.32","109.28","595.78","650.42","109.17"
"89","2000","11","Tamil Nadu","Thanjavur","1081.97","83.55","37.83","186.14","21.59","3.41","65.2","62.27","601.33","895.91","148.99"
"89","2001","11","Tamil Nadu","Thanjavur","1081.97","83.55","37.83","186.7","22.31","3.41","66.6","69.24","591.5","883.56","149.38"
"89","2002","11","Tamil Nadu","Thanjavur","1081.97","83.55","37.83","187.44","22.24","3.38","83.43","130.19","512.77","646.82","126.14"
"89","2003","11","Tamil Nadu","Thanjavur","1081.97","83.55","37.83","188.69","22.45","3.38","144.67","89.69","490.39","632.99","129.08"
"89","2004","11","Tamil Nadu","Thanjavur","1081.97","83.55","37.83","190.51","21.92","3.11","101.12","49.24","574.75","824.72","143.49"
"89","2005","11","Tamil Nadu","Thanjavur","1081.97","83.51","37.78","192.07","20.46","3.02","89.21","46.72","589.95","823.15","139.53"
"89","2006","11","Tamil Nadu","Thanjavur","1081.97","83.51","37.78","192.33","19.4","3.05","87.22","42.31","596.87","895.09","149.97"
"89","2007","11","Tamil Nadu","Thanjavur","1081.97","83.51","37.76","192.35","19.13","2.88","80.48","56.37","592.95","924.07","155.84"
"89","2008","11","Tamil Nadu","Thanjavur","1086.92","90.98","38.1","107.59","17.31","2.91","64.97","51.36","613.6","943.31","153.73"
"89","2009","11","Tamil Nadu","Thanjavur","1087.19","90.98","38.09","194.21","17.27","2.91","62.47","64.83","602.73","885.56","146.93"
"89","2010","11","Tamil Nadu","Thanjavur","1087.2","90.98","38.09","194.33","17.03","2.91","66.65","63.2","600.39","899.46","149.81"
"89","2011","11","Tamil Nadu","Thanjavur","1087.2","90.98","38.09","194.44","16.57","2.91","69.31","63.77","597.33","940.39","157.43"
"89","2012","11","Tamil Nadu","Thanjavur","1087.2","90.98","38.09","194.46","16.45","2.91","77.34","86.08","566.31","733.75","129.57"
"89","2013","11","Tamil Nadu","Thanjavur","1087.2","90.98","38.09","194.77","16.53","2.91","80.11","74.76","574.7","925.33","161.01"
"89","2014","11","Tamil Nadu","Thanjavur","1087.2","90.98","38.09","194.87","16.53","2.91","85.72","57.74","585.64","960.91","164.08"
"89","2015","11","Tamil Nadu","Thanjavur","1087.2","90.98","38.09","194.92","16.5","2.89","84.87","70.33","573.64","961.78","167.66"
"89","2016","11","Tamil Nadu","Thanjavur","1087.2","90.98","38.09","194.97","16.91","2.89","113.31","76.34","538.99","836.7","155.23"
"89","2017","11","Tamil Nadu","Thanjavur","1087.2","90.99","38.09","194.98","16.89","2.87","126.56","44.63","557.54","899.25","161.29"
"89","2018","11","Tamil Nadu","Thanjavur","1087.2","90.99","38.09","194.69","16.88","2.87","121.27","42.62","564.89","919.87","162.84"
"89","2019","11","Tamil Nadu","Thanjavur","1087.2","90.99","38.09","194.87","16.87","2.87","114.54","42.12","572.13","908.17","158.74"
"89","2020","11","Tamil Nadu","Thanjavur","969.84","89.88","37.34","194.95","16.32","2.45","99.1","36.06","505.24","777.31","153.85"
"90","2000","11","Tamil Nadu","Madurai","1289.75","293.09","62.78","152.52","17.89","7.49","116.56","134.08","496.65","531.82","107.08"
"90","2001","11","Tamil Nadu","Madurai","1289.75","293.09","60.18","156.33","18.95","7.49","218.89","58.6","466.18","497.66","106.75"
"90","2002","11","Tamil Nadu","Madurai","1289.75","293.09","59.88","157.59","18.46","7.49","227.23","59.97","455.45","472.36","103.71"
"90","2003","11","Tamil Nadu","Madurai","1325.06","291.11","92.73","158.41","18.5","7.49","247.85","43.51","452.8","465.51","102.81"
"90","2004","11","Tamil Nadu","Madurai","1325.06","291.11","92.73","158.62","18.57","7.49","221.08","15.71","506.56","532.73","105.17"
"90","2005","11","Tamil Nadu","Madurai","1325.06","291.11","92.68","163.59","20.04","7.49","193.78","24.43","518.19","542.64","104.72"
"90","2006","11","Tamil Nadu","Madurai","1325.06","291.11","92.68","164.95","19.78","7.5","202.42","36.37","496.23","519.34","104.66"
"90","2007","11","Tamil Nadu","Madurai","1325.06","291.11","92.69","165.39","15.23","7.5","196.93","53.72","490.46","516.09","105.23"
"90","2008","11","Tamil Nadu","Madurai","1325.06","291.11","92.56","94.83","14.82","7.5","201.32","56.05","484.23","511.53","105.64"
"90","2009","11","Tamil Nadu","Madurai","1325.06","291.11","92.56","166.14","14.82","7.5","219.98","62.12","458.96","473.88","103.25"
"90","2010","11","Tamil Nadu","Madurai","1325.06","291.11","92.56","166.14","23.15","7.5","209.51","42.63","480.04","497.54","103.65"
"90","2011","11","Tamil Nadu","Madurai","1325.06","291.11","92.56","166.22","23.33","7.5","205.26","34.76","492.48","521.3","105.85"
"90","2012","11","Tamil Nadu","Madurai","1325.06","291.11","92.56","167.33","23.1","7.5","215.68","112.5","403.38","415.2","102.93"
"90","2013","11","Tamil Nadu","Madurai","1325.06","291.11","92.56","167.35","22.99","7.5","243.95","68.81","418.99","436.16","104.1"
"90","2014","11","Tamil Nadu","Madurai","1325.06","291.11","92.56","167.38","22.92","7.5","228.06","37.22","466.54","495.05","106.11"
"90","2015","11","Tamil Nadu","Madurai","1325.06","322.2","61.47","167.41","22.7","7.5","225.93","41.35","464.56","499.67","107.56"
"90","2016","11","Tamil Nadu","Madurai","1325.06","322.2","61.46","167.45","22.7","7.49","235.04","96.35","400.45","411.18","102.68"
"90","2017","11","Tamil Nadu","Madurai","1325.07","322.21","61.5","167.45","22.28","7.49","253.87","47.56","431.08","440.99","102.3"
"90","2018","11","Tamil Nadu","Madurai","1325.07","322.21","61.47","167.34","22.47","7.49","251.26","40.45","440.43","462.67","105.05"
"90","2019","11","Tamil Nadu","Madurai","1325.07","322.21","61.47","167.34","22.4","7.49","249.48","38.86","443.77","457.98","103.2"
"90","2020","11","Tamil Nadu","Madurai","1325.07","322.21","61.47","167.38","25.11","7.49","244.35","35.72","449.92","467.09","103.82"
"91","2000","11","Tamil Nadu","Ramananthapuram","1252.18","52.98","13.64","267.08","30.33","2.32","259.31","141.87","435.59","439.16","100.82"
"91","2001","11","Tamil Nadu","Ramananthapuram","1252.18","52.98","13.64","267.81","30.86","2.32","295.11","105.27","432.01","437.07","101.17"
"91","2002","11","Tamil Nadu","Ramananthapuram","1252.18","52.98","13.64","268.17","32.69","2.32","297.24","100.57","431.9","435.19","100.76"
"91","2003","11","Tamil Nadu","Ramananthapuram","1252.18","52.84","13.87","271.48","32.29","2.32","329.11","57.3","438.54","444.25","101.3"
"91","2004","11","Tamil Nadu","Ramananthapuram","1252.18","52.84","13.87","272.06","32.29","2.32","332.16","35.08","455.27","461.71","101.41"
"91","2005","11","Tamil Nadu","Ramananthapuram","1252.18","52.84","13.87","272.34","32.29","2.32","334.97","38.18","448.89","454.96","101.35"
"91","2006","11","Tamil Nadu","Ramananthapuram","1252.18","47.72","13.83","276.72","28.24","2.32","335.95","55.35","440.47","445.29","101.09"
"91","2007","11","Tamil Nadu","Ramananthapuram","1252.18","47.4","13.83","279.21","34.84","2.32","333.3","61.01","429.26","434.0","101.1"
"91","2008","11","Tamil Nadu","Ramananthapuram","1252.18","47.49","13.83","90.9","32.63","2.32","332.8","58.05","434.67","441.37","101.54"
"91","2009","11","Tamil Nadu","Ramananthapuram","1252.18","47.49","13.78","279.49","32.03","2.32","341.81","67.92","420.49","423.69","100.76"
"91","2010","11","Tamil Nadu","Ramananthapuram","1252.18","47.49","13.78","279.57","31.91","2.32","340.11","60.72","427.36","430.74","100.79"
"91","2011","11","Tamil Nadu","Ramananthapuram","1252.18","47.49","13.78","279.85","31.82","2.32","326.18","73.36","429.34","434.89","101.29"
"91","2012","11","Tamil Nadu","Ramananthapuram","1252.18","47.49","13.78","279.9","31.76","2.32","340.62","99.92","388.46","392.37","101.01"
"91","2013","11","Tamil Nadu","Ramananthapuram","1252.18","47.49","13.76","280.14","31.53","2.32","337.04","77.36","417.99","420.95","100.71"
"91","2014","11","Tamil Nadu","Ramananthapuram","1252.18","47.49","13.76","280.15","31.39","2.32","344.81","70.73","418.58","422.46","100.93"
"91","2015","11","Tamil Nadu","Ramananthapuram","1252.18","47.49","13.74","280.15","31.35","2.32","346.53","91.77","397.04","404.6","101.9"
"91","2016","11","Tamil Nadu","Ramananthapuram","1252.18","47.49","13.76","280.16","31.22","2.32","351.13","99.07","387.21","389.51","100.59"
"91","2017","11","Tamil Nadu","Ramananthapuram","1252.18","47.49","13.68","279.76","30.76","2.33","360.9","73.02","404.5","406.49","100.49"
"91","2018","11","Tamil Nadu","Ramananthapuram","1252.18","47.49","13.68","279.89","30.74","2.33","360.55","76.66","400.3","404.55","101.06"
"91","2019","11","Tamil Nadu","Ramananthapuram","1252.18","47.49","13.68","280.13","30.54","2.33","359.44","63.76","414.53","420.55","101.45"
"91","2020","11","Tamil Nadu","Ramananthapuram","1252.18","47.49","13.68","280.14","30.38","2.33","352.12","80.97","432.4","443.79","102.63"
"92","2000","11","Tamil Nadu","Thirunelveli","1141.36","133.07","46.95","173.61","91.78","14.94","217.55","107.37","303.14","342.18","112.88"
"92","2001","11","Tamil Nadu","Thirunelveli","1141.36","131.75","50.72","172.83","123.19","10.4","241.87","71.44","288.82","321.71","111.39"
"92","2002","11","Tamil Nadu","Thirunelveli","1141.36","131.75","50.72","172.93","123.14","10.4","240.42","66.23","294.1","318.39","108.26"
"92","2003","11","Tamil Nadu","Thirunelveli","1141.36","131.81","50.72","175.81","115.69","10.4","261.72","49.24","294.18","314.13","106.78"
"92","2004","11","Tamil Nadu","Thirunelveli","1141.36","131.81","50.72","176.16","115.26","10.4","227.03","26.98","345.71","379.62","109.81"
"92","2005","11","Tamil Nadu","Thirunelveli","1141.36","131.81","50.72","178.16","105.58","10.4","238.24","38.74","338.44","379.65","112.18"
"92","2006","11","Tamil Nadu","Thirunelveli","1141.36","131.81","50.72","180.07","98.25","10.48","235.16","40.26","344.8","385.1","111.69"
"92","2007","11","Tamil Nadu","Thirunelveli","1141.36","131.81","50.72","180.44","95.47","10.48","242.69","40.67","339.8","373.48","109.91"
"92","2008","11","Tamil Nadu","Thirunelveli","1141.36","131.81","50.72","82.13","89.62","10.48","243.13","46.37","339.31","378.64","111.59"
"92","2009","11","Tamil Nadu","Thirunelveli","1146.57","138.77","50.61","180.3","86.98","10.48","250.09","47.95","334.04","366.47","109.71"
"92","2010","11","Tamil Nadu","Thirunelveli","1146.57","138.77","49.56","179.6","84.48","10.29","254.16","53.31","329.77","361.94","109.76"
"92","2011","11","Tamil Nadu","Thirunelveli","1146.57","138.77","49.56","179.62","84.17","10.29","252.83","50.53","334.28","364.0","108.89"
"92","2012","11","Tamil Nadu","Thirunelveli","1146.57","138.77","49.56","179.62","83.68","10.29","259.92","74.58","304.54","314.63","103.31"
"92","2013","11","Tamil Nadu","Thirunelveli","1146.57","138.77","49.56","179.63","83.37","10.29","265.69","51.44","321.82","353.49","109.84"
"92","2014","11","Tamil Nadu","Thirunelveli","1146.57","138.77","49.91","179.65","80.51","10.29","249.38","29.51","363.45","394.75","108.61"
"92","2015","11","Tamil Nadu","Thirunelveli","1146.57","138.77","49.91","179.65","79.0","10.29","236.87","22.96","383.94","420.6","109.55"
"92","2016","11","Tamil Nadu","Thirunelveli","1146.57","138.77","49.91","179.66","77.03","10.29","233.21","78.47","334.56","341.45","102.06"
"92","2017","11","Tamil Nadu","Thirunelveli","1146.57","138.77","49.88","179.69","75.28","10.28","243.03","43.09","362.33","370.4","102.23"
"92","2018","11","Tamil Nadu","Thirunelveli","1146.57","138.77","49.88","179.61","74.57","10.28","235.38","39.28","375.63","406.78","108.29"
"92","2019","11","Tamil Nadu","Thirunelveli","858.33","94.77","43.47","179.63","64.79","9.21","174.9","14.77","277.52","286.2","103.13"
"92","2020","11","Tamil Nadu","Thirunelveli","858.33","94.77","43.47","179.65","64.28","9.19","167.78","14.96","286.04","298.33","104.3"
"93","2000","11","Tamil Nadu","The Nilgiris","254.49","143.35","2.92","9.09","2.86","5.0","5.19","5.66","77.1","77.1","100.0"
"93","2001","11","Tamil Nadu","The Nilgiris","254.49","142.58","3.37","9.72","2.75","5.13","4.36","4.36","78.78","78.85","100.09"
"93","2002","11","Tamil Nadu","The Nilgiris","254.49","142.58","3.37","9.73","2.52","5.13","3.99","4.9","78.8","78.85","100.06"
"93","2003","11","Tamil Nadu","The Nilgiris","254.49","142.58","3.38","9.99","2.05","4.74","3.31","6.51","78.27","78.41","100.18"
"93","2004","11","Tamil Nadu","The Nilgiris","254.49","142.58","3.38","9.98","2.07","5.08","3.17","5.25","79.51","79.64","100.16"
"93","2005","11","Tamil Nadu","The Nilgiris","254.49","142.58","3.38","9.98","2.02","5.08","1.86","5.07","81.0","81.08","100.1"
"93","2006","11","Tamil Nadu","The Nilgiris","254.49","142.58","3.38","9.98","2.02","5.08","1.87","6.82","79.22","79.26","100.05"
"93","2007","11","Tamil Nadu","The Nilgiris","254.49","142.58","3.38","9.98","2.02","5.08","1.87","8.24","77.57","77.57","100.0"
"93","2008","11","Tamil Nadu","The Nilgiris","254.49","142.58","3.38","7.83","2.02","5.08","1.86","8.3","77.52","77.52","100.0"
"93","2009","11","Tamil Nadu","The Nilgiris","254.49","142.58","3.38","9.98","2.01","5.08","1.57","9.15","76.99","76.99","100.0"
"93","2010","11","Tamil Nadu","The Nilgiris","254.49","142.58","3.38","9.98","1.72","5.08","1.9","9.84","76.17","76.17","100.0"
"93","2011","11","Tamil Nadu","The Nilgiris","254.49","142.58","3.38","9.98","1.72","5.08","3.06","9.14","75.74","75.74","100.0"
"93","2012","11","Tamil Nadu","The Nilgiris","254.49","142.58","3.38","9.98","1.72","5.08","10.2","2.87","74.87","74.87","100.0"
"93","2013","11","Tamil Nadu","The Nilgiris","254.49","142.58","3.38","9.98","1.56","5.08","9.48","3.69","74.93","74.93","100.0"
"93","2014","11","Tamil Nadu","The Nilgiris","254.49","142.58","3.38","9.98","1.42","5.08","8.34","5.43","74.47","74.47","100.0"
"93","2015","11","Tamil Nadu","The Nilgiris","254.49","142.58","3.38","9.98","1.44","5.08","8.14","4.79","75.33","75.5","100.23"
"93","2016","11","Tamil Nadu","The Nilgiris","254.49","142.58","3.4","9.98","1.44","5.08","8.19","4.79","75.27","75.31","100.05"
"93","2017","11","Tamil Nadu","The Nilgiris","254.49","142.58","3.4","9.98","1.44","5.08","9.5","4.85","73.35","73.41","100.07"
"93","2018","11","Tamil Nadu","The Nilgiris","254.49","142.58","3.4","9.98","5.64","5.08","8.82","1.81","72.5","72.5","100.01"
"93","2019","11","Tamil Nadu","The Nilgiris","254.49","142.58","3.4","9.98","5.64","5.08","8.53","2.61","71.98","72.24","100.35"
"93","2020","11","Tamil Nadu","The Nilgiris","254.49","142.58","3.4","9.98","5.64","5.08","7.89","2.35","72.89","75.61","103.74"
"94","2000","11","Tamil Nadu","Kanyakumari","167.18","54.16","3.34","25.16","0.12","0.08","1.48","1.57","80.82","98.45","121.81"
"94","2001","11","Tamil Nadu","Kanyakumari","167.18","54.16","3.34","25.31","0.0","0.07","1.43","1.5","80.94","98.32","121.47"
"94","2002","11","Tamil Nadu","Kanyakumari","167.18","54.16","3.34","25.44","0.0","0.07","1.63","2.23","79.71","94.37","118.39"
"94","2003","11","Tamil Nadu","Kanyakumari","167.2","54.16","3.34","26.29","0.0","0.0","1.27","2.71","78.83","87.8","111.38"
"94","2004","11","Tamil Nadu","Kanyakumari","167.2","54.16","3.34","26.34","0.0","0.0","1.83","2.46","78.54","91.51","116.51"
"94","2005","11","Tamil Nadu","Kanyakumari","167.2","54.16","3.15","26.89","0.0","0.13","1.54","1.43","79.32","91.81","115.75"
"94","2006","11","Tamil Nadu","Kanyakumari","167.2","54.16","4.01","28.18","0.0","0.1","0.0","0.0","80.22","92.55","115.37"
"94","2007","11","Tamil Nadu","Kanyakumari","167.2","54.16","4.01","28.26","0.0","0.1","0.0","0.0","79.97","91.0","113.79"
"94","2008","11","Tamil Nadu","Kanyakumari","167.2","54.16","4.0","17.96","0.0","0.1","0.0","1.41","78.5","88.79","113.11"
"94","2009","11","Tamil Nadu","Kanyakumari","167.2","54.16","4.0","28.4","0.12","0.1","0.46","0.19","79.05","88.47","111.92"
"94","2010","11","Tamil Nadu","Kanyakumari","167.2","54.16","4.0","28.41","0.1","0.1","0.48","0.43","78.79","87.69","111.3"
"94","2011","11","Tamil Nadu","Kanyakumari","167.2","54.16","4.0","28.49","0.08","0.1","0.58","0.64","78.52","87.68","111.67"
"94","2012","11","Tamil Nadu","Kanyakumari","167.2","54.16","4.0","28.93","0.14","0.1","0.53","2.67","76.08","82.44","108.36"
"94","2013","11","Tamil Nadu","Kanyakumari","167.2","54.16","4.0","29.02","0.17","0.1","0.77","1.47","76.92","84.66","110.06"
"94","2014","11","Tamil Nadu","Kanyakumari","167.2","54.16","4.0","29.18","0.18","0.1","1.29","1.77","75.89","83.56","110.11"
"94","2015","11","Tamil Nadu","Kanyakumari","167.2","54.16","4.0","29.42","0.22","0.1","2.14","1.17","75.42","82.65","109.59"
"94","2016","11","Tamil Nadu","Kanyakumari","167.2","54.16","4.0","29.45","0.26","0.1","2.5","1.5","74.71","80.99","108.41"
"94","2017","11","Tamil Nadu","Kanyakumari","167.2","54.16","4.0","29.47","0.26","0.1","3.25","2.24","73.24","77.31","105.56"
"94","2018","11","Tamil Nadu","Kanyakumari","167.2","54.16","4.0","28.93","0.26","0.1","3.73","1.9","73.08","79.04","108.16"
"94","2019","11","Tamil Nadu","Kanyakumari","167.2","54.16","4.0","29.02","0.26","0.1","4.29","1.68","72.67","78.43","107.92"
"94","2020","11","Tamil Nadu","Kanyakumari","167.2","54.16","4.0","29.18","1.7","0.1","2.32","1.27","73.48","79.8","108.6"
"96","2000","7","Maharashtra","Thane","932.7","435.4","55.6","73.6","33.2","53.0","18.0","8.4","243.6","259.6","106.57"
"96","2001","7","Maharashtra","Thane","932.7","395.4","55.6","93.6","33.2","53.0","18.0","8.4","243.6","259.6","106.57"
"96","2002","7","Maharashtra","Thane","932.7","395.4","55.6","93.6","33.2","53.0","18.0","8.4","243.6","259.5","106.53"
"96","2003","7","Maharashtra","Thane","932.7","395.4","55.6","93.6","33.2","53.0","18.0","8.4","243.6","249.6","102.46"
"96","2004","7","Maharashtra","Thane","932.7","395.4","55.6","93.6","33.2","53.0","18.0","8.4","243.6","249.6","102.46"
"96","2005","7","Maharashtra","Thane","932.7","395.4","55.6","93.6","33.2","53.0","18.0","8.4","206.6","243.6","117.91"
"96","2006","7","Maharashtra","Thane","932.7","395.4","55.6","93.6","33.2","53.0","18.0","8.4","243.6","249.1","102.26"
"96","2007","7","Maharashtra","Thane","932.7","395.4","55.6","93.6","33.2","53.0","18.0","8.4","243.6","249.1","102.26"
"96","2008","7","Maharashtra","Thane","932.7","395.4","55.6","93.6","33.2","53.0","18.0","8.4","243.6","249.1","102.26"
"96","2009","7","Maharashtra","Thane","932.7","395.4","55.6","93.6","33.2","53.0","18.0","8.4","243.6","249.1","102.26"
"96","2010","7","Maharashtra","Thane","932.7","395.4","55.6","93.6","33.2","53.0","18.0","8.4","243.6","299.5","122.95"
"96","2011","7","Maharashtra","Thane","932.7","395.4","55.6","93.6","33.2","53.0","18.0","8.4","243.6","322.9","132.55"
"96","2012","7","Maharashtra","Thane","932.7","395.4","55.6","93.6","33.2","53.0","18.0","8.4","243.6","249.1","102.26"
"96","2013","7","Maharashtra","Thane","932.7","395.4","55.6","93.6","33.2","53.0","18.0","8.4","243.6","249.1","102.26"
"96","2014","7","Maharashtra","Thane","932.6","395.2","56.6","93.5","33.9","59.6","18.0","8.4","235.5","241.0","102.34"
"96","2015","7","Maharashtra","Thane","932.7","395.2","56.6","93.5","33.9","59.6","18.0","8.4","235.5","241.0","102.34"
"96","2016","7","Maharashtra","Thane","932.7","395.2","56.6","93.5","33.9","59.6","18.0","-1.0","244.9","250.4","102.25"
"96","2017","7","Maharashtra","Thane","932.7","395.2","56.6","93.5","33.9","59.6","18.0","8.4","245.0","250.5","102.24"
"96","2018","7","Maharashtra","Thane","-1.0","-1.0","-1.0","-1.0","-1.0","-1.0","-1.0","-1.0","-1.0","-1.0","-1.0"
"96","2019","7","Maharashtra","Thane","-1.0","-1.0","-1.0","-1.0","-1.0","-1.0","-1.0","-1.0","-1.0","-1.0","-1.0"
"96","2020","7","Maharashtra","Thane","-1.0","-1.0","-1.0","-1.0","-1.0","-1.0","-1.0","-1.0","-1.0","-1.0","-1.0"
"97","2000","7","Maharashtra","Raigarh","686.9","150.0","128.4","59.0","38.0","40.1","45.9","14.4","188.5","215.5","114.32"
"97","2001","7","Maharashtra","Raigarh","686.9","150.0","128.4","59.0","38.0","40.1","45.9","14.4","188.5","215.5","114.32"
"97","2002","7","Maharashtra","Raigarh","686.9","150.0","128.4","59.0","38.0","40.1","45.9","14.4","188.5","215.5","114.32"
"97","2003","7","Maharashtra","Raigarh","686.9","150.0","128.4","59.0","38.0","40.1","45.9","14.4","188.5","215.5","114.32"
"97","2004","7","Maharashtra","Raigarh","686.9","150.0","128.4","59.0","38.0","40.1","46.0","14.4","188.4","215.4","114.33"
"97","2005","7","Maharashtra","Raigarh","686.9","150.0","128.4","58.9","38.0","40.1","46.0","14.4","185.0","188.5","101.89"
"97","2006","7","Maharashtra","Raigarh","686.9","150.0","128.4","58.9","38.0","40.1","45.9","14.4","188.6","215.6","114.32"
"97","2007","7","Maharashtra","Raigarh","686.9","150.0","128.4","58.9","38.0","40.1","45.9","14.4","188.6","215.6","114.32"
"97","2008","7","Maharashtra","Raigarh","686.9","150.0","128.4","58.9","38.0","40.1","45.9","14.4","188.6","215.6","114.32"
"97","2009","7","Maharashtra","Raigarh","686.9","150.0","128.4","58.9","38.0","40.1","45.9","14.4","188.6","215.6","114.32"
"97","2010","7","Maharashtra","Raigarh","686.9","150.0","128.4","58.9","38.0","40.1","45.9","14.4","188.6","221.8","117.6"
"97","2011","7","Maharashtra","Raigarh","686.9","150.0","128.4","58.9","38.0","40.1","45.9","14.4","188.6","235.8","125.03"
"97","2012","7","Maharashtra","Raigarh","686.9","150.0","128.4","58.9","38.0","40.1","45.9","14.4","188.6","215.6","114.32"
"97","2013","7","Maharashtra","Raigarh","686.9","150.0","128.4","58.9","38.0","40.1","45.9","14.4","188.6","215.6","114.32"
"97","2014","7","Maharashtra","Raigarh","686.8","150.0","128.4","58.9","38.0","40.1","45.9","14.4","188.5","216.0","114.59"
"97","2015","7","Maharashtra","Raigarh","686.9","150.0","128.4","58.9","38.0","40.1","45.9","14.4","188.5","215.5","114.32"
"97","2016","7","Maharashtra","Raigarh","686.8","147.5","133.9","59.0","38.0","40.3","45.9","14.5","185.1","212.1","114.59"
"97","2017","7","Maharashtra","Raigarh","686.8","146.8","130.6","58.8","37.4","40.1","45.9","13.8","190.9","217.4","113.88"
"97","2018","7","Maharashtra","Raigarh","-1.0","-1.0","-1.0","-1.0","-1.0","-1.0","-1.0","-1.0","-1.0","-1.0","-1.0"
"97","2019","7","Maharashtra","Raigarh","-1.0","-1.0","-1.0","-1.0","-1.0","-1.0","-1.0","-1.0","-1.0","-1.0","-1.0"
"97","2020","7","Maharashtra","Raigarh","-1.0","-1.0","-1.0","-1.0","-1.0","-1.0","-1.0","-1.0","-1.0","-1.0","-1.0"
"98","2000","7","Maharashtra","Ratnagiri","1320.4","38.8","333.5","34.2","202.1","15.7","235.6","42.2","385.7","414.6","107.49"
"98","2001","7","Maharashtra","Ratnagiri","1320.4","38.8","333.6","34.2","202.1","15.7","235.6","42.3","385.5","414.6","107.55"
"98","2002","7","Maharashtra","Ratnagiri","1320.4","38.8","333.4","34.2","202.2","15.7","236.0","42.3","385.2","414.3","107.55"
"98","2003","7","Maharashtra","Ratnagiri","1320.4","38.8","333.5","34.2","202.1","15.7","236.1","42.5","384.9","414.1","107.59"
"98","2004","7","Maharashtra","Ratnagiri","1320.4","38.8","333.4","34.5","201.9","15.7","236.0","42.5","385.0","414.1","107.56"
"98","2005","7","Maharashtra","Ratnagiri","1320.4","38.8","333.3","34.7","201.6","15.7","236.6","42.4","337.4","409.0","121.22"
"98","2006","7","Maharashtra","Ratnagiri","1320.4","38.8","333.3","34.7","201.7","15.7","236.7","42.4","384.5","414.6","107.83"
"98","2007","7","Maharashtra","Ratnagiri","1320.4","38.8","333.3","34.7","201.7","15.7","236.7","42.4","384.5","414.6","107.83"
"98","2008","7","Maharashtra","Ratnagiri","1320.4","38.8","333.3","34.7","201.7","15.7","236.6","42.4","384.6","414.7","107.83"
"98","2009","7","Maharashtra","Ratnagiri","1320.4","38.8","333.3","34.8","201.7","15.7","236.8","42.1","384.6","414.8","107.85"
"98","2010","7","Maharashtra","Ratnagiri","1320.4","38.8","333.3","35.0","201.4","15.9","236.6","42.1","384.7","561.5","145.96"
"98","2011","7","Maharashtra","Ratnagiri","1320.4","38.5","333.1","35.0","198.7","15.9","239.7","42.2","384.7","587.5","152.72"
"98","2012","7","Maharashtra","Ratnagiri","1320.4","38.5","326.5","35.0","197.3","15.9","238.3","41.9","394.4","424.6","107.66"
"98","2013","7","Maharashtra","Ratnagiri","1320.4","38.5","326.5","35.0","197.3","15.6","238.3","41.4","395.2","422.6","106.93"
"98","2014","7","Maharashtra","Ratnagiri","1320.4","38.5","327.1","35.1","197.1","15.6","237.6","42.0","394.9","422.0","106.86"
"98","2015","7","Maharashtra","Ratnagiri","1320.4","38.4","326.5","35.1","197.2","15.6","238.8","42.0","394.3","421.7","106.95"
"98","2016","7","Maharashtra","Ratnagiri","1320.4","38.5","326.5","35.1","197.0","15.7","238.8","41.9","395.0","422.4","106.94"
"98","2017","7","Maharashtra","Ratnagiri","1320.4","38.5","327.7","35.0","198.5","15.7","238.8","41.9","392.2","419.6","106.99"
"98","2018","7","Maharashtra","Ratnagiri","-1.0","-1.0","-1.0","-1.0","-1.0","-1.0","-1.0","-1.0","-1.0","-1.0","-1.0"
"98","2019","7","Maharashtra","Ratnagiri","-1.0","-1.0","-1.0","-1.0","-1.0","-1.0","-1.0","-1.0","-1.0","-1.0","-1.0"
"98","2020","7","Maharashtra","Ratnagiri","-1.0","-1.0","-1.0","-1.0","-1.0","-1.0","-1.0","-1.0","-1.0","-1.0","-1.0"
"99","2000","7","Maharashtra","Nasik","1563.4","312.9","178.1","39.7","19.9","23.9","34.2","77.8","875.0","959.0","109.6"
"99","2001","7","Maharashtra","Nasik","1563.4","312.9","176.1","39.7","19.5","23.8","32.5","77.2","879.8","958.1","108.9"
"99","2002","7","Maharashtra","Nasik","1563.4","313.1","175.9","40.0","18.9","23.8","31.4","78.2","880.2","958.5","108.9"
"99","2003","7","Maharashtra","Nasik","1563.4","312.9","177.0","40.6","19.7","24.0","31.6","80.8","874.8","952.2","108.85"
"99","2004","7","Maharashtra","Nasik","1563.4","312.3","177.0","38.9","19.7","24.1","29.3","80.6","879.6","967.6","110.0"
"99","2005","7","Maharashtra","Nasik","1563.4","311.0","171.1","39.3","20.1","24.0","29.4","82.0","792.9","884.6","111.57"
"99","2006","7","Maharashtra","Nasik","1563.4","310.8","171.1","39.7","19.9","23.8","29.6","82.6","884.0","992.4","112.26"
"99","2007","7","Maharashtra","Nasik","1563.4","310.8","172.0","40.7","20.1","22.8","29.0","82.4","883.7","997.7","112.9"
"99","2008","7","Maharashtra","Nasik","1563.4","310.9","171.4","41.6","20.4","22.6","29.3","82.7","882.5","1002.0","113.54"
"99","2009","7","Maharashtra","Nasik","1563.4","310.9","171.2","43.4","20.6","22.6","29.3","83.4","880.0","985.2","111.95"
"99","2010","7","Maharashtra","Nasik","1563.4","310.9","170.8","43.4","20.6","22.7","29.0","82.5","881.5","959.0","108.79"
"99","2011","7","Maharashtra","Nasik","1563.4","310.9","170.2","44.1","20.5","22.6","28.8","81.0","883.3","1248.8","141.38"
"99","2012","7","Maharashtra","Nasik","1563.4","310.9","170.2","44.1","20.5","22.6","28.8","81.0","883.3","993.8","112.51"
"99","2013","7","Maharashtra","Nasik","1563.4","314.0","170.2","44.5","20.3","22.6","28.5","89.9","871.5","984.2","112.93"
"99","2014","7","Maharashtra","Nasik","1563.3","313.8","169.5","44.5","20.4","22.6","28.1","91.7","870.8","988.0","113.46"
"99","2015","7","Maharashtra","Nasik","1563.4","314.8","171.0","42.5","20.1","22.6","29.1","93.9","867.5","994.6","114.65"
"99","2016","7","Maharashtra","Nasik","1563.4","311.4","169.9","42.4","19.3","22.4","29.6","93.5","872.8","1011.0","115.83"
"99","2017","7","Maharashtra","Nasik","1563.4","311.3","170.4","43.2","19.5","22.6","29.0","95.2","870.3","1015.0","116.63"
"99","2018","7","Maharashtra","Nasik","-1.0","-1.0","-1.0","-1.0","-1.0","-1.0","-1.0","-1.0","-1.0","-1.0","-1.0"
"99","2019","7","Maharashtra","Nasik","-1.0","-1.0","-1.0","-1.0","-1.0","-1.0","-1.0","-1.0","-1.0","-1.0","-1.0"
"99","2020","7","Maharashtra","Nasik","-1.0","-1.0","-1.0","-1.0","-1.0","-1.0","-1.0","-1.0","-1.0","-1.0","-1.0"
"100","2000","7","Maharashtra","Dhule","1438.0","549.2","55.1","21.1","4.3","50.2","16.1","6.9","733.3","805.1","109.79"
"100","2001","7","Maharashtra","Dhule","1438.0","549.3","54.7","21.5","4.3","50.2","16.8","7.1","732.8","808.5","110.33"
"100","2002","7","Maharashtra","Dhule","1438.0","549.4","54.7","21.8","4.3","50.2","16.9","7.5","731.3","814.3","111.35"
"100","2003","7","Maharashtra","Dhule","1438.0","549.3","54.6","21.8","4.3","50.2","16.8","7.8","731.3","818.3","111.9"
"100","2004","7","Maharashtra","Dhule","1438.0","547.5","54.7","22.0","4.3","50.2","16.9","8.6","731.9","829.9","113.39"
"100","2005","7","Maharashtra","Dhule","1438.0","547.5","54.7","22.1","4.3","50.2","16.5","8.4","645.0","732.4","113.55"
"100","2006","7","Maharashtra","Dhule","1438.0","547.7","54.6","23.9","4.4","50.3","16.4","8.2","730.6","842.7","115.34"
"100","2007","7","Maharashtra","Dhule","1438.0","547.7","54.6","23.9","4.4","50.2","16.6","8.3","730.4","855.5","117.13"
"100","2008","7","Maharashtra","Dhule","1438.0","547.7","54.6","23.9","4.4","50.1","16.5","8.4","730.5","861.6","117.95"
"100","2009","7","Maharashtra","Dhule","1438.0","547.7","54.6","25.4","4.4","50.1","14.3","9.2","730.4","867.3","118.74"
"100","2010","7","Maharashtra","Dhule","1438.0","547.7","54.6","25.6","4.4","50.1","14.4","9.3","730.0","848.0","116.16"
"100","2011","7","Maharashtra","Dhule","1438.0","547.7","54.6","26.1","4.4","50.1","14.2","9.8","729.2","809.6","111.03"
"100","2012","7","Maharashtra","Dhule","1438.0","547.7","54.6","26.1","4.4","50.1","15.1","10.6","727.5","888.7","122.16"
"100","2013","7","Maharashtra","Dhule","1438.0","547.7","54.6","26.1","4.4","50.1","15.3","10.7","727.2","906.7","124.68"
"100","2014","7","Maharashtra","Dhule","1438.0","547.7","54.1","26.5","4.2","50.0","15.7","10.8","727.1","908.0","124.88"
"100","2015","7","Maharashtra","Dhule","1438.0","545.7","54.1","25.7","4.2","50.0","15.3","13.8","727.0","908.1","124.91"
"100","2016","7","Maharashtra","Dhule","1438.0","553.0","81.4","32.8","4.7","52.7","15.7","13.8","682.2","872.2","127.85"
"100","2017","7","Maharashtra","Dhule","1438.0","569.1","86.3","33.5","4.8","51.5","15.9","14.2","660.8","855.9","129.52"
"100","2018","7","Maharashtra","Dhule","-1.0","-1.0","-1.0","-1.0","-1.0","-1.0","-1.0","-1.0","-1.0","-1.0","-1.0"
"100","2019","7","Maharashtra","Dhule","-1.0","-1.0","-1.0","-1.0","-1.0","-1.0","-1.0","-1.0","-1.0","-1.0","-1.0"
"100","2020","7","Maharashtra","Dhule","-1.0","-1.0","-1.0","-1.0","-1.0","-1.0","-1.0","-1.0","-1.0","-1.0","-1.0"
"101","2000","7","Maharashtra","Jalgaon","1163.9","155.9","80.4","14.5","6.4","38.6","4.5","8.3","852.5","1333.1","156.38"
"101","2001","7","Maharashtra","Jalgaon","1163.9","155.9","80.5","14.8","6.3","38.6","4.5","8.2","852.7","1325.3","155.42"
"101","2002","7","Maharashtra","Jalgaon","1163.9","155.9","80.3","14.7","6.3","38.6","4.5","8.5","852.3","1327.5","155.76"
"101","2003","7","Maharashtra","Jalgaon","1163.9","155.9","80.3","15.2","6.3","38.6","4.7","8.7","851.4","1359.9","159.73"
"101","2004","7","Maharashtra","Jalgaon","1163.9","155.9","80.3","15.3","6.3","38.6","4.6","9.2","850.9","1424.0","167.35"
"101","2005","7","Maharashtra","Jalgaon","1163.9","155.9","80.3","15.3","6.3","38.6","4.7","9.1","850.9","878.7","103.27"
"101","2006","7","Maharashtra","Jalgaon","1163.9","155.9","80.3","15.4","6.3","38.6","4.7","9.0","850.9","1351.5","158.83"
"101","2007","7","Maharashtra","Jalgaon","1163.9","155.9","80.3","16.0","6.3","38.6","4.7","9.2","850.1","1305.7","153.59"
"101","2008","7","Maharashtra","Jalgaon","1163.9","155.9","80.4","16.1","6.3","38.7","4.9","9.3","849.5","1265.2","148.93"
"101","2009","7","Maharashtra","Jalgaon","1163.9","155.9","80.4","16.2","6.3","38.7","4.9","9.6","849.1","1225.2","144.29"
"101","2010","7","Maharashtra","Jalgaon","1163.9","155.9","80.4","16.2","6.3","38.7","4.9","9.6","849.1","1096.1","129.09"
"101","2011","7","Maharashtra","Jalgaon","1163.9","155.9","80.4","16.2","6.3","38.7","4.9","9.6","849.1","919.5","108.29"
"101","2012","7","Maharashtra","Jalgaon","1163.9","155.9","80.4","16.2","6.3","38.7","4.9","9.6","849.1","1163.9","137.07"
"101","2013","7","Maharashtra","Jalgaon","1163.9","155.9","80.4","16.2","6.3","38.7","4.9","9.6","849.1","1163.9","137.07"
"101","2014","7","Maharashtra","Jalgaon","1163.9","155.9","80.4","16.2","6.3","38.7","4.9","9.5","849.2","1163.0","136.95"
"101","2015","7","Maharashtra","Jalgaon","1163.9","155.9","80.4","16.2","6.3","38.7","4.9","9.5","849.2","1162.9","136.94"
"101","2016","7","Maharashtra","Jalgaon","1163.9","155.9","80.4","16.2","6.3","38.7","4.9","9.4","849.3","1240.7","146.09"
"101","2017","7","Maharashtra","Jalgaon","1163.9","155.9","80.4","16.2","6.3","38.7","4.9","9.4","849.2","1215.4","143.12"
"101","2018","7","Maharashtra","Jalgaon","-1.0","-1.0","-1.0","-1.0","-1.0","-1.0","-1.0","-1.0","-1.0","-1.0","-1.0"
"101","2019","7","Maharashtra","Jalgaon","-1.0","-1.0","-1.0","-1.0","-1.0","-1.0","-1.0","-1.0","-1.0","-1.0","-1.0"
"101","2020","7","Maharashtra","Jalgaon","-1.0","-1.0","-1.0","-1.0","-1.0","-1.0","-1.0","-1.0","-1.0","-1.0","-1.0"
"102","2000","7","Maharashtra","Ahmednagar","1702.0","163.4","131.0","13.9","19.1","41.7","93.8","89.4","1146.3","1509.7","131.7"
"102","2001","7","Maharashtra","Ahmednagar","1702.0","162.7","129.0","13.9","19.1","41.0","106.6","84.5","1141.2","1516.4","132.88"
"102","2002","7","Maharashtra","Ahmednagar","1702.0","161.4","127.4","14.6","19.4","40.3","108.6","109.5","1117.2","1452.8","130.04"
"102","2003","7","Maharashtra","Ahmednagar","1702.0","161.2","125.7","14.7","19.5","40.4","108.5","137.7","1090.7","1368.7","125.49"
"102","2004","7","Maharashtra","Ahmednagar","1702.0","162.9","127.3","14.8","20.1","40.0","99.0","119.0","1115.3","1437.8","128.92"
"102","2005","7","Maharashtra","Ahmednagar","1702.0","164.3","128.8","14.4","20.0","40.1","92.9","119.2","1118.7","1249.4","111.68"
"102","2006","7","Maharashtra","Ahmednagar","1702.0","164.2","128.6","14.9","20.1","39.9","91.0","120.0","1119.7","1479.0","132.09"
"102","2007","7","Maharashtra","Ahmednagar","1702.0","164.1","128.3","15.1","20.0","40.2","90.1","124.2","1116.3","1494.2","133.85"
"102","2008","7","Maharashtra","Ahmednagar","1702.0","164.1","128.1","15.1","20.0","40.1","92.0","134.0","1104.9","1485.2","134.42"
"102","2009","7","Maharashtra","Ahmednagar","1702.0","164.6","128.3","15.3","19.9","40.2","90.9","139.6","1099.5","1449.2","131.81"
"102","2010","7","Maharashtra","Ahmednagar","1702.0","164.6","129.0","15.6","20.1","40.3","89.6","140.4","1098.7","1438.6","130.94"
"102","2011","7","Maharashtra","Ahmednagar","1702.0","164.6","128.9","16.1","20.2","40.2","89.0","145.4","1093.8","1254.3","114.67"
"102","2012","7","Maharashtra","Ahmednagar","1702.0","164.6","128.9","16.1","20.2","40.2","89.0","145.4","1093.8","1449.4","132.51"
"102","2013","7","Maharashtra","Ahmednagar","1702.0","164.6","130.2","15.1","20.2","40.2","96.1","148.5","1083.3","1449.6","133.81"
"102","2014","7","Maharashtra","Ahmednagar","1702.0","163.8","128.3","15.4","20.0","41.8","92.5","151.1","1085.9","1483.0","136.57"
"102","2015","7","Maharashtra","Ahmednagar","1702.0","162.2","127.9","15.2","20.1","36.5","114.2","183.2","1039.4","1420.2","136.64"
"102","2016","7","Maharashtra","Ahmednagar","1702.0","166.2","129.8","18.4","20.1","36.3","111.0","170.4","1046.4","1454.5","139.0"
"102","2017","7","Maharashtra","Ahmednagar","1702.0","166.2","128.6","18.5","20.0","36.4","112.7","132.0","1084.4","1523.4","140.48"
"102","2018","7","Maharashtra","Ahmednagar","-1.0","-1.0","-1.0","-1.0","-1.0","-1.0","-1.0","-1.0","-1.0","-1.0","-1.0"
"102","2019","7","Maharashtra","Ahmednagar","-1.0","-1.0","-1.0","-1.0","-1.0","-1.0","-1.0","-1.0","-1.0","-1.0","-1.0"
"102","2020","7","Maharashtra","Ahmednagar","-1.0","-1.0","-1.0","-1.0","-1.0","-1.0","-1.0","-1.0","-1.0","-1.0","-1.0"
"103","2000","7","Maharashtra","Pune","1562.0","164.3","146.3","106.9","37.5","71.4","28.8","21.3","971.8","1166.0","119.98"
"103","2001","7","Maharashtra","Pune","1562.0","184.6","147.2","107.7","37.4","71.7","28.2","21.0","972.2","1169.4","120.28"
"103","2002","7","Maharashtra","Pune","1562.0","165.2","146.1","107.8","37.6","72.1","28.4","21.8","969.2","1161.0","119.79"
"103","2003","7","Maharashtra","Pune","1562.0","165.2","147.2","112.5","38.0","72.9","30.2","35.9","946.1","1121.3","118.52"
"103","2004","7","Maharashtra","Pune","1562.0","165.1","147.4","114.0","38.1","74.6","29.8","34.5","945.4","1147.6","121.39"
"103","2005","7","Maharashtra","Pune","1562.0","162.3","147.0","120.8","38.2","74.3","29.8","35.5","940.8","1038.8","110.42"
"103","2006","7","Maharashtra","Pune","1562.0","162.3","147.0","120.8","38.2","74.5","29.9","33.7","942.4","1190.8","126.36"
"103","2007","7","Maharashtra","Pune","1562.0","162.1","146.7","130.1","38.1","73.0","29.2","33.7","936.1","1195.6","127.72"
"103","2008","7","Maharashtra","Pune","1562.0","162.1","146.8","130.7","38.4","73.4","29.0","34.0","934.3","1193.5","127.74"
"103","2009","7","Maharashtra","Pune","1562.0","162.1","156.1","131.4","38.5","73.6","30.3","36.6","920.2","1161.8","126.26"
"103","2010","7","Maharashtra","Pune","1562.0","162.1","156.0","132.1","38.7","72.9","31.1","36.1","919.8","951.7","103.47"
"103","2011","7","Maharashtra","Pune","1562.0","162.1","155.9","132.0","38.5","72.8","32.4","36.2","919.0","1384.6","150.66"
"103","2012","7","Maharashtra","Pune","1562.0","162.1","155.9","136.0","37.3","72.8","32.7","37.3","914.7","1171.3","128.05"
"103","2013","7","Maharashtra","Pune","1562.0","163.7","159.0","137.9","36.9","72.8","20.3","35.9","922.3","1171.3","127.0"
"103","2014","7","Maharashtra","Pune","1569.7","162.8","169.6","139.0","39.2","69.8","21.0","37.8","917.1","-1.0","-1.0"
"103","2015","7","Maharashtra","Pune","1562.0","158.6","167.7","177.5","40.3","70.2","22.5","48.2","863.2","1121.2","129.89"
"103","2016","7","Maharashtra","Pune","1562.0","156.7","228.9","267.8","43.6","171.9","24.8","53.2","600.5","877.2","146.08"
"103","2017","7","Maharashtra","Pune","1562.0","159.0","231.3","270.6","43.8","178.5","24.1","52.2","587.9","872.1","148.34"
"103","2018","7","Maharashtra","Pune","-1.0","-1.0","-1.0","-1.0","-1.0","-1.0","-1.0","-1.0","-1.0","-1.0","-1.0"
"103","2019","7","Maharashtra","Pune","-1.0","-1.0","-1.0","-1.0","-1.0","-1.0","-1.0","-1.0","-1.0","-1.0","-1.0"
"103","2020","7","Maharashtra","Pune","-1.0","-1.0","-1.0","-1.0","-1.0","-1.0","-1.0","-1.0","-1.0","-1.0","-1.0"
"104","2000","7","Maharashtra","Satara","1058.2","142.9","120.1","29.0","38.2","78.0","48.3","19.1","575.7","700.5","121.68"
"104","2001","7","Maharashtra","Satara","1058.0","142.6","120.0","29.0","38.3","77.7","50.0","19.1","574.4","701.9","122.2"
"104","2002","7","Maharashtra","Satara","1058.2","142.9","120.2","29.1","38.5","77.6","51.0","20.6","571.3","700.7","122.65"
"104","2003","7","Maharashtra","Satara","1058.0","143.1","125.2","30.3","40.1","80.8","53.4","53.4","524.4","620.6","118.34"
"104","2004","7","Maharashtra","Satara","1058.0","142.7","123.6","30.2","38.2","80.2","49.6","32.2","554.0","661.6","119.42"
"104","2005","7","Maharashtra","Satara","1058.0","142.7","123.2","30.3","38.0","79.6","52.8","32.2","552.0","634.6","114.96"
"104","2006","7","Maharashtra","Satara","1058.0","142.7","123.1","30.5","37.8","79.7","53.1","32.4","551.4","672.5","121.96"
"104","2007","7","Maharashtra","Satara","1058.0","142.7","122.8","30.4","37.8","79.7","53.9","33.2","550.2","674.2","122.54"
"104","2008","7","Maharashtra","Satara","1058.0","142.7","123.0","30.4","38.2","79.8","54.8","37.4","544.3","645.1","118.52"
"104","2009","7","Maharashtra","Satara","1058.0","142.7","123.3","30.5","38.2","79.9","55.4","34.8","545.7","652.4","119.55"
"104","2010","7","Maharashtra","Satara","1058.0","142.7","123.3","31.3","38.3","79.4","55.9","34.7","544.8","641.9","117.82"
"104","2011","7","Maharashtra","Satara","1058.0","142.7","123.2","31.7","40.1","79.2","58.4","35.1","539.9","655.0","121.32"
"104","2012","7","Maharashtra","Satara","1058.0","142.7","123.4","31.6","40.5","79.8","65.8","39.7","527.0","631.0","119.73"
"104","2013","7","Maharashtra","Satara","1058.0","142.7","123.4","31.6","40.5","79.8","67.1","27.7","538.0","663.8","123.38"
"104","2014","7","Maharashtra","Satara","1057.9","142.7","123.4","31.4","40.4","78.5","66.2","25.4","542.7","676.0","124.56"
"104","2015","7","Maharashtra","Satara","1058.0","142.9","123.3","34.0","40.4","79.2","67.4","27.0","536.0","661.1","123.34"
"104","2016","7","Maharashtra","Satara","1058.0","142.9","123.2","33.6","41.5","74.1","68.6","26.8","539.5","667.3","123.69"
"104","2017","7","Maharashtra","Satara","1058.0","142.9","123.3","33.9","41.4","73.6","69.8","27.6","537.5","667.0","124.09"
"104","2018","7","Maharashtra","Satara","-1.0","-1.0","-1.0","-1.0","-1.0","-1.0","-1.0","-1.0","-1.0","-1.0","-1.0"
"104","2019","7","Maharashtra","Satara","-1.0","-1.0","-1.0","-1.0","-1.0","-1.0","-1.0","-1.0","-1.0","-1.0","-1.0"
"104","2020","7","Maharashtra","Satara","-1.0","-1.0","-1.0","-1.0","-1.0","-1.0","-1.0","-1.0","-1.0","-1.0","-1.0"
"105","2000","7","Maharashtra","Sangli","861.0","45.1","38.8","46.0","14.6","17.7","51.8","38.5","595.6","687.5","115.43"
"105","2001","7","Maharashtra","Sangli","861.0","45.1","38.6","46.1","14.6","17.7","54.3","37.6","595.5","690.7","115.99"
"105","2002","7","Maharashtra","Sangli","861.0","45.1","38.3","46.1","14.6","17.7","54.3","37.6","595.5","690.7","115.99"
"105","2003","7","Maharashtra","Sangli","861.0","45.5","38.6","47.1","14.8","16.6","58.3","42.1","584.0","672.2","115.1"
"105","2004","7","Maharashtra","Sangli","861.0","43.7","37.1","45.3","14.2","15.9","55.2","28.3","607.8","712.1","117.16"
"105","2005","7","Maharashtra","Sangli","861.0","43.5","37.2","45.8","14.2","16.0","56.1","27.3","607.4","614.7","101.2"
"105","2006","7","Maharashtra","Sangli","861.0","43.4","36.7","45.7","14.1","15.9","57.1","26.3","608.0","728.7","119.85"
"105","2007","7","Maharashtra","Sangli","861.0","43.4","36.6","45.8","14.1","15.7","56.5","25.7","609.2","733.9","120.47"
"105","2008","7","Maharashtra","Sangli","861.0","43.4","36.7","47.0","14.2","15.6","55.4","42.8","591.7","705.8","119.28"
"105","2009","7","Maharashtra","Sangli","861.0","43.4","36.7","49.2","14.6","15.0","53.9","30.4","603.4","732.6","121.41"
"105","2010","7","Maharashtra","Sangli","861.0","43.4","36.7","49.2","14.6","15.0","53.8","30.4","603.5","726.3","120.35"
"105","2011","7","Maharashtra","Sangli","861.0","43.4","36.8","49.6","14.8","15.3","57.9","42.5","585.7","745.8","127.33"
"105","2012","7","Maharashtra","Sangli","861.0","43.4","36.8","49.6","14.7","15.3","57.9","42.5","584.7","665.4","113.8"
"105","2013","7","Maharashtra","Sangli","861.0","43.4","36.8","49.6","14.7","15.3","57.9","42.5","584.7","716.2","122.49"
"105","2014","7","Maharashtra","Sangli","861.0","43.4","36.8","49.8","14.7","15.3","57.9","40.8","586.4","725.0","123.64"
"105","2015","7","Maharashtra","Sangli","861.0","43.4","36.9","49.8","14.6","15.3","55.8","38.1","591.0","765.3","129.49"
"105","2016","7","Maharashtra","Sangli","861.0","43.4","36.8","49.8","14.4","15.3","56.1","38.0","591.0","765.2","129.48"
"105","2017","7","Maharashtra","Sangli","861.0","43.4","36.8","49.8","14.4","15.3","55.8","37.2","592.1","791.2","133.63"
"105","2018","7","Maharashtra","Sangli","-1.0","-1.0","-1.0","-1.0","-1.0","-1.0","-1.0","-1.0","-1.0","-1.0","-1.0"
"105","2019","7","Maharashtra","Sangli","-1.0","-1.0","-1.0","-1.0","-1.0","-1.0","-1.0","-1.0","-1.0","-1.0","-1.0"
"105","2020","7","Maharashtra","Sangli","-1.0","-1.0","-1.0","-1.0","-1.0","-1.0","-1.0","-1.0","-1.0","-1.0","-1.0"
"106","2000","7","Maharashtra","Solapur","1487.8","35.3","63.7","5.2","39.4","66.1","130.0","111.2","1030.9","1133.7","109.97"
"106","2001","7","Maharashtra","Solapur","1487.8","35.3","63.7","15.2","39.4","46.1","130.0","121.2","1030.9","1133.7","109.97"
"106","2002","7","Maharashtra","Solapur","1487.8","35.3","63.7","15.2","39.4","46.1","130.0","121.2","1030.9","1133.7","109.97"
"106","2003","7","Maharashtra","Solapur","1487.8","35.3","64.0","14.5","39.5","45.7","130.5","132.4","1019.6","1116.3","109.48"
"106","2004","7","Maharashtra","Solapur","1487.8","35.3","63.9","14.7","39.0","46.1","132.2","116.5","1034.5","1116.3","107.91"
"106","2005","7","Maharashtra","Solapur","1487.8","35.3","64.1","14.9","39.2","46.1","133.7","117.3","1031.6","1035.1","100.34"
"106","2006","7","Maharashtra","Solapur","1487.8","35.3","64.1","15.1","40.6","46.2","131.1","116.3","1033.5","1131.2","109.45"
"106","2007","7","Maharashtra","Solapur","1487.8","35.3","64.2","15.3","41.0","46.5","123.5","117.3","1039.0","1147.0","110.39"
"106","2008","7","Maharashtra","Solapur","1487.8","35.3","64.1","15.3","41.0","46.6","120.3","128.2","1031.2","1150.2","111.54"
"106","2009","7","Maharashtra","Solapur","1487.8","35.3","64.2","15.4","41.5","46.4","121.7","131.6","1025.7","1125.7","109.75"
"106","2010","7","Maharashtra","Solapur","1487.8","35.3","64.4","15.4","41.6","46.9","119.1","135.4","1023.3","1152.4","112.62"
"106","2011","7","Maharashtra","Solapur","1487.8","35.3","64.0","15.3","41.6","47.2","118.0","135.5","1024.8","1444.0","140.91"
"106","2012","7","Maharashtra","Solapur","1487.8","35.3","64.0","15.6","41.6","47.2","118.0","154.4","1005.6","1145.2","113.88"
"106","2013","7","Maharashtra","Solapur","1487.8","35.3","62.0","16.2","41.6","45.7","117.6","147.7","1015.5","1167.7","114.99"
"106","2014","7","Maharashtra","Solapur","1487.8","35.3","63.1","19.4","42.7","46.1","113.7","138.9","1022.6","1184.0","115.78"
"106","2015","7","Maharashtra","Solapur","1487.8","35.3","62.3","19.6","39.9","46.0","121.0","152.9","1003.8","1159.4","115.5"
"106","2016","7","Maharashtra","Solapur","1487.8","35.3","62.5","15.8","39.8","45.7","120.2","116.6","1044.9","1229.1","117.63"
"106","2017","7","Maharashtra","Solapur","1487.8","35.3","72.5","16.0","38.7","45.9","119.6","111.1","1041.6","1244.4","119.47"
"106","2018","7","Maharashtra","Solapur","-1.0","-1.0","-1.0","-1.0","-1.0","-1.0","-1.0","-1.0","-1.0","-1.0","-1.0"
"106","2019","7","Maharashtra","Solapur","-1.0","-1.0","-1.0","-1.0","-1.0","-1.0","-1.0","-1.0","-1.0","-1.0","-1.0"
"106","2020","7","Maharashtra","Solapur","-1.0","-1.0","-1.0","-1.0","-1.0","-1.0","-1.0","-1.0","-1.0","-1.0","-1.0"
"107","2000","7","Maharashtra","Kolhapur","776.3","147.2","44.1","36.4","36.4","41.6","24.6","12.6","427.0","741.8","173.72"
"107","2001","7","Maharashtra","Kolhapur","776.5","147.1","44.1","36.4","36.2","41.3","24.1","12.4","427.5","744.3","174.11"
"107","2002","7","Maharashtra","Kolhapur","776.3","147.1","44.1","36.5","36.3","41.3","23.6","12.6","427.6","747.5","174.81"
"107","2003","7","Maharashtra","Kolhapur","776.5","147.0","44.0","36.6","36.5","41.7","23.0","12.4","428.1","831.4","194.21"
"107","2004","7","Maharashtra","Kolhapur","776.5","147.0","44.0","37.3","36.5","41.4","22.7","11.6","428.8","822.1","191.72"
"107","2005","7","Maharashtra","Kolhapur","776.5","146.9","44.0","37.7","36.4","41.4","22.3","12.0","428.5","446.9","104.29"
"107","2006","7","Maharashtra","Kolhapur","776.5","146.9","44.0","37.7","36.4","41.4","21.8","12.5","428.3","748.3","174.71"
"107","2007","7","Maharashtra","Kolhapur","776.5","146.9","43.9","37.8","36.5","41.1","21.8","12.4","428.8","741.8","172.99"
"107","2008","7","Maharashtra","Kolhapur","776.5","146.9","43.9","37.8","37.0","41.4","21.6","11.7","429.0","721.9","168.28"
"107","2009","7","Maharashtra","Kolhapur","776.5","146.9","43.8","38.2","36.9","41.4","20.8","10.7","430.6","665.0","154.44"
"107","2010","7","Maharashtra","Kolhapur","776.5","146.9","43.8","38.2","36.8","41.7","20.0","10.3","431.6","453.9","105.17"
"107","2011","7","Maharashtra","Kolhapur","776.5","146.9","43.8","38.2","36.8","41.7","20.0","10.3","431.6","593.6","137.53"
"107","2012","7","Maharashtra","Kolhapur","776.5","146.9","43.8","38.2","36.8","41.7","20.0","10.3","431.6","665.2","154.12"
"107","2013","7","Maharashtra","Kolhapur","776.5","146.9","43.7","38.2","36.6","41.7","19.8","10.6","431.8","632.6","146.5"
"107","2014","7","Maharashtra","Kolhapur","776.6","146.9","43.7","38.2","36.7","41.6","19.8","10.3","432.2","633.0","146.46"
"107","2015","7","Maharashtra","Kolhapur","776.5","146.9","43.5","38.2","36.8","41.6","19.3","10.7","432.5","591.8","136.83"
"107","2016","7","Maharashtra","Kolhapur","776.6","146.9","43.5","37.8","36.8","41.6","19.1","10.3","433.6","596.3","137.52"
"107","2017","7","Maharashtra","Kolhapur","776.6","146.9","43.5","38.0","36.9","41.5","19.0","10.0","434.0","609.2","140.37"
"107","2018","7","Maharashtra","Kolhapur","-1.0","-1.0","-1.0","-1.0","-1.0","-1.0","-1.0","-1.0","-1.0","-1.0","-1.0"
"107","2019","7","Maharashtra","Kolhapur","-1.0","-1.0","-1.0","-1.0","-1.0","-1.0","-1.0","-1.0","-1.0","-1.0","-1.0"
"107","2020","7","Maharashtra","Kolhapur","-1.0","-1.0","-1.0","-1.0","-1.0","-1.0","-1.0","-1.0","-1.0","-1.0","-1.0"
"108","2000","7","Maharashtra","Aurangabad","1780.3","76.1","28.7","84.0","31.3","63.6","76.1","114.9","1288.9","1763.9","136.85"
"108","2001","7","Maharashtra","Aurangabad","1780.3","77.8","28.6","83.3","31.2","63.3","77.4","122.5","1279.6","1773.1","138.57"
"108","2002","7","Maharashtra","Aurangabad","1780.3","77.9","28.6","83.3","31.1","63.2","77.9","127.0","1276.6","1773.3","138.91"
"108","2003","7","Maharashtra","Aurangabad","1780.3","77.7","28.0","81.4","31.2","62.9","77.3","130.8","1274.3","1749.1","137.26"
"108","2004","7","Maharashtra","Aurangabad","1780.3","77.5","28.1","81.4","31.6","62.3","78.3","136.6","1267.9","1784.1","140.71"
"108","2005","7","Maharashtra","Aurangabad","1780.3","77.5","28.0","81.3","31.4","62.0","77.1","145.3","1261.2","1585.6","125.72"
"108","2006","7","Maharashtra","Aurangabad","1780.3","77.8","28.3","80.8","31.5","62.1","73.5","146.9","1262.8","1824.3","144.46"
"108","2007","7","Maharashtra","Aurangabad","1780.3","77.4","27.9","80.8","31.5","60.7","74.0","146.7","1264.8","1839.0","145.4"
"108","2008","7","Maharashtra","Aurangabad","1780.3","77.2","27.9","80.4","31.9","60.0","75.7","149.3","1261.5","1844.7","146.23"
"108","2009","7","Maharashtra","Aurangabad","1780.3","77.2","27.9","80.4","31.9","60.0","75.7","149.3","1261.5","1838.9","145.77"
"108","2010","7","Maharashtra","Aurangabad","1780.3","77.2","27.9","80.4","31.9","60.0","76.0","149.8","1260.6","1707.9","135.48"
"108","2011","7","Maharashtra","Aurangabad","1780.3","74.7","27.6","80.8","32.3","60.8","79.7","145.3","1261.7","1493.3","118.36"
"108","2012","7","Maharashtra","Aurangabad","1780.3","74.7","27.8","80.4","32.1","60.6","80.9","152.1","1254.3","1944.2","155.0"
"108","2013","7","Maharashtra","Aurangabad","1780.3","74.7","27.8","80.4","32.1","60.6","80.9","152.1","1254.3","1944.2","155.0"
"108","2014","7","Maharashtra","Aurangabad","1780.4","73.3","27.7","80.8","32.2","62.9","84.5","147.9","1253.7","1954.0","155.86"
"108","2015","7","Maharashtra","Aurangabad","1780.3","73.3","27.8","81.1","30.1","75.6","86.6","150.5","1237.9","1951.5","157.65"
"108","2016","7","Maharashtra","Aurangabad","1780.2","73.1","27.9","81.1","30.1","75.9","87.0","150.6","1236.2","2036.7","164.75"
"108","2017","7","Maharashtra","Aurangabad","1780.2","83.8","27.1","79.0","29.4","55.4","86.6","150.6","1249.7","2074.9","166.03"
"108","2018","7","Maharashtra","Aurangabad","-1.0","-1.0","-1.0","-1.0","-1.0","-1.0","-1.0","-1.0","-1.0","-1.0","-1.0"
"108","2019","7","Maharashtra","Aurangabad","-1.0","-1.0","-1.0","-1.0","-1.0","-1.0","-1.0","-1.0","-1.0","-1.0","-1.0"
"108","2020","7","Maharashtra","Aurangabad","-1.0","-1.0","-1.0","-1.0","-1.0","-1.0","-1.0","-1.0","-1.0","-1.0","-1.0"
"109","2000","7","Maharashtra","Parbhani","1097.2","34.8","16.9","39.3","34.7","30.9","39.4","81.1","822.9","1253.1","152.28"
"109","2001","7","Maharashtra","Parbhani","1097.2","36.9","16.9","39.1","34.5","30.8","39.1","79.9","820.4","1347.4","164.24"
"109","2002","7","Maharashtra","Parbhani","1097.2","34.9","16.9","39.4","34.5","31.2","39.7","80.0","819.0","1359.2","165.96"
"109","2003","7","Maharashtra","Parbhani","1097.2","34.8","16.9","39.4","33.9","31.2","41.3","79.0","819.0","1359.1","165.95"
"109","2004","7","Maharashtra","Parbhani","1097.2","34.8","16.9","39.4","33.9","31.2","41.3","79.0","819.0","1359.1","165.95"
"109","2005","7","Maharashtra","Parbhani","1097.2","34.8","16.8","39.2","34.1","31.1","44.1","80.4","815.0","1256.9","154.22"
"109","2006","7","Maharashtra","Parbhani","1097.2","34.8","16.8","39.2","34.1","31.1","44.4","82.3","812.8","1385.2","170.42"
"109","2007","7","Maharashtra","Parbhani","1097.2","34.8","16.8","39.3","34.2","30.9","44.3","82.2","813.0","1389.0","170.85"
"109","2008","7","Maharashtra","Parbhani","1097.2","34.9","16.8","39.2","34.4","30.7","44.0","82.2","813.4","1389.9","170.88"
"109","2009","7","Maharashtra","Parbhani","1097.2","35.6","16.4","39.3","34.7","31.0","45.7","79.9","813.0","1352.5","166.36"
"109","2010","7","Maharashtra","Parbhani","1097.2","35.6","16.4","39.3","34.8","31.0","45.8","79.9","812.8","1375.7","169.25"
"109","2011","7","Maharashtra","Parbhani","1097.2","35.6","16.4","39.3","34.9","31.0","44.9","80.7","812.8","1250.3","153.83"
"109","2012","7","Maharashtra","Parbhani","1097.2","35.6","16.5","39.3","34.9","31.2","44.7","81.6","811.8","1423.6","175.36"
"109","2013","7","Maharashtra","Parbhani","1097.2","35.6","16.5","39.3","34.9","31.2","42.6","81.6","813.9","1469.9","180.6"
"109","2014","7","Maharashtra","Parbhani","1097.1","38.0","16.5","39.4","34.6","31.0","43.3","83.2","809.5","1432.0","176.9"
"109","2015","7","Maharashtra","Parbhani","1097.2","38.0","16.5","39.4","34.6","31.0","43.1","85.1","807.8","1401.6","173.51"
"109","2016","7","Maharashtra","Parbhani","1097.2","38.0","16.5","39.4","34.6","31.0","43.1","79.9","813.1","1533.8","188.64"
"109","2017","7","Maharashtra","Parbhani","1097.2","33.3","14.0","38.9","34.9","28.2","42.4","81.5","822.6","1552.7","188.76"
"109","2018","7","Maharashtra","Parbhani","-1.0","-1.0","-1.0","-1.0","-1.0","-1.0","-1.0","-1.0","-1.0","-1.0","-1.0"
"109","2019","7","Maharashtra","Parbhani","-1.0","-1.0","-1.0","-1.0","-1.0","-1.0","-1.0","-1.0","-1.0","-1.0","-1.0"
"109","2020","7","Maharashtra","Parbhani","-1.0","-1.0","-1.0","-1.0","-1.0","-1.0","-1.0","-1.0","-1.0","-1.0","-1.0"
"110","2000","7","Maharashtra","Beed","1068.6","23.2","24.3","42.8","41.2","38.1","43.9","83.2","490.5","819.3","167.03"
"110","2001","7","Maharashtra","Beed","1068.6","23.1","24.3","42.7","41.2","38.1","43.7","83.4","770.8","936.4","121.48"
"110","2002","7","Maharashtra","Beed","1068.6","23.2","24.3","42.9","41.2","37.5","42.9","87.1","768.2","932.6","121.4"
"110","2003","7","Maharashtra","Beed","1068.6","23.1","24.5","43.2","40.7","37.4","45.7","89.5","763.2","895.9","117.39"
"110","2004","7","Maharashtra","Beed","1068.6","23.0","24.5","42.8","40.9","36.7","48.1","91.2","760.1","895.2","117.77"
"110","2005","7","Maharashtra","Beed","1068.6","22.9","24.4","42.7","40.8","36.6","48.1","94.9","756.9","958.7","126.66"
"110","2006","7","Maharashtra","Beed","1068.6","22.9","24.1","42.7","40.8","36.6","48.1","96.9","755.2","914.2","121.05"
"110","2007","7","Maharashtra","Beed","1068.6","22.9","24.1","42.6","40.8","36.6","47.8","100.7","751.8","915.4","121.76"
"110","2008","7","Maharashtra","Beed","1068.6","22.9","24.0","42.5","40.8","36.6","48.0","103.2","749.3","910.7","121.54"
"110","2009","7","Maharashtra","Beed","1068.6","22.7","24.0","42.5","40.7","36.8","48.0","103.7","748.9","977.9","130.58"
"110","2010","7","Maharashtra","Beed","1068.6","22.8","23.6","42.5","41.2","37.0","48.4","103.3","748.5","1015.8","135.71"
"110","2011","7","Maharashtra","Beed","1068.6","22.8","23.6","41.2","40.0","37.0","50.9","103.3","748.5","859.0","114.76"
"110","2012","7","Maharashtra","Beed","1068.6","22.8","23.6","41.2","40.0","37.0","50.9","103.3","748.5","1011.5","135.14"
"110","2013","7","Maharashtra","Beed","1068.6","22.8","23.6","41.2","40.0","37.0","50.9","97.0","754.8","1038.8","137.63"
"110","2014","7","Maharashtra","Beed","1068.6","22.8","23.6","41.3","40.0","37.0","51.9","99.9","750.8","1035.0","137.85"
"110","2015","7","Maharashtra","Beed","1068.6","22.8","23.3","37.0","36.9","30.4","41.2","93.8","781.9","1040.8","133.11"
"110","2016","7","Maharashtra","Beed","1068.6","22.7","23.5","60.4","36.4","30.0","43.9","92.8","757.6","1022.4","134.95"
"110","2017","7","Maharashtra","Beed","1068.6","22.7","23.5","60.4","36.4","30.0","43.9","92.8","757.6","1022.3","134.94"
"110","2018","7","Maharashtra","Beed","-1.0","-1.0","-1.0","-1.0","-1.0","-1.0","-1.0","-1.0","-1.0","-1.0","-1.0"
"110","2019","7","Maharashtra","Beed","-1.0","-1.0","-1.0","-1.0","-1.0","-1.0","-1.0","-1.0","-1.0","-1.0","-1.0"
"110","2020","7","Maharashtra","Beed","-1.0","-1.0","-1.0","-1.0","-1.0","-1.0","-1.0","-1.0","-1.0","-1.0","-1.0"
"111","2000","7","Maharashtra","Nanded","1033.1","85.5","18.7","35.8","35.7","59.5","13.7","69.4","708.7","822.5","116.06"
"111","2001","7","Maharashtra","Nanded","1033.1","85.5","18.7","35.8","52.7","49.5","23.7","69.4","708.7","822.5","116.06"
"111","2002","7","Maharashtra","Nanded","1033.1","85.4","18.8","35.8","35.5","49.7","23.5","73.2","704.9","824.2","116.92"
"111","2003","7","Maharashtra","Nanded","1033.1","85.4","18.8","35.8","35.5","49.7","23.5","73.2","704.9","824.2","116.92"
"111","2004","7","Maharashtra","Nanded","1033.1","85.4","18.9","35.6","35.8","49.8","24.6","72.2","704.5","820.0","116.39"
"111","2005","7","Maharashtra","Nanded","1033.1","85.3","19.0","35.8","35.9","50.6","24.3","73.4","702.5","852.4","121.34"
"111","2006","7","Maharashtra","Nanded","1033.1","85.4","19.0","36.2","35.9","50.8","22.9","72.0","704.8","831.3","117.95"
"111","2007","7","Maharashtra","Nanded","1033.1","85.4","19.0","36.2","35.9","50.8","22.9","72.0","704.8","831.3","117.95"
"111","2008","7","Maharashtra","Nanded","1033.1","85.3","19.0","36.3","35.9","50.7","23.8","72.8","703.2","831.0","118.17"
"111","2009","7","Maharashtra","Nanded","1033.1","85.3","19.0","36.3","35.9","50.7","23.8","72.8","703.2","883.1","125.58"
"111","2010","7","Maharashtra","Nanded","1033.1","86.3","20.7","37.0","36.3","51.1","19.2","67.5","708.9","949.5","133.94"
"111","2011","7","Maharashtra","Nanded","1033.1","86.3","20.7","37.0","36.3","51.5","19.2","67.4","708.6","843.1","118.98"
"111","2012","7","Maharashtra","Nanded","1033.1","82.8","20.3","37.0","35.5","52.6","18.4","72.1","708.4","948.8","133.94"
"111","2013","7","Maharashtra","Nanded","1033.1","82.8","20.3","37.0","35.5","52.6","18.4","72.1","708.4","948.8","133.94"
"111","2014","7","Maharashtra","Nanded","1033.1","82.7","19.9","47.8","35.5","52.6","18.4","67.7","702.5","860.0","122.42"
"111","2015","7","Maharashtra","Nanded","1033.1","82.7","19.9","47.8","35.5","52.6","18.4","67.7","702.5","859.5","122.35"
"111","2016","7","Maharashtra","Nanded","1033.1","82.7","19.7","48.0","35.0","28.0","18.8","67.4","727.4","980.8","134.84"
"111","2017","7","Maharashtra","Nanded","1033.1","82.7","19.6","48.5","35.0","28.0","19.3","67.8","725.3","963.8","132.88"
"111","2018","7","Maharashtra","Nanded","-1.0","-1.0","-1.0","-1.0","-1.0","-1.0","-1.0","-1.0","-1.0","-1.0","-1.0"
"111","2019","7","Maharashtra","Nanded","-1.0","-1.0","-1.0","-1.0","-1.0","-1.0","-1.0","-1.0","-1.0","-1.0","-1.0"
"111","2020","7","Maharashtra","Nanded","-1.0","-1.0","-1.0","-1.0","-1.0","-1.0","-1.0","-1.0","-1.0","-1.0","-1.0"
"112","2000","7","Maharashtra","Osmanabad","1464.2","5.8","25.6","36.1","70.0","39.6","108.4","133.9","1301.0","1643.3","126.31"
"112","2001","7","Maharashtra","Osmanabad","1464.2","6.2","25.5","36.0","72.4","39.3","106.5","135.6","1022.9","1480.9","144.77"
"112","2002","7","Maharashtra","Osmanabad","1464.2","6.2","25.7","38.4","73.4","39.7","112.3","130.9","1017.3","1478.9","145.38"
"112","2003","7","Maharashtra","Osmanabad","1464.2","6.2","25.5","38.7","72.8","39.3","114.5","142.7","1003.4","1473.6","146.86"
"112","2004","7","Maharashtra","Osmanabad","1464.2","6.2","25.5","39.1","72.9","39.2","111.3","147.9","1000.7","1440.8","143.98"
"112","2005","7","Maharashtra","Osmanabad","1464.2","6.2","25.4","39.3","73.0","39.5","113.2","147.5","997.3","1482.5","148.65"
"112","2006","7","Maharashtra","Osmanabad","1464.2","6.2","25.3","39.6","72.9","39.6","113.8","145.7","998.2","1441.8","144.44"
"112","2007","7","Maharashtra","Osmanabad","1464.2","6.2","25.3","40.4","73.3","39.8","118.5","139.9","998.0","1458.4","146.13"
"112","2008","7","Maharashtra","Osmanabad","1464.2","6.2","25.6","42.1","73.4","39.8","116.7","137.9","999.4","1470.7","147.16"
"112","2009","7","Maharashtra","Osmanabad","1464.2","6.2","25.7","42.9","73.7","40.2","117.4","138.5","996.6","1564.6","156.99"
"112","2010","7","Maharashtra","Osmanabad","1464.2","6.2","25.8","43.1","74.1","40.1","118.1","136.6","996.8","1663.7","166.9"
"112","2011","7","Maharashtra","Osmanabad","1464.2","6.2","25.7","44.3","74.3","41.1","117.8","135.9","996.2","1359.8","136.5"
"112","2012","7","Maharashtra","Osmanabad","1464.2","6.2","25.7","44.3","74.3","40.0","118.6","140.1","992.8","1674.5","168.66"
"112","2013","7","Maharashtra","Osmanabad","1464.2","6.2","25.6","44.9","74.8","39.8","118.2","138.8","993.6","1731.9","174.31"
"112","2014","7","Maharashtra","Osmanabad","1464.2","6.2","25.7","45.2","74.9","39.8","118.9","144.8","986.1","1686.0","170.98"
"112","2015","7","Maharashtra","Osmanabad","1464.2","6.2","25.6","45.3","50.7","39.6","164.6","153.3","956.0","1496.6","156.55"
"112","2016","7","Maharashtra","Osmanabad","1464.2","6.2","25.8","45.9","88.4","39.3","163.5","152.7","919.5","1541.8","167.68"
"112","2017","7","Maharashtra","Osmanabad","1464.2","6.2","26.7","46.6","88.5","39.4","169.6","144.9","942.5","1548.8","164.33"
"112","2018","7","Maharashtra","Osmanabad","-1.0","-1.0","-1.0","-1.0","-1.0","-1.0","-1.0","-1.0","-1.0","-1.0","-1.0"
"112","2019","7","Maharashtra","Osmanabad","-1.0","-1.0","-1.0","-1.0","-1.0","-1.0","-1.0","-1.0","-1.0","-1.0","-1.0"
"112","2020","7","Maharashtra","Osmanabad","-1.0","-1.0","-1.0","-1.0","-1.0","-1.0","-1.0","-1.0","-1.0","-1.0","-1.0"
"113","2000","7","Maharashtra","Buldhana","967.1","104.5","26.1","46.7","24.9","36.8","21.2","15.4","690.5","836.6","121.16"
"113","2001","7","Maharashtra","Buldhana","967.1","84.4","46.1","47.2","25.0","37.0","21.8","15.8","684.2","851.8","124.5"
"113","2002","7","Maharashtra","Buldhana","967.1","84.3","46.1","47.7","25.0","37.1","24.0","16.3","685.6","850.2","124.01"
"113","2003","7","Maharashtra","Buldhana","967.1","84.2","46.1","48.6","25.1","37.3","24.2","16.4","684.2","847.2","123.82"
"113","2004","7","Maharashtra","Buldhana","967.1","88.3","48.3","51.1","26.3","39.1","27.2","17.4","668.4","837.9","125.36"
"113","2005","7","Maharashtra","Buldhana","967.1","88.3","48.2","51.7","26.3","39.2","27.2","17.7","662.2","667.5","100.8"
"113","2006","7","Maharashtra","Buldhana","967.1","88.3","48.2","51.8","26.3","39.2","27.3","17.6","667.4","837.8","125.53"
"113","2007","7","Maharashtra","Buldhana","967.1","88.3","48.2","51.8","26.3","39.2","26.3","16.8","669.2","845.9","126.4"
"113","2008","7","Maharashtra","Buldhana","967.1","88.3","48.2","51.8","26.3","39.2","26.3","16.8","669.2","805.0","120.29"
"113","2009","7","Maharashtra","Buldhana","967.1","88.3","48.2","51.8","26.3","39.2","26.3","16.8","669.2","898.1","134.21"
"113","2010","7","Maharashtra","Buldhana","967.1","88.3","48.2","51.8","26.3","39.2","26.3","16.8","669.2","944.0","141.06"
"113","2011","7","Maharashtra","Buldhana","967.1","88.8","47.8","52.3","26.2","38.8","26.1","16.7","669.4","753.3","112.53"
"113","2012","7","Maharashtra","Buldhana","967.1","88.8","47.8","52.3","26.2","38.8","26.1","16.7","669.4","941.7","140.68"
"113","2013","7","Maharashtra","Buldhana","967.1","88.8","47.7","52.8","26.1","38.7","26.1","16.6","669.3","948.7","141.75"
"113","2014","7","Maharashtra","Buldhana","967.1","88.8","47.6","55.9","26.2","38.7","25.1","16.7","667.0","958.0","143.63"
"113","2015","7","Maharashtra","Buldhana","967.1","89.3","47.6","55.9","26.2","38.0","25.6","24.2","659.2","921.5","139.79"
"113","2016","7","Maharashtra","Buldhana","967.1","91.7","47.7","55.9","26.4","38.0","25.6","24.0","656.1","946.7","144.29"
"113","2017","7","Maharashtra","Buldhana","967.1","91.7","48.0","59.8","26.3","38.0","25.2","24.0","652.2","907.5","139.14"
"113","2018","7","Maharashtra","Buldhana","-1.0","-1.0","-1.0","-1.0","-1.0","-1.0","-1.0","-1.0","-1.0","-1.0","-1.0"
"113","2019","7","Maharashtra","Buldhana","-1.0","-1.0","-1.0","-1.0","-1.0","-1.0","-1.0","-1.0","-1.0","-1.0","-1.0"
"113","2020","7","Maharashtra","Buldhana","-1.0","-1.0","-1.0","-1.0","-1.0","-1.0","-1.0","-1.0","-1.0","-1.0","-1.0"
"114","2000","7","Maharashtra","Akola","1056.0","64.9","22.4","54.8","9.1","45.8","13.7","26.5","817.2","1085.7","132.86"
"114","2001","7","Maharashtra","Akola","1056.0","64.8","22.8","55.6","8.8","46.1","12.9","26.4","817.0","1122.0","137.33"
"114","2002","7","Maharashtra","Akola","1056.0","64.8","22.8","55.6","8.8","46.2","12.8","26.5","816.9","1143.2","139.94"
"114","2003","7","Maharashtra","Akola","1056.0","64.8","22.8","56.2","8.8","46.4","13.1","27.0","815.3","1119.7","137.34"
"114","2004","7","Maharashtra","Akola","1056.0","64.8","22.8","56.7","8.8","46.5","13.9","27.0","813.9","1065.5","130.91"
"114","2005","7","Maharashtra","Akola","1056.0","64.9","22.8","56.9","8.8","46.6","13.8","27.6","813.0","913.5","112.36"
"114","2006","7","Maharashtra","Akola","1056.0","64.9","22.8","57.6","8.8","46.5","13.8","27.3","812.7","1078.0","132.64"
"114","2007","7","Maharashtra","Akola","1056.0","64.9","22.7","57.5","8.8","46.5","13.8","28.2","812.0","1092.6","134.56"
"114","2008","7","Maharashtra","Akola","1056.0","65.1","22.7","57.8","8.8","46.5","13.9","28.0","811.6","1066.4","131.39"
"114","2009","7","Maharashtra","Akola","1056.0","65.1","22.7","58.0","8.8","46.5","13.9","28.0","811.4","1103.5","136.0"
"114","2010","7","Maharashtra","Akola","1056.0","65.1","22.7","58.9","8.8","46.4","13.6","26.9","812.0","1117.2","137.59"
"114","2011","7","Maharashtra","Akola","1056.0","65.1","22.7","59.7","8.8","46.5","13.6","26.9","811.1","942.1","116.15"
"114","2012","7","Maharashtra","Akola","1056.0","65.1","22.7","59.7","8.8","46.5","13.6","26.9","811.1","1175.6","144.94"
"114","2013","7","Maharashtra","Akola","1056.0","64.9","22.7","60.0","8.4","46.4","13.8","27.2","811.0","1211.6","149.4"
"114","2014","7","Maharashtra","Akola","1056.0","67.8","22.7","60.2","8.2","46.0","14.2","27.5","807.8","1213.0","150.16"
"114","2015","7","Maharashtra","Akola","1056.0","68.0","22.3","61.7","8.2","46.0","14.1","27.5","806.4","1201.0","148.93"
"114","2016","7","Maharashtra","Akola","1056.0","66.6","18.8","62.7","8.4","45.5","14.4","27.0","811.0","1222.7","150.76"
"114","2017","7","Maharashtra","Akola","1056.0","66.6","18.8","63.3","8.3","45.5","14.2","26.6","811.0","1210.6","149.27"
"114","2018","7","Maharashtra","Akola","-1.0","-1.0","-1.0","-1.0","-1.0","-1.0","-1.0","-1.0","-1.0","-1.0","-1.0"
"114","2019","7","Maharashtra","Akola","-1.0","-1.0","-1.0","-1.0","-1.0","-1.0","-1.0","-1.0","-1.0","-1.0","-1.0"
"114","2020","7","Maharashtra","Akola","-1.0","-1.0","-1.0","-1.0","-1.0","-1.0","-1.0","-1.0","-1.0","-1.0","-1.0"
"115","2000","7","Maharashtra","Amarawati","1221.7","310.1","19.5","43.5","9.3","53.1","14.3","13.6","751.3","1028.9","136.95"
"115","2001","7","Maharashtra","Amarawati","1221.7","309.8","19.5","43.7","9.3","33.1","14.2","34.3","750.8","1031.1","137.33"
"115","2002","7","Maharashtra","Amarawati","1221.7","309.7","19.5","44.0","9.3","33.1","14.2","35.0","749.9","1049.1","139.9"
"115","2003","7","Maharashtra","Amarawati","1221.7","309.7","19.5","44.4","9.4","33.1","14.4","34.7","749.5","1054.4","140.68"
"115","2004","7","Maharashtra","Amarawati","1221.7","309.8","19.5","44.5","9.2","33.2","14.6","32.1","752.0","1071.7","142.51"
"115","2005","7","Maharashtra","Amarawati","1221.7","309.8","19.5","44.6","9.2","33.2","14.6","32.1","751.9","789.5","105.0"
"115","2006","7","Maharashtra","Amarawati","1221.7","309.8","19.5","44.5","9.2","33.2","14.6","32.1","752.0","1092.7","145.31"
"115","2007","7","Maharashtra","Amarawati","1221.7","309.8","19.6","44.7","9.2","33.2","14.5","31.6","752.3","1111.7","147.77"
"115","2008","7","Maharashtra","Amarawati","1221.7","309.8","19.6","44.7","9.2","33.2","14.5","31.6","752.3","1111.7","147.77"
"115","2009","7","Maharashtra","Amarawati","1221.7","309.8","19.6","44.7","9.2","33.2","14.1","32.4","751.9","984.1","130.88"
"115","2010","7","Maharashtra","Amarawati","1221.7","309.9","19.6","44.8","9.2","33.2","14.4","32.7","751.0","891.3","118.68"
"115","2011","7","Maharashtra","Amarawati","1221.7","309.9","19.6","44.8","9.2","33.2","14.4","32.7","751.0","762.3","101.5"
"115","2012","7","Maharashtra","Amarawati","1221.7","309.9","19.6","44.8","9.2","33.2","14.4","32.7","751.0","984.2","131.05"
"115","2013","7","Maharashtra","Amarawati","1221.7","309.9","19.6","44.8","9.2","33.2","14.4","33.0","751.4","984.2","130.98"
"115","2014","7","Maharashtra","Amarawati","1221.6","309.9","19.6","44.9","9.2","33.2","14.4","32.8","751.4","984.0","130.96"
"115","2015","7","Maharashtra","Amarawati","1221.7","309.9","19.6","44.9","9.2","33.2","14.4","33.4","751.0","983.8","131.0"
"115","2016","7","Maharashtra","Amarawati","1221.7","309.9","19.6","44.9","9.2","33.2","14.4","33.4","751.0","983.8","131.0"
"115","2017","7","Maharashtra","Amarawati","1221.7","309.9","19.6","44.9","9.2","33.2","14.4","33.4","749.3","982.1","131.07"
"115","2018","7","Maharashtra","Amarawati","-1.0","-1.0","-1.0","-1.0","-1.0","-1.0","-1.0","-1.0","-1.0","-1.0","-1.0"
"115","2019","7","Maharashtra","Amarawati","-1.0","-1.0","-1.0","-1.0","-1.0","-1.0","-1.0","-1.0","-1.0","-1.0","-1.0"
"115","2020","7","Maharashtra","Amarawati","-1.0","-1.0","-1.0","-1.0","-1.0","-1.0","-1.0","-1.0","-1.0","-1.0","-1.0"
"116","2000","7","Maharashtra","Yavatmal","1351.9","244.1","39.4","63.9","22.9","60.4","25.9","33.9","847.9","976.5","115.17"
"116","2001","7","Maharashtra","Yavatmal","1351.9","244.1","39.4","63.8","23.1","60.4","25.8","33.0","848.8","977.4","115.15"
"116","2002","7","Maharashtra","Yavatmal","1351.9","243.0","39.4","64.4","22.8","60.4","25.4","33.3","849.7","978.3","115.13"
"116","2003","7","Maharashtra","Yavatmal","1351.9","243.0","39.4","64.7","22.8","60.5","25.1","33.5","849.4","978.0","115.14"
"116","2004","7","Maharashtra","Yavatmal","1351.9","242.9","39.4","64.7","22.8","60.5","25.3","35.2","847.6","976.2","115.17"
"116","2005","7","Maharashtra","Yavatmal","1351.9","242.9","39.4","64.7","22.8","60.5","25.3","35.2","847.6","887.4","104.7"
"116","2006","7","Maharashtra","Yavatmal","1351.9","242.9","39.4","64.7","22.8","60.5","25.3","35.2","847.6","977.2","115.29"
"116","2007","7","Maharashtra","Yavatmal","1351.9","242.9","39.4","64.9","22.7","60.5","25.3","36.0","846.9","976.4","115.29"
"116","2008","7","Maharashtra","Yavatmal","1351.9","242.8","39.5","65.2","22.6","60.5","25.4","36.1","846.3","976.4","115.37"
"116","2009","7","Maharashtra","Yavatmal","1351.9","243.1","39.6","65.5","22.7","59.8","25.7","37.3","844.9","976.4","115.56"
"116","2010","7","Maharashtra","Yavatmal","1351.9","243.1","39.6","65.6","22.8","59.9","25.8","37.8","844.2","985.0","116.68"
"116","2011","7","Maharashtra","Yavatmal","1351.9","240.9","39.4","61.6","22.8","59.9","25.8","37.8","850.7","960.5","112.91"
"116","2012","7","Maharashtra","Yavatmal","1351.9","240.9","39.4","61.6","22.8","59.9","25.8","37.8","850.7","992.5","116.67"
"116","2013","7","Maharashtra","Yavatmal","1351.9","240.9","39.4","61.6","22.8","59.9","25.3","35.9","854.7","996.5","116.59"
"116","2014","7","Maharashtra","Yavatmal","1352.0","237.4","39.7","61.7","22.8","60.5","25.8","37.8","854.7","998.0","116.77"
"116","2015","7","Maharashtra","Yavatmal","1351.9","237.4","39.7","61.7","22.8","60.5","25.8","37.8","854.7","992.6","116.13"
"116","2016","7","Maharashtra","Yavatmal","1351.9","237.4","39.7","61.7","22.8","60.5","25.8","37.8","854.7","992.6","116.13"
"116","2017","7","Maharashtra","Yavatmal","1351.9","237.4","39.7","61.7","22.8","60.5","25.8","37.8","854.7","992.6","116.13"
"116","2018","7","Maharashtra","Yavatmal","-1.0","-1.0","-1.0","-1.0","-1.0","-1.0","-1.0","-1.0","-1.0","-1.0","-1.0"
"116","2019","7","Maharashtra","Yavatmal","-1.0","-1.0","-1.0","-1.0","-1.0","-1.0","-1.0","-1.0","-1.0","-1.0","-1.0"
"116","2020","7","Maharashtra","Yavatmal","-1.0","-1.0","-1.0","-1.0","-1.0","-1.0","-1.0","-1.0","-1.0","-1.0","-1.0"
"117","2000","7","Maharashtra","Wardha","628.9","62.1","10.7","43.3","14.7","38.8","23.8","61.5","365.9","384.1","104.97"
"117","2001","7","Maharashtra","Wardha","628.9","62.0","10.7","43.2","14.9","38.8","23.0","62.9","365.3","384.1","105.15"
"117","2002","7","Maharashtra","Wardha","628.9","62.0","10.7","43.2","14.9","38.8","23.0","62.9","365.3","384.1","105.15"
"117","2003","7","Maharashtra","Wardha","628.9","62.5","10.6","43.5","15.2","38.1","21.8","63.0","366.1","386.2","105.49"
"117","2004","7","Maharashtra","Wardha","628.9","62.5","10.7","43.6","15.6","38.2","22.4","63.3","364.5","384.8","105.57"
"117","2005","7","Maharashtra","Wardha","628.9","62.4","10.3","45.0","15.7","38.3","21.8","62.8","364.5","433.8","119.01"
"117","2006","7","Maharashtra","Wardha","628.9","62.4","10.3","45.0","15.7","38.3","20.8","62.9","365.4","388.8","106.4"
"117","2007","7","Maharashtra","Wardha","628.9","62.3","10.2","46.0","15.5","38.2","20.7","63.4","364.5","390.1","107.02"
"117","2008","7","Maharashtra","Wardha","628.9","62.6","10.2","46.7","15.4","36.4","22.8","62.1","364.7","387.9","106.36"
"117","2009","7","Maharashtra","Wardha","628.9","62.7","10.5","47.4","15.0","35.1","22.9","62.4","364.1","458.9","126.04"
"117","2010","7","Maharashtra","Wardha","628.9","62.8","10.7","47.4","15.2","35.0","21.0","63.6","364.4","466.8","128.1"
"117","2011","7","Maharashtra","Wardha","628.9","62.1","10.6","47.4","15.2","35.0","20.6","65.0","364.4","478.3","131.26"
"117","2012","7","Maharashtra","Wardha","628.9","62.1","10.6","47.9","16.2","35.0","20.6","63.6","364.4","470.9","129.23"
"117","2013","7","Maharashtra","Wardha","628.9","61.9","10.6","47.9","16.2","35.0","20.8","64.2","362.8","469.2","129.33"
"117","2014","7","Maharashtra","Wardha","629.0","61.9","10.6","48.1","16.3","35.0","20.6","63.6","363.5","465.0","127.92"
"117","2015","7","Maharashtra","Wardha","628.9","61.9","10.6","48.2","16.3","35.3","20.5","63.4","363.4","462.5","127.27"
"117","2016","7","Maharashtra","Wardha","628.9","61.8","10.5","48.0","16.4","63.9","20.4","53.3","345.2","446.8","129.43"
"117","2017","7","Maharashtra","Wardha","628.9","61.8","10.6","48.0","16.5","64.4","20.4","53.5","344.1","447.8","130.14"
"117","2018","7","Maharashtra","Wardha","-1.0","-1.0","-1.0","-1.0","-1.0","-1.0","-1.0","-1.0","-1.0","-1.0","-1.0"
"117","2019","7","Maharashtra","Wardha","-1.0","-1.0","-1.0","-1.0","-1.0","-1.0","-1.0","-1.0","-1.0","-1.0","-1.0"
"117","2020","7","Maharashtra","Wardha","-1.0","-1.0","-1.0","-1.0","-1.0","-1.0","-1.0","-1.0","-1.0","-1.0","-1.0"
"118","2000","7","Maharashtra","Nagpur","986.4","184.2","21.0","70.3","31.7","77.9","23.3","21.7","548.2","593.8","108.32"
"118","2001","7","Maharashtra","Nagpur","986.4","164.3","31.1","90.7","41.0","57.9","23.5","22.4","546.7","591.9","108.27"
"118","2002","7","Maharashtra","Nagpur","986.4","164.3","31.1","90.7","41.6","57.9","23.5","22.4","546.7","591.9","108.27"
"118","2003","7","Maharashtra","Nagpur","986.4","164.3","31.3","91.2","41.8","57.7","24.2","21.0","546.9","598.5","109.43"
"118","2004","7","Maharashtra","Nagpur","986.4","164.3","31.2","91.7","41.6","57.6","24.0","20.9","547.1","596.1","108.96"
"118","2005","7","Maharashtra","Nagpur","986.4","164.2","31.0","95.4","38.5","56.9","24.0","21.0","547.3","630.9","115.27"
"118","2006","7","Maharashtra","Nagpur","986.4","164.5","31.3","95.3","38.4","57.0","24.3","20.5","547.0","598.9","109.49"
"118","2007","7","Maharashtra","Nagpur","986.4","164.5","31.3","96.7","38.4","56.9","23.9","20.1","546.6","599.3","109.64"
"118","2008","7","Maharashtra","Nagpur","986.4","164.4","31.3","97.0","38.5","57.5","23.7","20.2","546.1","590.9","108.2"
"118","2009","7","Maharashtra","Nagpur","986.4","164.4","32.5","97.0","37.4","56.0","21.8","20.3","549.3","647.0","117.79"
"118","2010","7","Maharashtra","Nagpur","986.4","164.4","32.5","97.4","38.0","56.0","21.3","19.8","549.3","646.8","117.75"
"118","2011","7","Maharashtra","Nagpur","986.4","164.4","32.5","97.4","38.0","56.0","21.3","19.8","549.3","641.2","116.73"
"118","2012","7","Maharashtra","Nagpur","986.4","164.4","32.5","97.4","37.6","55.8","21.3","19.8","549.9","641.1","116.58"
"118","2013","7","Maharashtra","Nagpur","986.4","162.8","32.5","97.4","37.9","55.8","21.5","19.6","551.2","646.3","117.25"
"118","2014","7","Maharashtra","Nagpur","986.7","159.4","33.8","98.7","37.7","56.0","21.5","19.5","552.4","649.0","117.49"
"118","2015","7","Maharashtra","Nagpur","986.4","159.4","33.8","99.1","36.9","55.3","21.4","19.8","553.2","649.8","117.46"
"118","2016","7","Maharashtra","Nagpur","986.4","155.2","33.3","99.7","33.9","55.5","21.3","19.8","560.0","658.8","117.64"
"118","2017","7","Maharashtra","Nagpur","986.4","155.0","33.3","99.7","33.7","55.9","21.3","20.9","558.7","655.5","117.33"
"118","2018","7","Maharashtra","Nagpur","-1.0","-1.0","-1.0","-1.0","-1.0","-1.0","-1.0","-1.0","-1.0","-1.0","-1.0"
"118","2019","7","Maharashtra","Nagpur","-1.0","-1.0","-1.0","-1.0","-1.0","-1.0","-1.0","-1.0","-1.0","-1.0","-1.0"
"118","2020","7","Maharashtra","Nagpur","-1.0","-1.0","-1.0","-1.0","-1.0","-1.0","-1.0","-1.0","-1.0","-1.0","-1.0"
"119","2000","7","Maharashtra","Bhandara","927.9","267.6","17.8","88.0","27.6","131.7","7.8","17.5","360.5","421.3","116.87"
"119","2001","7","Maharashtra","Bhandara","927.9","267.7","18.0","88.6","27.5","130.7","7.4","14.2","364.4","433.8","119.05"
"119","2002","7","Maharashtra","Bhandara","927.9","267.7","18.0","88.6","27.5","130.7","7.4","14.2","364.4","433.8","119.05"
"119","2003","7","Maharashtra","Bhandara","927.9","268.4","18.0","88.9","27.8","129.3","7.3","13.9","364.8","439.8","120.56"
"119","2004","7","Maharashtra","Bhandara","927.9","268.5","18.1","90.0","28.4","129.2","9.8","18.4","357.5","418.4","117.03"
"119","2005","7","Maharashtra","Bhandara","927.9","269.5","18.1","90.1","28.1","128.2","8.1","15.9","361.2","472.6","130.84"
"119","2006","7","Maharashtra","Bhandara","927.9","269.5","18.1","89.9","28.7","128.2","8.0","15.1","361.7","433.9","119.96"
"119","2007","7","Maharashtra","Bhandara","927.9","269.5","18.1","90.2","28.5","128.3","7.9","14.9","361.8","436.5","120.65"
"119","2008","7","Maharashtra","Bhandara","927.9","269.5","18.1","90.4","28.5","128.3","7.5","15.6","361.5","424.8","117.51"
"119","2009","7","Maharashtra","Bhandara","927.9","269.3","18.2","90.7","28.3","128.4","7.4","15.3","361.0","464.4","128.64"
"119","2010","7","Maharashtra","Bhandara","927.9","269.6","18.0","90.8","28.3","127.9","7.5","14.2","362.4","475.2","131.13"
"119","2011","7","Maharashtra","Bhandara","927.9","269.6","18.0","90.8","28.3","128.3","7.4","14.2","361.6","428.3","118.45"
"119","2012","7","Maharashtra","Bhandara","927.9","269.6","18.0","89.7","28.3","130.1","7.4","14.2","360.8","494.0","136.92"
"119","2013","7","Maharashtra","Bhandara","927.9","269.3","17.8","92.0","27.6","130.1","7.2","13.9","360.3","496.3","137.75"
"119","2014","7","Maharashtra","Bhandara","928.1","269.3","17.8","92.9","28.0","130.1","7.3","14.3","358.7","493.0","137.44"
"119","2015","7","Maharashtra","Bhandara","927.9","269.3","17.8","93.0","28.0","130.2","6.9","14.3","358.9","493.6","137.53"
"119","2016","7","Maharashtra","Bhandara","927.9","269.3","17.8","93.0","28.0","130.2","6.5","14.4","359.3","501.7","139.63"
"119","2017","7","Maharashtra","Bhandara","927.9","269.2","17.7","93.0","28.2","130.4","5.7","16.3","357.6","484.0","135.35"
"119","2018","7","Maharashtra","Bhandara","-1.0","-1.0","-1.0","-1.0","-1.0","-1.0","-1.0","-1.0","-1.0","-1.0","-1.0"
"119","2019","7","Maharashtra","Bhandara","-1.0","-1.0","-1.0","-1.0","-1.0","-1.0","-1.0","-1.0","-1.0","-1.0","-1.0"
"119","2020","7","Maharashtra","Bhandara","-1.0","-1.0","-1.0","-1.0","-1.0","-1.0","-1.0","-1.0","-1.0","-1.0","-1.0"
"120","2000","7","Maharashtra","Chandrapur","2583.4","1490.0","41.2","143.4","59.7","125.2","27.4","64.9","615.0","698.7","113.61"
"120","2001","7","Maharashtra","Chandrapur","2583.4","1488.5","41.2","163.7","61.7","105.0","26.0","62.3","620.1","712.6","114.92"
"120","2002","7","Maharashtra","Chandrapur","2583.4","1488.5","41.2","163.7","59.7","105.0","26.0","62.3","620.1","712.6","114.92"
"120","2003","7","Maharashtra","Chandrapur","2583.4","1487.4","41.5","164.1","59.2","105.1","25.3","61.6","622.0","722.6","116.17"
"120","2004","7","Maharashtra","Chandrapur","2583.4","1485.7","41.2","162.7","59.5","105.5","24.8","67.8","619.5","717.6","115.84"
"120","2005","7","Maharashtra","Chandrapur","2583.4","1487.4","40.9","162.8","58.6","109.0","22.7","64.1","622.7","730.7","117.34"
"120","2006","7","Maharashtra","Chandrapur","2583.4","1488.2","40.9","164.2","58.5","108.3","22.7","61.7","624.1","735.2","117.8"
"120","2007","7","Maharashtra","Chandrapur","2583.4","1488.3","40.5","164.5","58.4","108.7","21.4","61.4","625.5","743.8","118.91"
"120","2008","7","Maharashtra","Chandrapur","2583.4","1488.4","40.3","164.5","58.3","107.4","20.6","61.8","628.0","733.3","116.77"
"120","2009","7","Maharashtra","Chandrapur","2583.4","1488.6","40.2","164.9","58.0","106.6","23.4","64.1","623.3","717.7","115.15"
"120","2010","7","Maharashtra","Chandrapur","2583.4","1488.6","40.2","165.4","57.5","106.8","22.6","62.6","626.0","729.6","116.55"
"120","2011","7","Maharashtra","Chandrapur","2583.4","1488.6","40.2","167.5","58.8","106.3","21.7","61.2","626.0","687.2","109.78"
"120","2012","7","Maharashtra","Chandrapur","2583.4","1488.6","40.4","169.4","58.7","105.0","22.0","60.5","625.6","748.9","119.71"
"120","2013","7","Maharashtra","Chandrapur","2583.4","1484.3","40.3","168.6","58.7","104.8","21.4","61.0","630.5","749.3","118.84"
"120","2014","7","Maharashtra","Chandrapur","2583.4","1484.7","39.8","168.3","58.7","104.8","20.1","61.3","632.6","747.0","118.08"
"120","2015","7","Maharashtra","Chandrapur","2583.4","1484.7","39.8","169.9","58.5","104.8","19.5","62.9","630.1","744.6","118.17"
"120","2016","7","Maharashtra","Chandrapur","2583.4","1484.6","39.8","170.0","58.8","104.8","19.1","60.0","633.1","756.4","119.48"
"120","2017","7","Maharashtra","Chandrapur","2583.4","1486.5","39.7","169.7","58.2","104.8","19.2","61.5","630.7","744.3","118.01"
"120","2018","7","Maharashtra","Chandrapur","-1.0","-1.0","-1.0","-1.0","-1.0","-1.0","-1.0","-1.0","-1.0","-1.0","-1.0"
"120","2019","7","Maharashtra","Chandrapur","-1.0","-1.0","-1.0","-1.0","-1.0","-1.0","-1.0","-1.0","-1.0","-1.0","-1.0"
"120","2020","7","Maharashtra","Chandrapur","-1.0","-1.0","-1.0","-1.0","-1.0","-1.0","-1.0","-1.0","-1.0","-1.0","-1.0"
"121","2000","3","Gujarat","Ahmedabad","901.83","11.49","66.64","79.58","29.49","34.51","1.55","83.96","592.16","653.15","110.3"
"121","2001","3","Gujarat","Ahmedabad","901.83","11.49","66.64","79.74","29.43","34.51","1.15","76.95","599.47","656.88","109.58"
"121","2002","3","Gujarat","Ahmedabad","901.83","11.43","66.64","79.94","28.9","34.51","1.15","77.17","599.64","672.2","112.1"
"121","2003","3","Gujarat","Ahmedabad","901.83","11.43","66.64","79.94","28.9","34.51","1.15","70.98","605.83","675.39","111.48"
"121","2004","3","Gujarat","Ahmedabad","901.83","11.49","66.73","80.04","28.9","34.41","1.15","85.03","591.62","689.7","116.58"
"121","2005","3","Gujarat","Ahmedabad","901.83","11.49","66.53","80.3","28.84","34.51","1.25","75.19","601.24","707.38","117.65"
"121","2006","3","Gujarat","Ahmedabad","901.83","11.49","66.44","86.56","28.24","33.91","1.15","35.81","635.86","759.33","119.42"
"121","2007","3","Gujarat","Ahmedabad","936.14","11.59","53.74","87.12","25.01","34.31","1.15","23.7","662.76","768.09","115.89"
"121","2008","3","Gujarat","Ahmedabad","936.14","12.01","53.68","87.42","41.81","33.2","1.15","29.4","640.66","764.54","119.34"
"121","2009","3","Gujarat","Ahmedabad","936.14","11.75","65.04","88.06","29.78","32.6","1.05","18.13","652.81","797.45","122.16"
"121","2010","3","Gujarat","Ahmedabad","936.14","12.14","47.88","89.08","24.73","35.82","1.25","25.01","663.46","827.91","124.79"
"121","2011","3","Gujarat","Ahmedabad","936.14","12.2","36.88","100.61","20.79","34.4","1.25","25.35","667.91","847.56","126.9"
"121","2012","3","Gujarat","Ahmedabad","-1.0","-1.0","-1.0","-1.0","-1.0","-1.0","-1.0","-1.0","-1.0","-1.0","-1.0"
"121","2013","3","Gujarat","Ahmedabad","-1.0","-1.0","-1.0","-1.0","-1.0","-1.0","-1.0","-1.0","-1.0","-1.0","-1.0"
"121","2014","3","Gujarat","Ahmedabad","934.36","22.94","58.43","115.31","39.89","37.98","1.0","15.41","628.88","899.66","143.06"
"121","2015","3","Gujarat","Ahmedabad","934.36","18.47","53.52","115.31","41.48","38.45","0.9","32.61","619.16","824.67","133.19"
"121","2016","3","Gujarat","Ahmedabad","934.36","16.3","50.87","115.31","38.52","37.91","2.3","14.47","644.17","847.94","131.63"
"121","2017","3","Gujarat","Ahmedabad","934.36","16.32","43.0","115.31","37.04","39.38","2.58","14.42","651.81","888.89","136.37"
"121","2018","3","Gujarat","Ahmedabad","919.84","16.2","42.99","117.39","37.1","38.33","0.9","27.22","639.12","854.83","133.75"
"121","2019","3","Gujarat","Ahmedabad","919.84","16.18","42.99","94.1","36.8","38.32","1.49","12.95","653.4","876.32","134.12"
"121","2020","3","Gujarat","Ahmedabad","919.85","16.15","42.77","118.01","35.71","38.69","2.33","10.75","655.43","875.12","133.52"
"122","2000","3","Gujarat","Amreli","739.2","36.5","23.6","46.0","12.1","54.3","2.1","28.6","536.0","544.8","101.64"
"122","2001","3","Gujarat","Amreli","739.2","36.5","23.5","46.1","12.0","54.3","1.4","24.7","540.7","551.5","102.0"
"122","2002","3","Gujarat","Amreli","739.2","36.0","24.0","46.1","12.0","54.3","1.4","22.9","542.5","557.3","102.73"
"122","2003","3","Gujarat","Amreli","739.2","36.0","24.0","46.1","12.0","54.3","1.4","18.2","547.2","576.8","105.41"
"122","2004","3","Gujarat","Amreli","739.2","36.0","24.0","46.1","12.0","54.3","1.4","16.0","549.4","584.4","106.37"
"122","2005","3","Gujarat","Amreli","739.2","36.0","24.0","46.2","12.0","54.3","1.4","12.5","552.8","599.12","108.38"
"122","2006","3","Gujarat","Amreli","739.2","36.0","24.1","46.2","11.9","54.3","1.3","15.0","550.57","595.69","108.2"
"122","2007","3","Gujarat","Amreli","739.7","36.0","23.5","46.2","11.0","54.0","1.4","7.1","560.0","632.8","113.0"
"122","2008","3","Gujarat","Amreli","739.7","36.5","24.5","46.4","38.1","48.5","1.4","7.0","536.8","602.2","112.18"
"122","2009","3","Gujarat","Amreli","739.7","36.2","24.0","47.4","14.9","53.4","1.0","8.6","553.7","626.5","113.15"
"122","2010","3","Gujarat","Amreli","739.7","36.0","20.6","46.5","10.5","50.3","1.1","6.7","567.5","642.4","113.2"
"122","2011","3","Gujarat","Amreli","739.7","37.9","20.6","47.2","13.1","46.4","0.9","6.8","566.3","643.1","113.56"
"122","2012","3","Gujarat","Amreli","-1.0","-1.0","-1.0","-1.0","-1.0","-1.0","-1.0","-1.0","-1.0","-1.0","-1.0"
"122","2013","3","Gujarat","Amreli","-1.0","-1.0","-1.0","-1.0","-1.0","-1.0","-1.0","-1.0","-1.0","-1.0","-1.0"
"122","2014","3","Gujarat","Amreli","729.5","42.7","23.2","48.9","12.5","55.7","1.8","1.5","543.1","582.8","107.31"
"122","2015","3","Gujarat","Amreli","729.5","42.4","20.6","48.9","20.9","51.9","1.9","15.6","527.2","581.7","110.34"
"122","2016","3","Gujarat","Amreli","729.5","41.9","18.3","49.9","14.7","51.3","0.3","14.7","538.0","598.0","111.15"
"122","2017","3","Gujarat","Amreli","729.5","41.9","18.3","49.9","16.5","51.3","0.3","12.7","538.2","582.6","108.25"
"122","2018","3","Gujarat","Amreli","729.49","41.87","18.31","50.04","14.61","51.34","0.35","10.08","542.55","571.82","105.39"
"122","2019","3","Gujarat","Amreli","729.49","41.87","18.31","46.48","14.61","51.34","0.35","10.08","542.54","634.71","116.99"
"122","2020","3","Gujarat","Amreli","729.49","36.43","18.13","50.11","10.96","48.05","3.36","7.12","555.28","750.98","135.25"
"123","2000","3","Gujarat","Banaskantha","1044.9","105.2","34.1","52.9","18.6","65.1","0.0","42.3","726.7","1008.3","138.75"
"123","2001","3","Gujarat","Banaskantha","1044.9","105.2","34.1","52.9","18.6","65.1","0.0","32.6","736.4","1036.5","140.75"
"123","2002","3","Gujarat","Banaskantha","1044.9","110.7","31.0","52.9","17.6","65.1","0.0","35.9","731.7","1049.5","143.43"
"123","2003","3","Gujarat","Banaskantha","1044.9","110.7","31.0","53.0","17.6","65.1","0.0","23.4","744.1","1033.6","138.91"
"123","2004","3","Gujarat","Banaskantha","1044.9","110.7","31.0","53.0","17.6","65.1","0.0","35.5","732.0","968.0","132.24"
"123","2005","3","Gujarat","Banaskantha","1044.9","110.6","31.0","53.1","17.6","65.1","0.0","29.0","738.42","1029.08","139.36"
"123","2006","3","Gujarat","Banaskantha","1044.9","110.7","31.0","53.2","17.8","65.1","0.0","27.3","739.77","985.01","133.15"
"123","2007","3","Gujarat","Banaskantha","1070.0","110.8","30.1","53.3","15.0","65.1","0.0","23.5","747.1","1032.1","138.15"
"123","2008","3","Gujarat","Banaskantha","1070.0","111.1","33.4","53.3","24.3","65.1","0.0","107.1","650.7","888.8","136.59"
"123","2009","3","Gujarat","Banaskantha","1070.0","111.0","29.9","56.6","24.5","64.7","0.5","21.4","736.3","1028.4","139.67"
"123","2010","3","Gujarat","Banaskantha","1070.0","110.8","29.7","56.6","14.8","64.0","0.4","23.2","745.4","1083.4","145.34"
"123","2011","3","Gujarat","Banaskantha","1070.0","110.8","28.6","57.4","15.3","63.8","0.5","23.9","744.6","1096.9","147.31"
"123","2012","3","Gujarat","Banaskantha","-1.0","-1.0","-1.0","-1.0","-1.0","-1.0","-1.0","-1.0","-1.0","-1.0","-1.0"
"123","2013","3","Gujarat","Banaskantha","-1.0","-1.0","-1.0","-1.0","-1.0","-1.0","-1.0","-1.0","-1.0","-1.0","-1.0"
"123","2014","3","Gujarat","Banaskantha","1077.0","166.8","75.7","69.5","38.9","72.2","1.8","18.0","634.1","1213.4","191.36"
"123","2015","3","Gujarat","Banaskantha","1077.0","164.4","37.5","69.5","14.3","63.1","1.8","89.2","637.0","1172.5","184.07"
"123","2016","3","Gujarat","Banaskantha","1077.0","160.6","31.0","69.5","8.5","60.8","0.0","54.9","691.7","1278.6","184.85"
"123","2017","3","Gujarat","Banaskantha","1077.0","160.6","31.4","69.5","8.2","60.8","0.0","54.9","691.6","1278.5","184.86"
"123","2018","3","Gujarat","Banaskantha","1077.03","158.34","31.37","70.54","7.9","60.78","-1.0","80.68","667.42","1240.84","185.91"
"123","2019","3","Gujarat","Banaskantha","1077.03","159.59","31.37","56.66","8.0","60.78","0.05","53.83","691.88","1268.17","183.29"
"123","2020","3","Gujarat","Banaskantha","1077.03","160.09","31.37","71.56","7.8","60.44","-1.0","51.65","694.12","1341.2","193.22"
"124","2000","3","Gujarat","Bharuch","804.8","142.8","25.1","103.4","34.0","25.0","0.0","41.8","432.7","436.2","100.81"
"124","2001","3","Gujarat","Bharuch","804.8","142.8","25.1","103.4","38.9","25.0","0.0","29.7","439.9","445.1","101.18"
"124","2002","3","Gujarat","Bharuch","804.8","139.3","28.4","103.5","39.2","24.9","0.0","31.3","438.2","443.3","101.16"
"124","2003","3","Gujarat","Bharuch","804.8","139.3","28.4","103.5","39.2","24.9","0.0","26.8","442.7","459.0","103.68"
"124","2004","3","Gujarat","Bharuch","804.8","139.3","28.4","103.6","39.1","24.9","0.0","26.8","442.7","458.7","103.61"
"124","2005","3","Gujarat","Bharuch","804.8","139.2","28.4","103.7","39.1","24.9","0.0","48.2","421.28","437.52","103.85"
"124","2006","3","Gujarat","Bharuch","804.8","139.3","28.4","103.6","39.2","25.0","0.0","50.5","418.95","451.76","107.83"
"124","2007","3","Gujarat","Bharuch","932.8","139.4","27.5","103.7","36.0","25.0","0.0","44.9","428.3","457.6","106.84"
"124","2008","3","Gujarat","Bharuch","932.8","145.0","26.1","108.7","46.5","25.0","0.0","29.9","423.5","441.2","104.18"
"124","2009","3","Gujarat","Bharuch","932.8","140.3","25.1","104.5","56.2","24.4","0.0","41.2","413.1","455.9","110.36"
"124","2010","3","Gujarat","Bharuch","932.8","140.5","25.2","104.7","36.4","26.0","0.0","39.9","432.1","467.3","108.15"
"124","2011","3","Gujarat","Bharuch","932.8","141.2","24.3","104.9","32.8","25.5","2.3","38.0","435.8","500.2","114.78"
"124","2012","3","Gujarat","Bharuch","-1.0","-1.0","-1.0","-1.0","-1.0","-1.0","-1.0","-1.0","-1.0","-1.0","-1.0"
"124","2013","3","Gujarat","Bharuch","-1.0","-1.0","-1.0","-1.0","-1.0","-1.0","-1.0","-1.0","-1.0","-1.0","-1.0"
"124","2014","3","Gujarat","Bharuch","933.9","147.7","50.3","113.2","48.8","22.4","0.7","6.0","412.2","438.1","106.28"
"124","2015","3","Gujarat","Bharuch","933.9","138.0","28.2","113.2","40.3","21.0","0.8","33.3","426.8","437.7","102.55"
"124","2016","3","Gujarat","Bharuch","933.9","135.1","23.4","114.5","36.5","22.4","9.2","26.9","432.6","447.7","103.49"
"124","2017","3","Gujarat","Bharuch","933.9","135.2","23.4","114.5","40.4","22.4","9.4","27.3","427.9","446.8","104.42"
"124","2018","3","Gujarat","Bharuch","801.66","135.19","23.39","115.44","39.72","22.37","10.02","43.33","411.75","442.43","107.45"
"124","2019","3","Gujarat","Bharuch","801.66","135.25","23.44","105.48","39.71","22.37","10.02","40.65","414.32","460.91","111.24"
"124","2020","3","Gujarat","Bharuch","801.66","127.95","24.94","116.7","48.93","22.37","15.37","20.92","422.89","472.3","111.68"
"125","2000","3","Gujarat","Vadodara / Baroda","751.8","78.7","19.6","71.4","5.6","31.9","-1.0","24.5","514.1","553.3","107.62"
"125","2001","3","Gujarat","Vadodara / Baroda","751.8","78.7","19.6","71.4","5.7","31.9","-1.0","19.2","519.3","563.1","108.43"
"125","2002","3","Gujarat","Vadodara / Baroda","751.8","71.3","27.0","71.5","5.7","31.9","-1.0","30.2","508.2","553.7","108.95"
"125","2003","3","Gujarat","Vadodara / Baroda","751.8","71.3","27.0","71.5","5.7","31.9","-1.0","23.4","515.0","564.4","109.59"
"125","2004","3","Gujarat","Vadodara / Baroda","751.8","71.3","27.0","71.7","5.7","32.0","-0.1","27.5","509.7","551.9","108.28"
"125","2005","3","Gujarat","Vadodara / Baroda","751.8","78.3","20.0","71.7","5.5","32.0","-0.1","33.6","503.79","549.93","109.16"
"125","2006","3","Gujarat","Vadodara / Baroda","751.8","78.3","20.0","71.9","5.5","32.0","-0.1","32.8","504.33","554.86","110.02"
"125","2007","3","Gujarat","Vadodara / Baroda","754.0","78.4","18.9","72.0","5.0","32.0","-0.1","13.5","525.1","553.0","105.31"
"125","2008","3","Gujarat","Vadodara / Baroda","754.0","79.0","18.8","72.0","16.5","30.5","-0.1","39.9","488.3","549.3","112.49"
"125","2009","3","Gujarat","Vadodara / Baroda","754.0","89.3","19.8","72.8","20.0","31.6","0.7","16.9","493.6","532.9","107.96"
"125","2010","3","Gujarat","Vadodara / Baroda","754.0","75.5","13.5","73.3","5.0","28.5","-1.0","12.4","537.6","593.1","110.32"
"125","2011","3","Gujarat","Vadodara / Baroda","754.0","79.3","14.8","75.4","5.3","30.6","1.3","15.5","522.5","604.2","115.64"
"125","2012","3","Gujarat","Vadodara / Baroda","-1.0","-1.0","-1.0","-1.0","-1.0","-1.0","-1.0","-1.0","-1.0","-1.0","-1.0"
"125","2013","3","Gujarat","Vadodara / Baroda","-1.0","-1.0","-1.0","-1.0","-1.0","-1.0","-1.0","-1.0","-1.0","-1.0","-1.0"
"125","2014","3","Gujarat","Vadodara / Baroda","779.4","88.2","34.4","81.4","29.4","27.2","0.1","14.0","480.9","524.6","109.09"
"125","2015","3","Gujarat","Vadodara / Baroda","779.4","83.8","26.5","81.4","17.3","27.3","1.1","7.9","510.4","547.8","107.33"
"125","2016","3","Gujarat","Vadodara / Baroda","779.4","83.4","20.4","81.4","13.0","26.1","0.9","12.9","517.1","582.0","112.55"
"125","2017","3","Gujarat","Vadodara / Baroda","779.4","84.6","25.7","81.4","13.4","25.8","0.6","12.9","511.3","552.9","108.14"
"125","2018","3","Gujarat","Vadodara / Baroda","755.93","84.61","25.71","81.85","9.73","25.85","0.31","13.6","514.05","600.3","116.78"
"125","2019","3","Gujarat","Vadodara / Baroda","755.93","84.6","25.71","108.08","10.34","29.47","0.39","12.8","510.49","597.13","116.97"
"125","2020","3","Gujarat","Vadodara / Baroda","755.93","78.5","24.36","81.97","16.65","28.23","4.36","9.23","512.42","627.36","122.43"
"126","2000","3","Gujarat","Bhavnagar","857.35","27.35","96.85","59.05","24.35","60.65","0.35","47.05","537.15","543.55","101.19"
"126","2001","3","Gujarat","Bhavnagar","857.35","27.35","96.85","59.05","24.35","60.65","0.35","37.45","546.75","573.55","104.9"
"126","2002","3","Gujarat","Bhavnagar","857.35","26.25","97.95","59.05","24.35","60.65","0.35","28.45","555.75","623.05","112.11"
"126","2003","3","Gujarat","Bhavnagar","857.35","26.35","97.85","59.15","24.35","60.65","0.35","23.35","560.75","621.85","110.9"
"126","2004","3","Gujarat","Bhavnagar","857.35","26.25","97.95","59.15","24.35","60.55","0.35","36.35","547.85","581.35","106.11"
"126","2005","3","Gujarat","Bhavnagar","857.35","26.25","97.95","59.35","24.35","60.55","1.75","32.65","549.95","648.51","117.92"
"126","2006","3","Gujarat","Bhavnagar","857.35","26.25","98.35","59.45","22.95","60.85","2.85","28.65","553.35","653.34","118.07"
"126","2007","3","Gujarat","Bhavnagar","997.45","26.25","96.95","59.65","22.35","60.95","2.35","43.55","540.75","686.15","126.89"
"126","2008","3","Gujarat","Bhavnagar","997.45","26.05","97.25","59.75","20.35","55.05","2.25","20.45","571.65","674.85","118.05"
"126","2009","3","Gujarat","Bhavnagar","997.45","26.45","88.85","60.45","10.85","68.75","2.75","29.25","565.35","676.35","119.63"
"126","2010","3","Gujarat","Bhavnagar","997.45","26.25","96.45","60.75","22.35","60.95","2.45","29.75","553.85","687.15","124.07"
"126","2011","3","Gujarat","Bhavnagar","997.45","26.25","94.45","60.75","23.45","60.95","3.45","30.75","552.75","687.65","124.41"
"126","2012","3","Gujarat","Bhavnagar","-1.0","-1.0","-1.0","-1.0","-1.0","-1.0","-1.0","-1.0","-1.0","-1.0","-1.0"
"126","2013","3","Gujarat","Bhavnagar","-1.0","-1.0","-1.0","-1.0","-1.0","-1.0","-1.0","-1.0","-1.0","-1.0","-1.0"
"126","2014","3","Gujarat","Bhavnagar","1000.06","40.08","32.18","63.73","45.88","50.38","2.8","27.41","575.48","646.73","112.38"
"126","2015","3","Gujarat","Bhavnagar","1000.06","31.45","22.77","63.73","45.05","47.7","2.6","27.29","597.36","667.75","111.78"
"126","2016","3","Gujarat","Bhavnagar","1000.06","33.88","18.66","63.73","52.22","49.88","2.1","31.5","585.86","667.74","113.98"
"126","2017","3","Gujarat","Bhavnagar","1000.06","33.81","19.25","63.73","52.36","51.45","2.82","29.74","584.5","665.27","113.82"
"126","2018","3","Gujarat","Bhavnagar","837.88","33.85","19.27","66.05","50.1","50.74","1.75","29.69","586.17","620.63","105.88"
"126","2019","3","Gujarat","Bhavnagar","837.88","33.84","19.27","70.31","49.96","50.73","1.75","27.86","587.82","691.87","117.7"
"126","2020","3","Gujarat","Bhavnagar","837.88","21.76","25.14","66.4","17.91","58.12","5.98","61.32","580.96","797.18","137.22"
"127","2000","3","Gujarat","Valsad","514.5","128.5","15.7","35.7","16.9","7.8","0.0","1.4","308.5","352.1","114.13"
"127","2001","3","Gujarat","Valsad","514.5","128.5","15.7","35.9","16.9","7.7","0.0","1.4","308.4","348.1","112.87"
"127","2002","3","Gujarat","Valsad","514.5","118.5","25.7","35.9","16.9","7.7","0.0","1.0","308.8","349.5","113.18"
"127","2003","3","Gujarat","Valsad","514.5","118.5","25.5","35.9","16.6","7.7","0.0","2.3","308.0","348.1","113.02"
"127","2004","3","Gujarat","Valsad","514.5","118.5","25.4","36.2","16.6","7.9","0.0","1.7","308.2","347.6","112.78"
"127","2005","3","Gujarat","Valsad","514.5","118.5","25.5","36.2","13.6","7.9","0.0","29.9","282.98","299.66","105.89"
"127","2006","3","Gujarat","Valsad","514.5","121.1","25.8","37.8","13.3","7.9","2.4","23.1","283.26","304.12","107.36"
"127","2007","3","Gujarat","Valsad","524.4","121.3","18.7","43.3","20.1","7.8","2.7","5.8","294.8","322.1","109.26"
"127","2008","3","Gujarat","Valsad","524.4","121.6","18.9","43.8","28.9","6.9","2.0","5.7","286.7","303.8","105.96"
"127","2009","3","Gujarat","Valsad","524.4","121.9","19.5","43.9","24.6","7.7","2.3","16.3","278.2","325.4","116.97"
"127","2010","3","Gujarat","Valsad","524.4","124.1","13.5","44.2","12.2","7.9","2.4","7.9","302.3","352.8","116.71"
"127","2011","3","Gujarat","Valsad","524.4","124.3","12.9","45.6","31.1","6.3","0.4","11.1","282.8","326.6","115.49"
"127","2012","3","Gujarat","Valsad","-1.0","-1.0","-1.0","-1.0","-1.0","-1.0","-1.0","-1.0","-1.0","-1.0","-1.0"
"127","2013","3","Gujarat","Valsad","-1.0","-1.0","-1.0","-1.0","-1.0","-1.0","-1.0","-1.0","-1.0","-1.0","-1.0"
"127","2014","3","Gujarat","Valsad","524.5","130.9","26.6","54.1","31.8","16.4","1.8","5.4","249.7","266.3","106.65"
"127","2015","3","Gujarat","Valsad","524.5","129.5","23.1","54.1","19.7","16.3","0.7","15.8","257.4","279.8","108.7"
"127","2016","3","Gujarat","Valsad","524.5","121.7","16.6","54.1","4.6","16.6","0.8","30.9","271.3","311.9","114.96"
"127","2017","3","Gujarat","Valsad","524.5","121.7","15.1","58.8","6.2","16.3","1.0","26.6","271.1","304.3","112.25"
"127","2018","3","Gujarat","Valsad","517.13","121.72","15.1","58.81","6.25","16.29","-0.13","24.04","273.69","329.44","120.37"
"127","2019","3","Gujarat","Valsad","517.13","121.71","15.1","53.2","6.26","16.29","0.88","24.05","273.67","335.54","122.61"
"127","2020","3","Gujarat","Valsad","517.13","118.93","23.82","58.89","12.66","8.82","2.46","28.03","261.04","325.06","124.53"
"128","2000","3","Gujarat","Dangs","229.1","159.8","0.0","12.6","0.0","0.0","0.0","0.0","56.7","57.4","101.23"
"128","2001","3","Gujarat","Dangs","228.6","159.8","0.0","12.6","0.0","0.0","0.0","0.0","56.2","57.4","102.14"
"128","2002","3","Gujarat","Dangs","228.7","159.8","0.0","12.6","0.0","0.0","0.0","0.0","56.3","58.3","103.55"
"128","2003","3","Gujarat","Dangs","228.7","159.8","0.0","12.6","0.0","0.0","0.0","0.0","56.3","58.3","103.55"
"128","2004","3","Gujarat","Dangs","228.7","159.8","0.0","12.6","0.0","0.0","0.0","0.0","56.3","58.6","104.09"
"128","2005","3","Gujarat","Dangs","228.7","159.8","0.0","12.6","0.0","0.0","0.0","0.0","56.2","57.4","102.14"
"128","2006","3","Gujarat","Dangs","228.7","159.8","0.0","12.6","0.0","0.0","0.0","0.0","56.13","57.65","102.71"
"128","2007","3","Gujarat","Dangs","228.7","159.8","0.0","12.6","0.0","0.0","0.0","0.0","55.8","58.2","104.3"
"128","2008","3","Gujarat","Dangs","228.7","159.8","0.0","12.6","0.0","0.0","0.0","0.0","-1.0","-1.0","-1.0"
"128","2009","3","Gujarat","Dangs","228.7","159.8","0.0","12.6","0.0","0.0","0.0","0.0","56.5","61.3","108.5"
"128","2010","3","Gujarat","Dangs","176.4","159.8","-1.0","12.6","-1.0","-1.0","-1.0","-1.0","-1.0","-1.0","-1.0"
"128","2011","3","Gujarat","Dangs","176.4","159.8","-1.0","12.6","-1.0","-1.0","-1.0","-1.0","-1.0","-1.0","-1.0"
"128","2012","3","Gujarat","Dangs","-1.0","-1.0","-1.0","-1.0","-1.0","-1.0","-1.0","-1.0","-1.0","-1.0","-1.0"
"128","2013","3","Gujarat","Dangs","-1.0","-1.0","-1.0","-1.0","-1.0","-1.0","-1.0","-1.0","-1.0","-1.0","-1.0"
"128","2014","3","Gujarat","Dangs","228.7","159.8","2.4","15.3","5.8","0.0","0.0","0.0","52.4","66.0","125.95"
"128","2015","3","Gujarat","Dangs","177.6","101.7","2.4","15.3","5.8","0.0","0.0","0.0","52.4","66.0","125.95"
"128","2016","3","Gujarat","Dangs","177.6","101.7","2.6","15.3","2.1","0.6","0.0","0.0","55.3","93.6","169.26"
"128","2017","3","Gujarat","Dangs","177.6","101.7","2.6","15.3","0.7","0.7","0.0","0.1","56.5","82.8","146.55"
"128","2018","3","Gujarat","Dangs","177.62","101.69","2.63","15.3","0.64","0.7","0.05","0.11","56.5","72.48","128.28"
"128","2019","3","Gujarat","Dangs","177.62","101.69","2.63","12.6","0.64","0.7","0.05","0.11","56.5","88.12","155.96"
"128","2020","3","Gujarat","Dangs","177.62","101.69","2.63","15.3","0.65","0.7","0.05","0.23","56.36","81.45","144.52"
"129","2000","3","Gujarat","Jamnagar","1019.24","47.04","154.64","63.94","31.04","75.34","0.44","60.24","579.14","592.94","102.38"
"129","2001","3","Gujarat","Jamnagar","1019.24","47.14","151.64","63.94","31.04","75.24","0.34","43.84","598.64","624.64","104.34"
"129","2002","3","Gujarat","Jamnagar","1019.24","44.34","154.44","63.94","31.14","75.34","0.14","40.24","602.24","622.64","103.39"
"129","2003","3","Gujarat","Jamnagar","1019.24","44.34","154.44","63.94","31.14","75.34","0.24","34.34","608.04","689.84","113.45"
"129","2004","3","Gujarat","Jamnagar","1019.24","44.34","154.44","64.04","31.14","75.34","0.14","26.54","615.84","672.44","109.19"
"129","2005","3","Gujarat","Jamnagar","1019.24","44.34","154.44","64.04","31.14","75.34","0.14","18.64","623.69","708.14","113.54"
"129","2006","3","Gujarat","Jamnagar","1019.24","44.34","154.44","67.44","31.14","75.34","0.24","19.74","619.17","706.97","114.18"
"129","2007","3","Gujarat","Jamnagar","1384.54","44.44","153.94","67.54","29.64","75.34","0.24","25.34","615.34","753.74","122.49"
"129","2008","3","Gujarat","Jamnagar","1384.54","44.94","151.84","67.74","30.44","74.94","0.14","17.04","624.74","725.64","116.15"
"129","2009","3","Gujarat","Jamnagar","1384.54","44.64","147.74","68.04","28.34","83.34","0.24","9.34","630.14","747.54","118.63"
"129","2010","3","Gujarat","Jamnagar","1384.54","62.04","123.44","68.44","32.24","77.64","0.04","22.04","625.94","759.34","121.31"
"129","2011","3","Gujarat","Jamnagar","1384.54","62.34","113.34","68.44","39.84","74.04","-0.06","27.24","626.64","742.94","118.56"
"129","2012","3","Gujarat","Jamnagar","-1.0","-1.0","-1.0","-1.0","-1.0","-1.0","-1.0","-1.0","-1.0","-1.0","-1.0"
"129","2013","3","Gujarat","Jamnagar","-1.0","-1.0","-1.0","-1.0","-1.0","-1.0","-1.0","-1.0","-1.0","-1.0","-1.0"
"129","2014","3","Gujarat","Jamnagar","1348.92","85.98","113.89","76.46","42.73","64.51","0.2","4.07","637.19","671.85","105.44"
"129","2015","3","Gujarat","Jamnagar","1348.92","75.07","99.11","76.46","48.04","79.8","0.2","29.77","616.57","641.11","103.98"
"129","2016","3","Gujarat","Jamnagar","1348.92","75.67","103.6","76.46","51.53","81.7","0.42","21.71","613.22","667.73","108.89"
"129","2017","3","Gujarat","Jamnagar","1348.92","75.77","102.7","81.26","50.88","81.7","0.23","16.55","615.23","686.94","111.66"
"129","2018","3","Gujarat","Jamnagar","1025.12","76.18","104.01","83.79","46.33","81.19","1.45","36.94","594.46","613.72","103.24"
"129","2019","3","Gujarat","Jamnagar","1025.12","76.18","104.01","109.2","46.33","81.19","1.51","27.03","604.31","911.91","150.9"
"129","2020","3","Gujarat","Jamnagar","1025.12","74.09","97.94","83.85","45.33","70.26","6.37","27.42","619.1","1054.0","170.25"
"130","2000","3","Gujarat","Junagadh","1108.7","199.4","27.4","59.8","13.7","113.4","-1.0","61.7","627.3","667.6","106.42"
"130","2001","3","Gujarat","Junagadh","1108.7","199.4","27.4","59.8","12.5","113.4","-1.0","55.2","635.0","727.6","114.58"
"130","2002","3","Gujarat","Junagadh","1108.7","199.3","27.5","59.8","12.5","113.4","-1.0","47.8","642.4","702.3","109.32"
"130","2003","3","Gujarat","Junagadh","1108.7","199.3","27.5","59.9","12.5","113.4","-1.0","37.5","652.6","817.1","125.21"
"130","2004","3","Gujarat","Junagadh","1108.7","199.3","27.4","59.9","12.5","113.4","-1.0","32.1","658.1","835.1","126.9"
"130","2005","3","Gujarat","Junagadh","1108.7","199.3","27.4","59.9","12.6","113.4","-1.0","23.8","666.3","881.42","132.29"
"130","2006","3","Gujarat","Junagadh","1108.7","199.3","27.4","60.1","12.5","113.4","-1.0","25.9","664.2","947.01","142.58"
"130","2007","3","Gujarat","Junagadh","1113.4","199.4","24.8","60.2","11.0","113.4","-1.0","13.5","680.4","964.2","141.71"
"130","2008","3","Gujarat","Junagadh","1113.4","200.0","27.6","60.6","64.1","104.0","-1.0","13.2","633.2","1008.3","159.24"
"130","2009","3","Gujarat","Junagadh","1113.4","213.7","23.6","61.7","12.1","110.8","-1.0","21.4","659.4","906.1","137.41"
"130","2010","3","Gujarat","Junagadh","1113.4","199.9","18.0","60.7","11.4","108.8","-1.0","15.4","688.5","1003.6","145.77"
"130","2011","3","Gujarat","Junagadh","1113.4","202.3","17.7","60.7","12.5","102.0","-1.0","19.3","688.2","1021.9","148.49"
"130","2012","3","Gujarat","Junagadh","-1.0","-1.0","-1.0","-1.0","-1.0","-1.0","-1.0","-1.0","-1.0","-1.0","-1.0"
"130","2013","3","Gujarat","Junagadh","-1.0","-1.0","-1.0","-1.0","-1.0","-1.0","-1.0","-1.0","-1.0","-1.0","-1.0"
"130","2014","3","Gujarat","Junagadh","1156.2","125.8","74.2","85.2","55.4","66.3","1.8","14.1","686.4","1089.1","158.67"
"130","2015","3","Gujarat","Junagadh","1156.2","126.3","56.8","85.2","21.1","80.4","1.8","76.6","661.2","945.5","143.0"
"130","2016","3","Gujarat","Junagadh","1156.2","134.8","55.5","85.2","13.8","80.6","3.5","53.5","682.8","1024.0","149.97"
"130","2017","3","Gujarat","Junagadh","1156.2","140.8","54.0","85.3","15.2","81.0","3.4","43.4","686.6","1046.8","152.46"
"130","2018","3","Gujarat","Junagadh","1109.77","140.8","54.05","86.11","14.53","81.03","3.08","63.06","666.11","901.74","135.37"
"130","2019","3","Gujarat","Junagadh","1109.77","140.8","54.05","93.82","14.51","81.03","4.08","54.59","673.45","1138.59","169.07"
"130","2020","3","Gujarat","Junagadh","1109.77","135.66","53.23","87.34","14.89","77.93","7.1","48.27","685.34","1232.12","179.78"
"131","2000","3","Gujarat","Kheda","688.87","9.37","35.07","84.37","12.57","28.67","1.07","63.37","452.77","545.87","120.56"
"131","2001","3","Gujarat","Kheda","688.87","9.37","35.07","84.47","12.57","28.67","0.97","52.47","463.67","549.37","118.48"
"131","2002","3","Gujarat","Kheda","688.87","9.37","35.17","84.47","12.57","28.67","0.97","37.87","478.17","608.37","127.23"
"131","2003","3","Gujarat","Kheda","688.87","9.37","34.67","84.57","12.47","28.67","0.87","17.37","499.27","696.77","139.56"
"131","2004","3","Gujarat","Kheda","688.87","9.37","34.67","84.67","12.47","28.67","0.87","14.97","501.57","730.37","145.62"
"131","2005","3","Gujarat","Kheda","688.87","9.27","34.67","84.77","12.57","28.67","0.87","11.67","504.77","713.4","141.33"
"131","2006","3","Gujarat","Kheda","688.87","9.37","34.77","85.07","12.57","28.67","0.87","26.57","489.7","701.41","143.23"
"131","2007","3","Gujarat","Kheda","716.37","9.37","29.27","85.27","11.77","28.67","0.77","12.27","509.87","730.97","143.36"
"131","2008","3","Gujarat","Kheda","716.37","9.67","25.27","85.67","48.07","24.27","0.67","11.77","481.77","699.77","145.25"
"131","2009","3","Gujarat","Kheda","716.37","9.47","33.37","88.37","7.37","24.17","0.47","8.97","515.07","749.77","145.57"
"131","2010","3","Gujarat","Kheda","716.37","9.57","27.57","88.37","11.67","28.27","0.87","13.47","507.47","772.87","152.3"
"131","2011","3","Gujarat","Kheda","716.37","9.97","27.17","89.37","11.27","25.17","0.77","15.17","508.37","814.87","160.29"
"131","2012","3","Gujarat","Kheda","-1.0","-1.0","-1.0","-1.0","-1.0","-1.0","-1.0","-1.0","-1.0","-1.0","-1.0"
"131","2013","3","Gujarat","Kheda","-1.0","-1.0","-1.0","-1.0","-1.0","-1.0","-1.0","-1.0","-1.0","-1.0","-1.0"
"131","2014","3","Gujarat","Kheda","702.08","25.14","33.88","66.21","21.56","30.79","3.2","11.3","486.78","769.43","158.07"
"131","2015","3","Gujarat","Kheda","702.08","21.14","30.2","66.21","13.58","25.69","2.9","8.62","510.92","857.72","167.88"
"131","2016","3","Gujarat","Kheda","702.08","21.04","31.4","71.21","12.29","25.6","3.74","12.57","501.5","864.22","172.33"
"131","2017","3","Gujarat","Kheda","702.08","19.04","31.17","76.67","12.6","25.62","3.74","15.04","495.45","878.69","177.35"
"131","2018","3","Gujarat","Kheda","679.62","17.83","31.18","77.41","12.26","25.64","2.54","6.95","504.6","900.5","178.46"
"131","2019","3","Gujarat","Kheda","679.62","18.83","31.19","78.64","12.26","25.64","2.63","6.65","504.78","890.21","176.36"
"131","2020","3","Gujarat","Kheda","679.62","17.4","35.74","77.51","12.76","25.8","3.79","8.64","496.14","917.81","184.99"
"132","2000","3","Gujarat","Kachchh","4565.2","288.3","1705.4","72.6","1681.2","70.1","0.0","127.5","620.1","655.0","105.63"
"132","2001","3","Gujarat","Kachchh","4565.2","288.3","1704.5","73.6","1681.2","70.1","0.0","78.6","668.9","700.8","104.77"
"132","2002","3","Gujarat","Kachchh","4565.2","306.8","1685.9","73.7","1681.2","70.0","0.0","296.4","451.2","471.0","104.39"
"132","2003","3","Gujarat","Kachchh","4565.2","306.8","1685.7","73.7","1673.4","70.0","0.0","75.7","679.9","727.7","107.03"
"132","2004","3","Gujarat","Kachchh","4565.2","306.8","1685.7","73.8","1673.4","70.0","0.0","142.8","612.7","648.0","105.76"
"132","2005","3","Gujarat","Kachchh","4565.2","306.8","1685.6","73.9","1673.4","70.0","0.0","174.7","580.76","608.36","104.75"
"132","2006","3","Gujarat","Kachchh","4565.2","306.8","1685.6","74.0","1663.3","70.1","0.0","134.0","631.35","702.11","111.21"
"132","2007","3","Gujarat","Kachchh","4565.2","306.8","1685.6","74.2","1663.3","70.1","0.0","123.9","641.3","703.8","109.75"
"132","2008","3","Gujarat","Kachchh","4565.2","307.0","1685.0","74.2","1660.0","70.1","0.0","123.0","645.9","695.8","107.73"
"132","2009","3","Gujarat","Kachchh","4565.2","307.0","1685.5","74.8","1641.3","69.9","0.0","120.3","666.4","743.5","111.57"
"132","2010","3","Gujarat","Kachchh","4565.2","309.3","1642.4","74.8","1674.8","80.5","0.0","125.7","657.7","691.3","105.11"
"132","2011","3","Gujarat","Kachchh","4565.2","310.7","1642.5","75.6","1630.3","71.2","0.0","132.8","702.1","738.2","105.14"
"132","2012","3","Gujarat","Kachchh","-1.0","-1.0","-1.0","-1.0","-1.0","-1.0","-1.0","-1.0","-1.0","-1.0","-1.0"
"132","2013","3","Gujarat","Kachchh","-1.0","-1.0","-1.0","-1.0","-1.0","-1.0","-1.0","-1.0","-1.0","-1.0","-1.0"
"132","2014","3","Gujarat","Kachchh","4565.2","534.9","1520.0","77.1","1524.5","70.3","0.0","169.4","641.3","705.6","110.03"
"132","2015","3","Gujarat","Kachchh","4565.2","531.3","1459.5","77.3","1522.9","80.6","0.0","149.1","716.9","785.1","109.51"
"132","2016","3","Gujarat","Kachchh","4565.2","531.5","1459.8","80.8","1523.9","80.8","1.5","125.4","733.9","805.4","109.74"
"132","2017","3","Gujarat","Kachchh","4565.2","531.6","1459.8","80.8","1524.0","80.8","1.4","125.7","733.5","809.4","110.35"
"132","2018","3","Gujarat","Kachchh","4537.55","531.55","1459.77","80.77","1523.97","80.84","1.46","431.86","427.33","494.01","115.6"
"132","2019","3","Gujarat","Kachchh","4537.55","531.55","1459.77","74.77","1523.97","80.84","1.46","174.89","684.3","805.66","117.74"
"132","2020","3","Gujarat","Kachchh","4537.55","531.55","1459.77","80.92","1523.97","80.84","1.46","175.2","683.85","874.48","127.88"
"133","2000","3","Gujarat","Mahesana","1094.52","54.76","21.21","85.77","20.26","60.14","0.2","65.59","786.59","964.0","122.55"
"133","2001","3","Gujarat","Mahesana","1094.52","54.76","21.21","86.01","21.32","59.94","0.1","52.7","798.48","988.07","123.74"
"133","2002","3","Gujarat","Mahesana","1094.52","54.52","21.41","86.01","20.75","60.04","0.2","57.08","794.51","946.35","119.11"
"133","2003","3","Gujarat","Mahesana","1094.52","54.52","21.41","86.11","20.75","60.04","0.2","47.97","803.52","951.26","118.39"
"133","2004","3","Gujarat","Mahesana","1094.52","54.56","21.41","86.11","20.85","60.04","0.2","58.12","793.23","937.25","118.16"
"133","2005","3","Gujarat","Mahesana","1094.52","54.56","21.32","86.15","20.71","60.04","0.2","48.96","802.52","972.98","121.24"
"133","2006","3","Gujarat","Mahesana","1094.52","54.56","21.61","86.89","22.21","60.04","0.1","48.04","801.04","1031.89","128.82"
"133","2007","3","Gujarat","Mahesana","1102.01","53.66","19.91","87.13","20.14","60.04","0.2","35.26","818.18","1043.46","127.53"
"133","2008","3","Gujarat","Mahesana","1102.01","54.74","20.57","87.64","81.84","59.35","0.1","32.95","757.19","987.71","130.44"
"133","2009","3","Gujarat","Mahesana","1102.01","54.8","21.11","87.99","25.87","58.25","0.2","37.72","808.54","1076.2","133.1"
"133","2010","3","Gujarat","Mahesana","1102.01","56.61","19.07","88.87","20.82","58.73","0.2","35.34","814.89","1067.84","131.04"
"133","2011","3","Gujarat","Mahesana","1101.01","55.85","17.77","89.54","18.36","53.55","-0.8","36.8","815.44","1085.09","133.07"
"133","2012","3","Gujarat","Mahesana","-1.0","-1.0","-1.0","-1.0","-1.0","-1.0","-1.0","-1.0","-1.0","-1.0","-1.0"
"133","2013","3","Gujarat","Mahesana","-1.0","-1.0","-1.0","-1.0","-1.0","-1.0","-1.0","-1.0","-1.0","-1.0","-1.0"
"133","2014","3","Gujarat","Mahesana","1107.18","63.08","64.69","114.66","54.32","75.03","1.8","20.79","710.14","1064.61","149.91"
"133","2015","3","Gujarat","Mahesana","1107.18","65.38","20.31","114.66","18.18","58.75","1.8","72.0","753.58","1119.48","148.56"
"133","2016","3","Gujarat","Mahesana","1107.18","65.42","19.17","114.76","13.55","56.82","0.5","65.33","768.97","1130.82","147.06"
"133","2017","3","Gujarat","Mahesana","1107.18","65.46","19.25","114.66","11.6","56.47","0.6","62.44","774.18","1163.34","150.27"
"133","2018","3","Gujarat","Mahesana","1104.74","64.59","19.35","115.91","10.87","55.92","0.26","111.19","726.06","1043.23","143.68"
"133","2019","3","Gujarat","Mahesana","1104.74","64.59","19.35","96.06","10.63","55.92","1.11","104.09","732.43","1105.01","150.87"
"133","2020","3","Gujarat","Mahesana","1104.74","64.76","20.75","116.51","13.99","55.91","2.12","88.1","742.41","1142.64","153.91"
"134","2000","3","Gujarat","Panch Mahals","884.23","215.63","40.43","56.73","14.23","25.63","0.83","83.83","441.53","462.53","104.76"
"134","2001","3","Gujarat","Panch Mahals","884.23","215.63","40.43","56.83","13.93","25.63","0.43","58.93","467.03","492.13","105.37"
"134","2002","3","Gujarat","Panch Mahals","884.23","204.43","51.73","56.93","13.93","25.53","0.43","56.93","468.93","516.23","110.09"
"134","2003","3","Gujarat","Panch Mahals","884.23","204.43","51.73","56.93","13.93","25.63","0.43","38.33","487.43","596.73","122.42"
"134","2004","3","Gujarat","Panch Mahals","884.23","204.43","51.83","57.33","14.03","25.73","0.83","32.23","492.43","611.13","124.1"
"134","2005","3","Gujarat","Panch Mahals","884.23","204.63","51.63","57.73","13.73","25.73","0.63","30.23","494.56","611.82","123.71"
"134","2006","3","Gujarat","Panch Mahals","884.23","204.63","51.43","57.83","13.73","25.73","0.83","31.33","493.44","611.41","123.91"
"134","2007","3","Gujarat","Panch Mahals","891.43","204.63","50.23","57.93","12.23","24.53","0.63","31.03","497.63","654.53","131.53"
"134","2008","3","Gujarat","Panch Mahals","891.43","205.33","54.13","62.03","39.43","26.03","0.63","30.13","461.13","584.43","126.74"
"134","2009","3","Gujarat","Panch Mahals","891.43","208.13","48.83","59.63","22.13","25.03","0.23","23.63","491.03","659.33","134.27"
"134","2010","3","Gujarat","Panch Mahals","891.43","209.23","43.03","59.63","10.23","22.83","1.73","28.43","503.73","671.43","133.29"
"134","2011","3","Gujarat","Panch Mahals","891.43","210.53","40.33","60.73","7.63","21.33","1.73","28.93","507.63","713.73","140.6"
"134","2012","3","Gujarat","Panch Mahals","-1.0","-1.0","-1.0","-1.0","-1.0","-1.0","-1.0","-1.0","-1.0","-1.0","-1.0"
"134","2013","3","Gujarat","Panch Mahals","-1.0","-1.0","-1.0","-1.0","-1.0","-1.0","-1.0","-1.0","-1.0","-1.0","-1.0"
"134","2014","3","Gujarat","Panch Mahals","885.42","219.16","47.12","71.59","26.54","25.61","0.4","9.3","485.62","719.07","148.07"
"134","2015","3","Gujarat","Panch Mahals","885.42","215.26","33.5","71.59","22.82","25.61","0.3","26.48","489.68","671.18","137.06"
"134","2016","3","Gujarat","Panch Mahals","885.42","218.26","26.5","71.59","21.2","25.3","1.86","26.53","494.0","748.48","151.52"
"134","2017","3","Gujarat","Panch Mahals","885.42","218.26","25.53","73.13","21.3","25.48","1.86","25.55","494.05","748.41","151.49"
"134","2018","3","Gujarat","Panch Mahals","885.39","217.5","25.5","73.19","21.09","25.42","1.95","28.05","492.55","721.35","146.45"
"134","2019","3","Gujarat","Panch Mahals","885.39","217.5","25.5","70.02","21.13","25.42","1.95","19.09","501.45","795.41","158.62"
"134","2020","3","Gujarat","Panch Mahals","885.39","208.63","33.08","73.27","17.24","25.58","7.74","19.18","497.9","791.6","158.99"
"135","2000","3","Gujarat","Rajkot","1106.7","35.2","105.2","69.5","13.7","88.4","-0.7","75.9","714.6","725.7","101.55"
"135","2001","3","Gujarat","Rajkot","1106.7","35.2","104.6","69.5","13.3","88.4","-0.7","54.4","737.1","755.2","102.46"
"135","2002","3","Gujarat","Rajkot","1106.7","36.1","103.8","69.5","12.3","88.4","-0.7","49.0","743.4","774.9","104.24"
"135","2003","3","Gujarat","Rajkot","1106.7","36.1","103.7","69.6","12.3","88.4","-0.7","29.9","762.5","868.1","113.85"
"135","2004","3","Gujarat","Rajkot","1106.7","36.1","103.7","69.6","12.3","88.4","-0.7","30.7","761.7","848.7","111.42"
"135","2005","3","Gujarat","Rajkot","1106.7","36.1","103.7","69.6","12.3","88.4","-0.7","29.2","763.17","887.15","116.25"
"135","2006","3","Gujarat","Rajkot","1106.7","36.1","103.7","70.3","12.3","88.4","-0.7","26.7","764.93","903.56","118.12"
"135","2007","3","Gujarat","Rajkot","1119.6","36.1","102.3","70.4","11.8","88.4","-0.7","26.5","767.0","888.1","115.79"
"135","2008","3","Gujarat","Rajkot","1119.6","36.2","102.3","70.4","29.6","87.9","-0.2","26.3","749.2","896.3","119.63"
"135","2009","3","Gujarat","Rajkot","1119.6","36.8","103.2","71.0","14.6","87.2","-0.7","22.7","767.1","920.1","119.95"
"135","2010","3","Gujarat","Rajkot","1119.6","36.7","61.3","71.1","11.5","89.4","-0.7","21.8","810.7","985.0","121.5"
"135","2011","3","Gujarat","Rajkot","1119.6","36.7","61.2","71.1","41.1","85.6","-0.7","26.7","780.1","931.3","119.38"
"135","2012","3","Gujarat","Rajkot","-1.0","-1.0","-1.0","-1.0","-1.0","-1.0","-1.0","-1.0","-1.0","-1.0","-1.0"
"135","2013","3","Gujarat","Rajkot","-1.0","-1.0","-1.0","-1.0","-1.0","-1.0","-1.0","-1.0","-1.0","-1.0","-1.0"
"135","2014","3","Gujarat","Rajkot","1120.51","55.16","61.01","106.34","31.8","71.03","0.1","2.14","792.9","907.18","114.41"
"135","2015","3","Gujarat","Rajkot","1120.51","55.03","60.32","106.34","29.61","81.75","0.1","25.63","761.63","875.16","114.91"
"135","2016","3","Gujarat","Rajkot","1120.51","55.23","61.05","106.34","23.43","76.85","0.88","21.91","774.72","847.27","109.36"
"135","2017","3","Gujarat","Rajkot","1120.51","55.23","61.05","106.34","22.4","76.85","0.95","19.18","778.51","945.43","121.44"
"135","2018","3","Gujarat","Rajkot","1120.5","55.24","61.14","106.44","19.79","78.56","0.97","23.84","774.52","843.33","108.88"
"135","2019","3","Gujarat","Rajkot","1120.5","55.24","61.15","98.71","19.79","78.56","0.97","19.92","778.43","1062.56","136.5"
"135","2020","3","Gujarat","Rajkot","1120.5","50.29","62.93","106.51","23.24","84.8","5.45","21.1","766.18","1194.05","155.84"
"136","2000","3","Gujarat","Sabar Kantha","728.8","126.1","34.2","41.3","13.6","33.1","-1.0","37.0","437.5","517.6","118.31"
"136","2001","3","Gujarat","Sabar Kantha","728.8","126.1","34.2","41.3","13.6","33.1","-1.0","37.4","437.1","509.2","116.5"
"136","2002","3","Gujarat","Sabar Kantha","728.8","125.3","34.8","41.4","13.6","33.1","-1.0","34.5","440.1","510.0","115.88"
"136","2003","3","Gujarat","Sabar Kantha","728.8","125.3","34.9","41.4","13.6","33.1","-1.0","28.9","445.6","532.0","119.39"
"136","2004","3","Gujarat","Sabar Kantha","728.8","125.3","34.9","41.4","13.6","33.1","-1.0","30.5","444.0","523.3","117.86"
"136","2005","3","Gujarat","Sabar Kantha","728.8","125.3","34.8","41.5","13.6","33.1","-1.0","35.5","438.97","529.07","120.53"
"136","2006","3","Gujarat","Sabar Kantha","728.8","125.3","34.9","41.5","13.1","33.1","-1.0","38.3","436.64","572.58","131.13"
"136","2007","3","Gujarat","Sabar Kantha","738.0","125.4","34.0","41.6","12.0","33.1","-1.0","19.5","457.2","615.4","134.6"
"136","2008","3","Gujarat","Sabar Kantha","738.0","125.5","33.9","41.7","29.6","32.6","-1.0","46.2","413.3","550.8","133.27"
"136","2009","3","Gujarat","Sabar Kantha","738.0","125.9","29.2","42.2","3.7","31.9","-1.0","24.7","465.1","639.9","137.58"
"136","2010","3","Gujarat","Sabar Kantha","738.0","125.4","27.9","42.1","10.4","33.1","-1.0","19.0","464.9","625.8","134.61"
"136","2011","3","Gujarat","Sabar Kantha","738.0","125.7","26.1","42.1","4.6","31.5","-1.0","19.0","473.8","642.3","135.56"
"136","2012","3","Gujarat","Sabar Kantha","-1.0","-1.0","-1.0","-1.0","-1.0","-1.0","-1.0","-1.0","-1.0","-1.0","-1.0"
"136","2013","3","Gujarat","Sabar Kantha","-1.0","-1.0","-1.0","-1.0","-1.0","-1.0","-1.0","-1.0","-1.0","-1.0","-1.0"
"136","2014","3","Gujarat","Sabar Kantha","745.0","105.0","37.6","48.3","28.8","33.8","0.0","2.6","481.3","689.2","143.2"
"136","2015","3","Gujarat","Sabar Kantha","745.0","110.6","25.1","48.3","24.6","34.2","0.8","10.3","483.6","689.3","142.54"
"136","2016","3","Gujarat","Sabar Kantha","745.0","113.9","25.7","49.7","16.9","34.8","1.8","14.5","480.3","685.9","142.81"
"136","2017","3","Gujarat","Sabar Kantha","745.0","119.6","27.9","50.1","16.6","34.8","1.5","12.8","474.3","699.4","147.46"
"136","2018","3","Gujarat","Sabar Kantha","737.57","119.59","27.89","50.21","16.6","34.82","5.49","31.3","451.67","677.52","150.0"
"136","2019","3","Gujarat","Sabar Kantha","737.57","119.5","27.89","61.59","13.27","34.48","0.67","3.93","487.14","756.56","155.31"
"136","2020","3","Gujarat","Sabar Kantha","737.57","111.18","28.04","50.73","10.17","27.39","6.02","16.18","487.85","755.09","154.78"
"137","2000","3","Gujarat","Surat","775.2","141.3","59.8","84.8","19.1","22.9","-1.0","6.3","431.0","488.9","113.43"
"137","2001","3","Gujarat","Surat","775.2","141.3","59.8","84.9","18.6","22.9","-1.0","6.8","430.9","490.4","113.81"
"137","2002","3","Gujarat","Surat","775.2","139.2","61.1","84.9","18.6","22.9","-1.0","15.5","423.0","461.1","109.01"
"137","2003","3","Gujarat","Surat","775.2","139.2","61.1","85.0","18.6","22.9","-1.0","15.4","423.0","461.9","109.2"
"137","2004","3","Gujarat","Surat","775.2","139.2","61.1","85.0","18.6","22.9","-1.0","20.9","417.5","468.5","112.22"
"137","2005","3","Gujarat","Surat","775.2","139.2","61.1","85.0","18.6","22.9","-1.0","15.8","422.62","488.19","115.52"
"137","2006","3","Gujarat","Surat","773.6","109.7","54.8","86.3","32.6","24.9","0.9","8.7","445.3","501.21","112.56"
"137","2007","3","Gujarat","Surat","785.3","111.3","54.4","87.4","32.1","25.9","1.9","9.6","448.4","495.0","110.39"
"137","2008","3","Gujarat","Surat","785.3","112.1","54.4","88.1","44.0","24.9","1.5","9.6","436.7","510.7","116.95"
"137","2009","3","Gujarat","Surat","785.3","111.9","52.7","88.2","36.5","22.3","1.5","19.3","439.5","492.5","112.06"
"137","2010","3","Gujarat","Surat","785.3","135.4","49.6","89.4","24.8","25.4","1.9","10.9","433.8","504.8","116.37"
"137","2011","3","Gujarat","Surat","785.3","136.0","49.4","90.9","20.4","23.6","1.6","14.7","434.6","522.7","120.27"
"137","2012","3","Gujarat","Surat","-1.0","-1.0","-1.0","-1.0","-1.0","-1.0","-1.0","-1.0","-1.0","-1.0","-1.0"
"137","2013","3","Gujarat","Surat","-1.0","-1.0","-1.0","-1.0","-1.0","-1.0","-1.0","-1.0","-1.0","-1.0","-1.0"
"137","2014","3","Gujarat","Surat","766.7","134.6","53.7","103.8","30.3","20.7","0.9","10.8","393.0","459.4","116.9"
"137","2015","3","Gujarat","Surat","766.7","136.3","14.9","103.8","17.4","26.2","0.0","41.5","407.7","485.1","118.98"
"137","2016","3","Gujarat","Surat","766.7","138.9","16.6","104.0","29.9","28.1","1.9","36.3","390.9","465.3","119.03"
"137","2017","3","Gujarat","Surat","766.7","141.2","17.0","100.8","22.5","28.0","1.3","35.4","400.4","469.4","117.23"
"137","2018","3","Gujarat","Surat","747.82","141.15","16.99","102.05","23.11","28.01","0.58","77.17","357.49","428.53","119.87"
"137","2019","3","Gujarat","Surat","747.82","141.15","16.99","90.39","23.71","28.01","0.89","51.17","382.59","463.97","121.27"
"137","2020","3","Gujarat","Surat","747.82","140.07","23.23","102.82","29.86","27.59","3.07","50.11","369.91","437.09","118.16"
"138","2000","3","Gujarat","Surendranagar","1045.55","49.85","126.75","54.45","16.45","45.75","3.25","59.85","687.45","720.45","104.8"
"138","2001","3","Gujarat","Surendranagar","1045.55","49.95","126.75","54.45","15.55","45.75","3.25","62.15","685.95","713.45","104.01"
"138","2002","3","Gujarat","Surendranagar","1045.55","52.85","123.85","54.45","15.55","45.75","3.25","59.75","688.35","705.95","102.56"
"138","2003","3","Gujarat","Surendranagar","1045.55","52.85","123.85","54.45","15.65","45.75","3.25","46.25","701.75","734.15","104.62"
"138","2004","3","Gujarat","Surendranagar","1045.55","52.85","123.85","54.45","15.35","45.75","3.15","44.35","704.05","733.85","104.23"
"138","2005","3","Gujarat","Surendranagar","1045.55","52.85","123.75","54.45","15.45","45.75","3.15","38.45","709.97","757.16","106.65"
"138","2006","3","Gujarat","Surendranagar","1045.55","52.35","124.25","54.45","15.45","45.75","3.35","42.25","705.96","762.19","107.96"
"138","2007","3","Gujarat","Surendranagar","1048.65","52.35","120.65","54.55","14.55","45.75","3.35","43.75","708.85","845.15","119.23"
"138","2008","3","Gujarat","Surendranagar","1048.65","73.25","101.05","54.55","23.55","46.35","3.35","17.15","724.55","843.55","116.42"
"138","2009","3","Gujarat","Surendranagar","1048.65","52.55","118.15","55.15","23.85","46.25","3.35","24.15","720.35","874.85","121.45"
"138","2010","3","Gujarat","Surendranagar","1048.65","52.45","100.35","55.15","14.55","43.75","2.55","37.05","737.95","881.85","119.5"
"138","2011","3","Gujarat","Surendranagar","1048.65","54.35","77.85","56.75","23.75","37.65","1.55","46.05","745.85","818.55","109.75"
"138","2012","3","Gujarat","Surendranagar","-1.0","-1.0","-1.0","-1.0","-1.0","-1.0","-1.0","-1.0","-1.0","-1.0","-1.0"
"138","2013","3","Gujarat","Surendranagar","-1.0","-1.0","-1.0","-1.0","-1.0","-1.0","-1.0","-1.0","-1.0","-1.0","-1.0"
"138","2014","3","Gujarat","Surendranagar","1048.87","58.66","89.2","64.2","27.77","47.76","0.3","30.4","727.22","917.97","126.23"
"138","2015","3","Gujarat","Surendranagar","1048.87","58.71","94.17","64.2","32.85","45.55","0.3","13.49","736.2","932.14","126.61"
"138","2016","3","Gujarat","Surendranagar","1048.87","58.81","92.15","64.4","52.94","45.55","3.1","23.38","705.25","873.21","123.81"
"138","2017","3","Gujarat","Surendranagar","1048.87","58.81","92.05","64.4","51.32","45.55","3.62","23.47","706.36","858.23","121.5"
"138","2018","3","Gujarat","Surendranagar","1045.54","58.76","98.01","64.5","48.76","45.53","3.52","22.93","703.54","876.3","124.56"
"138","2019","3","Gujarat","Surendranagar","1045.54","58.76","98.01","64.89","48.76","45.53","3.52","19.15","707.3","933.0","131.91"
"138","2020","3","Gujarat","Surendranagar","1045.54","54.99","79.44","64.57","33.64","45.74","14.68","16.87","735.1","1052.68","143.2"
"139","2000","10","Rajasthan","Ajmer","842.35","51.03","94.55","47.7","75.82","80.12","62.88","67.51","362.61","423.35","116.75"
"139","2001","10","Rajasthan","Ajmer","842.35","54.74","88.47","49.72","74.24","79.9","53.56","52.28","389.41","476.86","122.46"
"139","2002","10","Rajasthan","Ajmer","842.35","55.06","89.23","48.87","78.56","79.64","68.0","107.39","315.52","332.36","105.34"
"139","2003","10","Rajasthan","Ajmer","842.35","55.65","88.84","49.6","70.09","79.26","48.07","34.38","416.37","467.8","112.35"
"139","2004","10","Rajasthan","Ajmer","842.35","55.8","88.56","50.13","72.25","79.0","43.56","31.72","421.26","491.61","116.7"
"139","2005","10","Rajasthan","Ajmer","842.35","55.62","88.8","50.08","69.54","78.93","39.78","28.89","430.56","520.0","120.77"
"139","2006","10","Rajasthan","Ajmer","843.58","56.03","87.46","51.76","73.89","78.47","41.13","38.75","416.05","469.81","112.92"
"139","2007","10","Rajasthan","Ajmer","843.6","56.21","87.27","51.79","71.94","78.51","42.14","33.37","422.07","463.28","109.76"
"139","2008","10","Rajasthan","Ajmer","842.35","56.36","87.3","51.65","71.48","78.27","42.55","31.9","422.57","493.41","116.76"
"139","2009","10","Rajasthan","Ajmer","842.35","56.36","86.66","52.72","74.36","77.88","44.62","32.4","417.07","436.0","104.54"
"139","2010","10","Rajasthan","Ajmer","842.94","57.07","83.89","53.52","68.26","78.52","31.08","14.03","456.31","775.45","169.94"
"139","2011","10","Rajasthan","Ajmer","843.05","57.52","82.67","53.86","71.75","78.62","31.68","17.64","449.05","640.14","142.55"
"139","2012","10","Rajasthan","Ajmer","843.05","57.73","82.67","53.86","68.2","78.41","29.71","17.84","454.28","664.06","146.18"
"139","2013","10","Rajasthan","Ajmer","842.99","57.79","82.89","53.79","66.72","78.31","28.72","16.28","457.97","753.79","164.59"
"139","2014","10","Rajasthan","Ajmer","842.99","57.79","82.89","53.7","69.44","78.31","29.92","26.41","444.19","645.56","145.33"
"139","2015","10","Rajasthan","Ajmer","842.99","57.79","82.96","53.65","65.4","78.36","33.67","30.13","440.7","559.43","126.94"
"139","2016","10","Rajasthan","Ajmer","842.99","57.79","82.96","53.65","64.4","78.36","33.49","21.75","450.29","717.93","159.44"
"139","2017","10","Rajasthan","Ajmer","842.99","57.79","83.02","53.56","67.34","78.52","35.86","27.22","438.7","583.26","132.95"
"139","2018","10","Rajasthan","Ajmer","842.99","57.79","83.02","53.86","68.54","78.52","34.88","25.98","440.41","612.85","139.15"
"139","2019","10","Rajasthan","Ajmer","845.68","60.67","82.49","53.79","63.49","78.67","31.25","18.09","457.17","768.0","167.99"
"139","2020","10","Rajasthan","Ajmer","845.68","60.67","82.46","53.58","57.95","78.67","32.1","21.87","458.11","663.43","144.82"
"140","2000","10","Rajasthan","Alwar","782.9","70.58","90.9","45.07","9.17","24.23","14.79","19.14","508.93","784.9","154.23"
"140","2001","10","Rajasthan","Alwar","782.9","77.76","83.99","45.34","7.81","24.27","15.99","18.41","509.11","781.62","153.53"
"140","2002","10","Rajasthan","Alwar","782.9","78.66","83.13","45.56","8.3","24.31","21.61","48.7","472.43","668.73","141.55"
"140","2003","10","Rajasthan","Alwar","782.9","78.76","83.06","45.54","7.4","24.25","19.98","19.68","504.03","828.78","164.43"
"140","2004","10","Rajasthan","Alwar","782.9","78.75","83.22","45.33","7.55","24.32","19.01","17.12","507.33","797.23","157.14"
"140","2005","10","Rajasthan","Alwar","782.9","79.39","82.55","45.37","8.04","24.19","18.62","16.24","508.32","814.38","160.21"
"140","2006","10","Rajasthan","Alwar","782.9","79.4","82.39","45.57","7.73","24.26","19.81","20.54","503.01","803.47","159.73"
"140","2007","10","Rajasthan","Alwar","782.98","79.59","80.49","48.09","7.8","24.22","22.28","19.05","501.28","812.87","162.16"
"140","2008","10","Rajasthan","Alwar","783.32","79.57","83.68","45.95","7.75","24.16","22.5","15.5","504.05","809.19","160.54"
"140","2009","10","Rajasthan","Alwar","783.29","79.47","83.67","46.48","6.77","24.1","22.97","15.01","504.71","864.48","171.28"
"140","2010","10","Rajasthan","Alwar","783.28","84.06","79.09","46.42","6.82","24.08","21.64","13.81","507.17","859.22","169.41"
"140","2011","10","Rajasthan","Alwar","783.28","84.09","79.13","46.98","7.01","24.0","21.56","14.64","505.7","854.28","168.93"
"140","2012","10","Rajasthan","Alwar","783.28","84.39","78.86","47.07","7.29","23.99","21.94","16.02","503.53","852.89","169.38"
"140","2013","10","Rajasthan","Alwar","783.28","84.89","78.44","47.84","7.16","23.86","22.18","16.31","502.41","866.86","172.54"
"140","2014","10","Rajasthan","Alwar","783.28","84.9","78.4","48.39","7.37","23.82","25.01","18.27","496.66","855.16","172.18"
"140","2015","10","Rajasthan","Alwar","783.28","84.9","78.39","49.02","7.48","23.8","27.23","19.73","492.54","871.84","177.01"
"140","2016","10","Rajasthan","Alwar","783.28","84.93","78.35","49.26","7.85","23.84","29.09","17.4","492.38","870.68","176.83"
"140","2017","10","Rajasthan","Alwar","783.28","84.94","78.42","49.38","8.29","23.83","32.04","19.98","486.26","847.27","174.24"
"140","2018","10","Rajasthan","Alwar","783.28","85.06","78.26","47.07","8.07","23.83","29.35","19.8","489.13","869.43","177.75"
"140","2019","10","Rajasthan","Alwar","783.28","85.06","78.26","47.84","7.71","23.83","26.82","19.55","492.27","880.27","178.82"
"140","2020","10","Rajasthan","Alwar","783.28","85.06","78.26","49.66","6.99","23.84","26.61","22.69","490.06","896.45","182.93"
"141","2000","10","Rajasthan","Banswara","506.18","110.71","74.77","8.2","21.95","12.77","39.54","9.28","226.51","274.43","121.16"
"141","2001","10","Rajasthan","Banswara","506.18","112.49","60.95","10.76","31.37","12.55","37.93","7.05","230.4","297.8","129.25"
"141","2002","10","Rajasthan","Banswara","505.95","112.52","60.32","10.83","31.73","12.53","37.56","12.06","225.93","284.75","126.03"
"141","2003","10","Rajasthan","Banswara","505.95","112.53","60.25","10.81","31.27","12.52","36.54","5.93","233.63","322.44","138.01"
"141","2004","10","Rajasthan","Banswara","505.95","112.53","59.82","10.86","31.35","12.49","34.29","6.47","235.63","333.06","141.35"
"141","2005","10","Rajasthan","Banswara","505.95","112.62","57.51","10.97","30.63","12.32","34.11","10.33","234.95","338.22","143.95"
"141","2006","10","Rajasthan","Banswara","505.93","113.06","56.95","11.15","28.82","12.18","35.34","7.03","238.9","352.53","147.56"
"141","2007","10","Rajasthan","Banswara","505.93","113.24","56.58","11.26","29.06","12.13","35.15","6.04","239.97","360.96","150.42"
"141","2008","10","Rajasthan","Banswara","589.48","131.05","61.33","14.6","37.62","19.39","36.42","8.16","280.72","406.23","144.71"
"141","2009","10","Rajasthan","Banswara","589.48","131.17","61.27","14.55","37.36","19.28","37.59","6.85","281.22","412.96","146.85"
"141","2010","10","Rajasthan","Banswara","589.48","131.18","61.01","14.67","37.77","19.12","36.17","6.19","283.18","422.09","149.06"
"141","2011","10","Rajasthan","Banswara","589.46","131.18","60.7","14.65","37.08","19.0","35.7","5.68","285.28","430.22","150.8"
"141","2012","10","Rajasthan","Banswara","589.46","131.19","60.58","15.1","36.99","19.01","33.51","6.06","286.83","435.99","152.01"
"141","2013","10","Rajasthan","Banswara","589.46","131.23","60.79","14.94","36.63","18.91","33.75","4.22","288.76","446.21","154.53"
"141","2014","10","Rajasthan","Banswara","589.46","131.18","60.93","14.98","37.9","18.97","33.05","5.21","286.99","442.25","154.1"
"141","2015","10","Rajasthan","Banswara","589.46","131.18","60.94","14.79","36.55","18.97","34.58","4.74","287.48","438.03","152.37"
"141","2016","10","Rajasthan","Banswara","589.46","131.2","60.24","14.84","35.7","18.85","33.87","4.91","289.4","443.9","153.39"
"141","2017","10","Rajasthan","Banswara","589.46","131.2","60.28","14.86","35.95","18.8","34.88","4.88","288.18","442.93","153.7"
"141","2018","10","Rajasthan","Banswara","589.53","131.14","60.02","15.01","35.43","18.55","31.53","5.32","291.39","465.84","159.87"
"141","2019","10","Rajasthan","Banswara","589.44","131.46","57.87","14.86","34.12","18.58","28.79","4.78","295.71","484.14","163.72"
"141","2020","10","Rajasthan","Banswara","589.4","131.54","56.56","17.95","34.09","18.63","27.83","5.86","296.17","485.92","164.07"
"142","2000","10","Rajasthan","Barmer","2817.33","28.52","128.34","73.62","231.4","203.56","391.77","207.95","1552.11","1650.38","106.33"
"142","2001","10","Rajasthan","Barmer","2817.33","30.73","126.58","73.27","217.69","202.98","330.77","186.06","1649.22","1755.11","106.42"
"142","2002","10","Rajasthan","Barmer","2817.33","31.03","127.01","73.68","266.51","202.87","431.26","624.58","1060.35","1149.13","108.37"
"142","2003","10","Rajasthan","Barmer","2817.33","31.68","125.2","73.33","212.13","202.86","330.97","148.06","1692.95","1794.11","105.98"
"142","2004","10","Rajasthan","Barmer","2817.33","31.68","126.15","72.93","220.96","202.74","355.85","352.23","1454.49","1545.27","106.24"
"142","2005","10","Rajasthan","Barmer","2817.33","31.73","125.9","73.0","209.39","202.71","328.56","235.13","1610.76","1694.26","105.18"
"142","2006","10","Rajasthan","Barmer","2817.33","31.79","125.85","73.02","194.25","202.66","299.0","199.93","1690.81","1791.77","105.97"
"142","2007","10","Rajasthan","Barmer","2817.33","32.06","125.7","72.86","199.36","202.38","306.69","224.48","1653.76","1756.4","106.21"
"142","2008","10","Rajasthan","Barmer","2817.33","32.09","125.11","73.19","201.44","202.46","304.42","200.87","1677.71","1777.44","105.94"
"142","2009","10","Rajasthan","Barmer","2817.33","32.07","124.78","73.55","195.99","202.49","278.62","208.01","1701.79","1819.98","106.95"
"142","2010","10","Rajasthan","Barmer","2817.33","32.1","123.76","73.9","176.91","203.46","232.59","182.13","1792.43","1979.41","110.43"
"142","2011","10","Rajasthan","Barmer","2817.33","32.03","123.56","74.79","176.59","203.55","265.07","232.76","1708.92","1867.56","109.28"
"142","2012","10","Rajasthan","Barmer","2817.33","32.47","123.19","75.04","207.04","203.65","333.83","350.31","1491.74","1646.0","110.34"
"142","2013","10","Rajasthan","Barmer","2817.33","33.31","123.11","76.14","193.99","203.06","270.73","204.63","1712.25","1897.02","110.79"
"142","2014","10","Rajasthan","Barmer","2817.33","33.37","123.86","80.74","220.84","203.16","343.74","377.61","1433.22","1604.2","111.93"
"142","2015","10","Rajasthan","Barmer","2817.33","33.37","123.98","80.4","190.69","203.3","320.23","216.72","1647.6","1846.1","112.05"
"142","2016","10","Rajasthan","Barmer","2817.42","33.33","124.49","80.3","176.04","202.97","318.5","209.62","1671.04","1893.14","113.29"
"142","2017","10","Rajasthan","Barmer","2817.42","33.39","123.42","80.43","194.28","202.99","294.09","212.91","1674.38","1909.39","114.04"
"142","2018","10","Rajasthan","Barmer","2817.43","33.48","123.66","75.04","186.84","203.53","329.55","243.98","1611.93","1853.49","114.99"
"142","2019","10","Rajasthan","Barmer","2817.43","33.38","123.65","76.14","188.8","203.51","310.95","239.48","1630.99","1916.45","117.5"
"142","2020","10","Rajasthan","Barmer","2817.43","33.38","123.54","81.87","199.91","203.62","308.69","227.36","1634.1","1863.93","114.06"
"143","2000","10","Rajasthan","Bharatpur","807.97","55.97","84.14","45.83","16.46","26.73","22.04","37.57","518.53","721.32","139.11"
"143","2001","10","Rajasthan","Bharatpur","807.98","57.39","82.57","45.83","15.62","26.69","20.77","21.44","536.97","751.21","139.9"
"143","2002","10","Rajasthan","Bharatpur","807.98","57.39","82.57","45.84","16.03","26.69","21.83","27.55","529.42","727.18","137.35"
"143","2003","10","Rajasthan","Bharatpur","807.98","57.4","82.57","45.86","14.35","26.65","18.95","16.85","544.75","777.16","142.66"
"143","2004","10","Rajasthan","Bharatpur","807.98","57.4","82.42","46.27","14.82","26.56","19.24","14.88","545.56","759.14","139.15"
"143","2005","10","Rajasthan","Bharatpur","807.98","57.4","82.36","46.27","13.92","26.55","18.69","15.11","547.04","781.47","142.85"
"143","2006","10","Rajasthan","Bharatpur","807.98","57.51","82.33","46.3","13.94","26.53","18.08","19.54","543.14","766.8","141.18"
"143","2007","10","Rajasthan","Bharatpur","807.98","60.82","79.95","46.31","12.06","25.59","20.18","27.43","535.02","772.09","144.31"
"143","2008","10","Rajasthan","Bharatpur","807.64","60.82","79.95","46.35","11.75","25.57","18.21","20.26","544.18","769.82","141.46"
"143","2009","10","Rajasthan","Bharatpur","807.64","60.82","79.96","46.29","12.36","25.49","18.41","14.3","549.5","832.35","151.47"
"143","2010","10","Rajasthan","Bharatpur","807.64","60.82","79.96","46.29","11.52","25.49","16.46","13.61","552.94","823.13","148.86"
"143","2011","10","Rajasthan","Bharatpur","807.64","60.82","79.96","46.3","10.31","25.46","16.05","14.15","553.98","821.74","148.33"
"143","2012","10","Rajasthan","Bharatpur","807.64","60.83","79.4","46.85","10.28","25.45","16.36","13.73","554.22","817.0","147.41"
"143","2013","10","Rajasthan","Bharatpur","807.64","60.83","79.4","46.95","10.17","25.43","17.01","14.64","552.75","836.91","151.41"
"143","2014","10","Rajasthan","Bharatpur","807.64","60.83","79.38","47.03","10.2","25.37","19.34","15.66","549.41","832.14","151.46"
"143","2015","10","Rajasthan","Bharatpur","807.64","60.83","79.38","47.04","10.44","25.36","21.01","15.15","548.07","851.27","155.32"
"143","2016","10","Rajasthan","Bharatpur","807.64","60.83","79.38","47.04","11.92","25.36","21.5","14.69","546.63","836.67","153.06"
"143","2017","10","Rajasthan","Bharatpur","807.62","60.83","79.38","47.04","11.98","25.36","22.07","18.09","542.58","823.02","151.69"
"143","2018","10","Rajasthan","Bharatpur","807.66","60.9","78.61","46.85","12.27","25.61","22.01","14.59","546.35","846.9","155.01"
"143","2019","10","Rajasthan","Bharatpur","808.04","66.84","71.88","46.95","10.96","26.11","19.96","13.45","550.12","858.41","156.04"
"143","2020","10","Rajasthan","Bharatpur","808.04","67.12","71.5","48.8","13.05","25.9","18.8","14.12","548.48","873.32","159.22"
"144","2000","10","Rajasthan","Bhilwara","1047.45","73.96","146.34","65.93","164.68","120.07","79.46","64.65","332.2","409.56","123.29"
"144","2001","10","Rajasthan","Bhilwara","1047.45","73.92","145.91","66.06","156.86","120.28","68.05","44.89","370.34","501.88","135.52"
"144","2002","10","Rajasthan","Bhilwara","1047.44","74.06","145.75","66.95","161.04","120.28","80.84","78.45","319.95","364.27","113.85"
"144","2003","10","Rajasthan","Bhilwara","1047.44","74.08","145.52","66.91","153.07","120.34","69.94","43.55","373.88","456.63","122.13"
"144","2004","10","Rajasthan","Bhilwara","1047.44","74.22","144.4","67.04","142.47","120.31","56.83","35.98","406.05","587.19","144.61"
"144","2005","10","Rajasthan","Bhilwara","1047.44","74.38","144.28","67.24","137.56","120.22","56.95","41.01","405.67","574.33","141.58"
"144","2006","10","Rajasthan","Bhilwara","1047.44","74.83","143.72","67.22","133.83","120.34","54.08","35.41","417.82","609.7","145.92"
"144","2007","10","Rajasthan","Bhilwara","1047.44","74.89","143.98","67.32","135.22","120.35","55.53","47.84","402.07","543.21","135.1"
"144","2008","10","Rajasthan","Bhilwara","1050.67","74.94","144.5","67.68","135.08","120.94","62.91","49.48","394.97","520.37","131.75"
"144","2009","10","Rajasthan","Bhilwara","1050.89","75.08","144.51","67.72","134.18","120.82","66.56","50.7","391.18","455.89","116.54"
"144","2010","10","Rajasthan","Bhilwara","1050.89","75.62","143.63","68.19","117.57","120.87","53.65","27.78","443.43","732.97","165.3"
"144","2011","10","Rajasthan","Bhilwara","1050.89","75.6","143.74","68.15","119.59","120.87","55.28","41.53","426.03","624.25","146.53"
"144","2012","10","Rajasthan","Bhilwara","1050.89","75.75","143.36","68.24","117.41","120.95","58.41","37.96","428.67","643.03","150.01"
"144","2013","10","Rajasthan","Bhilwara","1050.89","75.74","143.26","68.54","115.09","120.96","57.54","35.01","434.62","679.89","156.43"
"144","2014","10","Rajasthan","Bhilwara","1050.89","75.66","143.83","68.97","118.61","120.0","62.8","40.69","420.17","639.12","152.11"
"144","2015","10","Rajasthan","Bhilwara","1050.89","75.43","143.4","68.68","112.08","120.93","56.31","38.07","435.9","600.44","137.75"
"144","2016","10","Rajasthan","Bhilwara","1050.89","75.5","143.26","68.7","111.19","120.94","54.07","33.84","443.31","677.44","152.81"
"144","2017","10","Rajasthan","Bhilwara","1050.89","75.5","143.23","68.66","111.67","120.99","61.71","43.07","426.0","610.93","143.41"
"144","2018","10","Rajasthan","Bhilwara","1050.87","75.51","143.27","68.24","114.3","120.72","63.34","42.98","421.59","612.39","145.26"
"144","2019","10","Rajasthan","Bhilwara","1050.87","75.51","143.13","68.54","109.39","120.85","57.0","37.47","438.46","713.44","162.71"
"144","2020","10","Rajasthan","Bhilwara","1050.87","75.49","143.24","69.51","104.33","120.83","59.85","38.37","439.07","690.42","157.25"
"145","2000","10","Rajasthan","Bikaner","3035.59","81.26","38.68","253.67","812.73","52.46","271.05","146.73","1378.96","1465.31","106.26"
"145","2001","10","Rajasthan","Bikaner","3035.95","81.32","37.29","256.03","777.48","51.13","210.68","143.88","1477.98","1585.66","107.29"
"145","2002","10","Rajasthan","Bikaner","3037.03","82.54","35.91","257.76","823.81","50.18","332.71","1193.41","260.35","311.75","119.74"
"145","2003","10","Rajasthan","Bikaner","3038.18","82.52","35.62","255.44","706.43","52.4","252.34","54.36","1597.7","1713.02","107.22"
"145","2004","10","Rajasthan","Bikaner","3038.22","82.46","37.62","253.54","736.96","52.45","225.53","373.81","1275.57","1364.35","106.96"
"145","2005","10","Rajasthan","Bikaner","3038.22","82.5","0.01","292.64","770.61","53.38","311.8","318.78","1204.52","1332.26","110.61"
"145","2006","10","Rajasthan","Bikaner","3035.83","93.05","0.01","292.85","824.43","51.9","314.36","295.09","1160.19","1299.56","112.01"
"145","2007","10","Rajasthan","Bikaner","3040.48","92.85","0.01","297.91","825.8","51.74","322.33","176.59","1273.21","1434.21","112.65"
"145","2008","10","Rajasthan","Bikaner","3041.19","91.6","0.01","300.1","645.08","50.95","232.84","117.2","1603.38","1784.0","111.26"
"145","2009","10","Rajasthan","Bikaner","3041.34","93.86","0.01","300.08","780.74","51.25","231.47","227.92","1355.99","1501.84","110.76"
"145","2010","10","Rajasthan","Bikaner","3041.76","94.22","0.01","300.07","677.29","50.57","177.44","94.89","1646.82","1880.27","114.18"
"145","2011","10","Rajasthan","Bikaner","3041.76","94.17","0.01","300.18","660.49","50.61","177.15","126.75","1628.98","1884.22","115.67"
"145","2012","10","Rajasthan","Bikaner","3041.75","94.2","27.61","272.52","663.91","50.83","179.75","207.06","1542.46","1807.41","117.18"
"145","2013","10","Rajasthan","Bikaner","3041.75","94.65","27.61","271.97","612.44","50.84","156.98","142.32","1681.48","2017.1","119.96"
"145","2014","10","Rajasthan","Bikaner","3041.75","94.65","27.36","272.94","641.91","50.61","178.46","189.65","1586.13","1928.36","121.58"
"145","2015","10","Rajasthan","Bikaner","3041.75","103.77","20.53","274.19","585.57","49.39","189.0","166.93","1652.36","2050.9","124.12"
"145","2016","10","Rajasthan","Bikaner","3041.75","103.78","20.62","274.81","584.37","49.41","196.85","176.05","1635.84","2026.12","123.86"
"145","2017","10","Rajasthan","Bikaner","3041.75","104.28","17.39","277.38","564.64","49.94","222.05","248.49","1557.35","1967.14","126.31"
"145","2018","10","Rajasthan","Bikaner","3041.75","104.28","17.32","272.52","548.52","49.84","246.79","213.78","1583.13","2049.35","129.45"
"145","2019","10","Rajasthan","Bikaner","3041.75","104.91","16.32","271.97","522.01","49.85","286.38","208.88","1573.6","2168.69","137.82"
"145","2020","10","Rajasthan","Bikaner","3042.03","104.9","16.32","278.67","545.08","49.88","277.27","192.53","1576.17","1930.32","122.47"
"146","2000","10","Rajasthan","Bundi","581.94","141.06","50.49","39.01","33.29","24.33","25.65","32.66","235.36","344.27","146.27"
"146","2001","10","Rajasthan","Bundi","581.94","141.81","50.68","38.54","33.43","24.2","29.81","22.81","240.51","368.64","153.27"
"146","2002","10","Rajasthan","Bundi","581.94","141.89","50.47","39.68","33.76","25.35","36.83","60.85","193.02","261.68","135.57"
"146","2003","10","Rajasthan","Bundi","581.94","141.46","49.42","40.18","31.51","24.77","31.89","15.15","247.31","372.26","150.52"
"146","2004","10","Rajasthan","Bundi","581.94","137.49","49.44","41.14","30.27","25.04","26.6","13.31","258.53","360.44","139.42"
"146","2005","10","Rajasthan","Bundi","581.94","141.31","50.19","39.64","29.78","24.55","24.21","12.32","259.8","391.1","150.54"
"146","2006","10","Rajasthan","Bundi","581.94","141.82","49.29","39.81","29.65","24.67","25.68","16.92","253.97","371.31","146.2"
"146","2007","10","Rajasthan","Bundi","581.94","142.09","48.3","40.47","29.89","24.43","27.27","15.29","254.02","403.24","158.74"
"146","2008","10","Rajasthan","Bundi","581.94","142.41","48.78","40.49","29.15","24.26","26.42","12.62","257.67","413.45","160.46"
"146","2009","10","Rajasthan","Bundi","581.94","142.68","51.95","38.81","28.31","24.82","26.98","16.99","251.08","383.77","152.85"
"146","2010","10","Rajasthan","Bundi","581.94","143.09","50.04","39.3","28.51","24.36","24.1","10.92","261.38","443.92","169.84"
"146","2011","10","Rajasthan","Bundi","581.94","143.64","48.81","39.99","27.93","24.64","23.18","10.89","262.67","461.37","175.65"
"146","2012","10","Rajasthan","Bundi","581.94","144.01","48.73","39.83","27.24","24.69","24.53","10.55","262.2","464.27","177.07"
"146","2013","10","Rajasthan","Bundi","581.94","143.66","47.62","40.83","27.45","24.49","23.57","9.65","264.5","456.52","172.6"
"146","2014","10","Rajasthan","Bundi","581.94","141.7","49.31","41.24","27.23","24.51","24.03","8.54","265.21","467.96","176.45"
"146","2015","10","Rajasthan","Bundi","581.94","142.29","47.65","41.96","27.12","24.27","24.19","8.62","265.68","482.0","181.42"
"146","2016","10","Rajasthan","Bundi","581.94","142.34","47.82","41.43","25.35","23.62","25.32","7.99","267.93","495.95","185.1"
"146","2017","10","Rajasthan","Bundi","581.94","142.95","46.79","41.21","25.76","23.66","25.0","10.01","266.4","482.46","181.1"
"146","2018","10","Rajasthan","Bundi","581.94","143.36","46.47","39.83","24.95","23.66","25.5","11.24","265.28","492.03","185.48"
"146","2019","10","Rajasthan","Bundi","581.94","141.39","48.16","40.83","25.67","23.42","25.58","9.28","266.92","502.1","188.11"
"146","2020","10","Rajasthan","Bundi","581.94","141.39","48.29","41.2","25.19","23.42","25.19","9.05","267.93","493.66","184.25"
"147","2000","10","Rajasthan","Chittorgarh","1035.37","188.61","100.92","48.24","175.61","75.87","27.31","31.72","384.61","475.52","123.64"
"147","2001","10","Rajasthan","Chittorgarh","1035.37","193.32","99.11","48.01","166.44","75.58","27.46","18.96","403.97","556.11","137.66"
"147","2002","10","Rajasthan","Chittorgarh","1035.37","193.51","98.05","49.3","164.77","75.69","30.45","30.86","390.22","459.69","117.8"
"147","2003","10","Rajasthan","Chittorgarh","1035.37","194.41","92.34","48.51","154.15","85.32","28.68","18.72","410.75","561.59","136.72"
"147","2004","10","Rajasthan","Chittorgarh","1035.37","194.92","89.03","48.35","144.84","90.01","23.75","13.23","428.6","666.43","155.49"
"147","2005","10","Rajasthan","Chittorgarh","1035.37","195.12","88.63","49.35","139.98","90.23","23.32","13.76","432.3","675.69","156.3"
"147","2006","10","Rajasthan","Chittorgarh","1035.37","195.76","88.15","49.55","136.68","90.16","22.12","13.18","437.09","721.55","165.08"
"147","2007","10","Rajasthan","Chittorgarh","1035.5","195.75","84.06","50.08","136.96","90.69","23.8","16.2","434.99","690.34","158.7"
"147","2008","10","Rajasthan","Chittorgarh","886.63","159.99","82.47","44.98","113.57","81.12","24.0","14.3","363.83","582.07","159.98"
"147","2009","10","Rajasthan","Chittorgarh","886.63","160.05","82.12","45.1","116.32","81.37","26.05","20.24","354.64","510.93","144.07"
"147","2010","10","Rajasthan","Chittorgarh","886.63","160.06","82.11","45.18","110.4","81.51","23.48","12.31","370.83","610.23","164.56"
"147","2011","10","Rajasthan","Chittorgarh","886.63","160.2","85.39","43.12","107.33","81.64","23.48","14.43","370.38","598.92","161.7"
"147","2012","10","Rajasthan","Chittorgarh","886.63","160.22","85.94","42.56","105.85","81.44","23.14","16.07","370.68","613.51","165.51"
"147","2013","10","Rajasthan","Chittorgarh","886.64","160.3","70.14","58.36","101.8","81.36","23.85","13.26","376.88","637.39","169.12"
"147","2014","10","Rajasthan","Chittorgarh","886.64","160.47","69.86","58.99","98.53","81.35","23.86","14.64","378.48","643.47","170.01"
"147","2015","10","Rajasthan","Chittorgarh","886.64","161.66","70.03","59.85","93.29","81.35","23.79","14.34","381.87","646.53","169.31"
"147","2016","10","Rajasthan","Chittorgarh","886.64","161.67","70.11","59.65","90.09","81.29","23.3","12.92","387.19","677.15","174.89"
"147","2017","10","Rajasthan","Chittorgarh","886.64","161.66","70.1","59.6","91.59","81.27","24.12","14.06","383.72","673.34","175.47"
"147","2018","10","Rajasthan","Chittorgarh","886.55","161.89","70.0","42.48","90.87","81.29","24.86","13.44","383.89","673.53","175.45"
"147","2019","10","Rajasthan","Chittorgarh","886.56","161.68","70.69","58.28","82.93","81.3","24.48","12.51","392.94","708.19","180.23"
"147","2020","10","Rajasthan","Chittorgarh","886.56","161.67","70.73","59.4","80.27","81.29","22.25","13.75","396.53","720.01","181.58"
"148","2000","10","Rajasthan","Churu","1385.89","6.18","0.68","62.62","10.43","38.79","78.74","101.75","1086.7","1140.81","104.98"
"148","2001","10","Rajasthan","Churu","1385.9","6.33","0.68","62.88","9.5","38.37","53.18","63.75","1151.22","1205.61","104.72"
"148","2002","10","Rajasthan","Churu","1385.9","6.44","0.68","63.34","12.15","38.39","106.3","613.95","544.64","576.57","105.86"
"148","2003","10","Rajasthan","Churu","1385.9","6.44","0.68","63.44","9.97","38.04","64.72","32.45","1170.16","1304.4","111.47"
"148","2004","10","Rajasthan","Churu","1385.9","6.45","0.68","63.58","10.64","38.05","48.78","68.44","1149.28","1429.4","124.37"
"148","2005","10","Rajasthan","Churu","1385.9","6.45","0.68","63.71","10.58","37.91","42.65","55.69","1168.24","1422.93","121.8"
"148","2006","10","Rajasthan","Churu","1385.9","6.63","0.68","64.34","10.39","37.82","42.97","59.43","1163.65","1421.55","122.16"
"148","2007","10","Rajasthan","Churu","1385.9","6.59","0.68","65.0","10.01","37.72","41.0","58.88","1166.02","1448.75","124.25"
"148","2008","10","Rajasthan","Churu","1385.9","6.62","0.65","65.2","10.99","37.69","42.71","56.86","1165.17","1458.77","125.2"
"148","2009","10","Rajasthan","Churu","1385.9","6.62","0.65","65.28","11.99","37.8","53.97","81.24","1128.33","1283.17","113.72"
"148","2010","10","Rajasthan","Churu","1385.9","6.62","0.65","65.2","12.0","37.6","43.36","47.97","1172.49","1575.08","134.34"
"148","2011","10","Rajasthan","Churu","1385.9","6.61","0.65","65.36","13.23","37.5","46.25","51.92","1164.37","1527.96","131.23"
"148","2012","10","Rajasthan","Churu","1385.9","6.61","0.65","65.65","14.96","37.52","49.58","57.59","1153.32","1354.57","117.45"
"148","2013","10","Rajasthan","Churu","1385.91","6.66","0.62","65.96","12.57","37.47","42.29","46.05","1174.27","1624.58","138.35"
"148","2014","10","Rajasthan","Churu","1385.91","6.66","0.62","66.13","14.37","37.44","48.36","62.32","1149.99","1452.32","126.29"
"148","2015","10","Rajasthan","Churu","1385.91","6.52","0.62","66.39","16.53","37.47","44.96","58.48","1154.92","1375.7","119.12"
"148","2016","10","Rajasthan","Churu","1385.91","6.52","0.62","66.72","19.03","37.2","45.25","59.33","1151.22","1470.91","127.77"
"148","2017","10","Rajasthan","Churu","1385.91","6.52","0.62","66.74","21.3","37.15","53.04","66.71","1133.81","1353.23","119.35"
"148","2018","10","Rajasthan","Churu","1385.9","6.52","0.62","65.65","21.4","37.15","54.43","68.3","1130.28","1409.09","124.67"
"148","2019","10","Rajasthan","Churu","1385.9","6.62","0.62","65.96","25.0","37.02","54.15","68.03","1127.02","1720.23","152.63"
"148","2020","10","Rajasthan","Churu","1385.9","6.63","0.62","67.63","27.2","37.03","56.38","68.72","1121.7","1442.73","128.62"
"149","2000","10","Rajasthan","Dungarpur","385.59","61.24","77.29","22.83","23.75","34.68","37.47","10.98","115.07","128.26","111.46"
"149","2001","10","Rajasthan","Dungarpur","385.59","61.24","76.88","22.96","23.14","34.63","35.62","7.94","121.01","150.9","124.7"
"149","2002","10","Rajasthan","Dungarpur","385.59","61.24","73.59","22.97","22.78","34.63","40.52","18.73","108.91","121.96","111.98"
"149","2003","10","Rajasthan","Dungarpur","385.59","61.24","73.59","22.97","22.85","34.63","36.65","7.75","123.84","173.65","140.22"
"149","2004","10","Rajasthan","Dungarpur","385.59","61.24","73.46","22.97","23.18","34.62","36.49","8.25","123.24","179.9","145.98"
"149","2005","10","Rajasthan","Dungarpur","385.59","61.48","72.58","22.98","22.95","34.55","36.93","9.99","122.14","174.59","142.94"
"149","2006","10","Rajasthan","Dungarpur","385.59","62.2","71.95","22.98","22.53","34.55","35.6","6.24","127.75","191.88","150.2"
"149","2007","10","Rajasthan","Dungarpur","385.59","62.2","71.41","22.97","21.91","34.55","35.41","6.08","129.35","192.57","148.88"
"149","2008","10","Rajasthan","Dungarpur","385.59","62.2","71.41","22.97","21.28","34.55","33.01","8.01","130.72","158.07","120.92"
"149","2009","10","Rajasthan","Dungarpur","385.59","62.2","71.41","22.97","21.14","34.55","31.16","7.47","133.33","186.44","139.83"
"149","2010","10","Rajasthan","Dungarpur","385.59","62.2","69.98","22.97","20.89","34.54","30.49","11.47","131.62","186.67","141.82"
"149","2011","10","Rajasthan","Dungarpur","385.59","62.2","69.97","22.97","20.81","34.54","31.01","8.37","134.47","199.89","148.65"
"149","2012","10","Rajasthan","Dungarpur","385.59","62.2","69.85","22.97","20.58","34.54","31.26","8.96","133.99","199.93","149.21"
"149","2013","10","Rajasthan","Dungarpur","385.59","64.19","67.64","22.97","20.75","34.54","29.81","10.1","134.37","203.07","151.13"
"149","2014","10","Rajasthan","Dungarpur","385.59","64.48","67.35","22.97","21.26","34.54","33.83","9.53","130.54","193.5","148.23"
"149","2015","10","Rajasthan","Dungarpur","385.59","64.48","67.35","22.97","21.88","34.54","33.64","7.6","131.99","189.5","143.57"
"149","2016","10","Rajasthan","Dungarpur","385.67","64.48","67.38","23.02","22.03","34.54","30.91","7.86","134.52","195.93","145.65"
"149","2017","10","Rajasthan","Dungarpur","385.67","64.48","67.15","23.02","21.56","34.54","33.54","6.1","134.36","196.19","146.02"
"149","2018","10","Rajasthan","Dungarpur","385.67","64.48","67.15","22.97","21.5","34.54","33.62","8.63","131.77","193.71","147.01"
"149","2019","10","Rajasthan","Dungarpur","385.67","64.49","67.12","22.97","21.57","34.54","34.7","5.58","133.73","210.71","157.57"
"149","2020","10","Rajasthan","Dungarpur","385.67","64.49","67.12","23.02","21.23","34.54","33.03","9.16","132.08","206.29","156.18"
"150","2000","10","Rajasthan","Ganganagar","2063.28","72.39","3.16","127.47","46.66","5.34","171.5","321.04","1313.2","1789.45","136.27"
"150","2001","10","Rajasthan","Ganganagar","2063.67","74.35","1.35","128.84","45.95","4.3","154.17","176.4","1476.32","2071.69","140.33"
"150","2002","10","Rajasthan","Ganganagar","2063.67","74.39","3.48","126.88","47.73","4.27","204.66","385.34","1215.15","1620.42","133.35"
"150","2003","10","Rajasthan","Ganganagar","2063.67","78.58","3.47","123.25","46.63","4.21","133.1","187.51","1485.02","2096.76","141.19"
"150","2004","10","Rajasthan","Ganganagar","2063.67","78.54","3.46","123.46","39.2","4.2","147.71","204.81","1459.8","1955.63","133.97"
"150","2005","10","Rajasthan","Ganganagar","2063.67","78.59","0.89","126.3","43.48","4.16","164.65","231.85","1410.22","1948.27","138.15"
"150","2006","10","Rajasthan","Ganganagar","2063.67","78.77","2.88","124.63","22.17","4.08","153.8","177.19","1495.85","2048.09","136.92"
"150","2007","10","Rajasthan","Ganganagar","2063.69","78.88","2.57","125.07","50.85","3.87","129.47","124.96","1543.95","2287.91","148.19"
"150","2008","10","Rajasthan","Ganganagar","2063.71","78.96","2.06","125.58","40.24","3.87","121.25","112.21","1574.79","2328.43","147.86"
"150","2009","10","Rajasthan","Ganganagar","2063.71","78.97","2.25","125.46","43.93","3.86","137.89","256.74","1408.91","1960.2","139.13"
"150","2010","10","Rajasthan","Ganganagar","2063.59","78.99","2.45","126.27","44.67","4.92","104.94","91.28","1602.29","2350.87","146.72"
"150","2011","10","Rajasthan","Ganganagar","2063.65","78.91","2.51","126.73","39.02","4.88","101.24","96.03","1607.79","2327.54","144.77"
"150","2012","10","Rajasthan","Ganganagar","2063.66","79.2","2.39","127.88","29.66","4.77","91.81","110.92","1610.22","2384.96","148.11"
"150","2013","10","Rajasthan","Ganganagar","2063.66","79.16","2.41","128.95","22.84","4.78","92.37","102.58","1624.07","2510.24","154.56"
"150","2014","10","Rajasthan","Ganganagar","2063.67","79.29","2.41","128.82","25.19","4.75","100.17","91.58","1624.66","2526.23","155.49"
"150","2015","10","Rajasthan","Ganganagar","2063.67","79.35","2.41","128.94","17.19","4.75","84.09","83.92","1659.58","2654.09","159.93"
"150","2016","10","Rajasthan","Ganganagar","2063.67","79.36","2.41","129.03","20.89","4.76","107.97","102.16","1614.19","2498.51","154.78"
"150","2017","10","Rajasthan","Ganganagar","2063.67","79.35","2.41","129.26","21.26","4.76","108.26","126.86","1588.73","2482.79","156.28"
"150","2018","10","Rajasthan","Ganganagar","2063.67","79.53","5.67","127.88","20.14","4.78","103.0","112.0","1610.85","2573.37","159.75"
"150","2019","10","Rajasthan","Ganganagar","2063.67","79.58","2.43","128.96","18.99","4.78","97.52","95.46","1633.78","2807.43","171.84"
"150","2020","10","Rajasthan","Ganganagar","2061.96","79.58","2.43","129.93","20.82","4.78","96.9","155.58","1570.37","2550.47","162.41"
"151","2000","10","Rajasthan","Jaipur","1445.99","105.14","64.99","101.41","41.09","104.24","80.91","150.41","796.13","1129.95","141.93"
"151","2001","10","Rajasthan","Jaipur","1445.96","105.86","70.33","94.9","42.09","103.67","100.58","94.93","832.24","1197.64","143.91"
"151","2002","10","Rajasthan","Jaipur","1445.96","105.99","67.26","98.18","43.47","104.27","111.45","140.81","773.07","1053.75","136.31"
"151","2003","10","Rajasthan","Jaipur","1445.96","105.81","68.41","98.8","40.97","103.57","80.4","67.83","878.35","1292.77","147.18"
"151","2004","10","Rajasthan","Jaipur","1445.99","105.67","67.92","100.08","41.88","103.35","67.16","65.36","893.2","1347.83","150.9"
"151","2005","10","Rajasthan","Jaipur","1445.99","105.53","71.86","96.97","41.24","103.08","71.59","107.85","846.49","1338.37","158.11"
"151","2006","10","Rajasthan","Jaipur","1445.99","105.95","72.11","98.79","43.78","103.42","79.33","105.29","836.05","1189.28","142.25"
"151","2007","10","Rajasthan","Jaipur","1446.9","106.5","73.73","99.07","42.82","103.17","83.9","77.09","859.32","1233.78","143.58"
"151","2008","10","Rajasthan","Jaipur","1446.93","107.07","72.6","99.49","44.59","102.94","80.87","63.13","874.95","1313.34","150.1"
"151","2009","10","Rajasthan","Jaipur","1446.93","108.42","72.57","99.24","43.29","102.57","76.89","62.96","879.94","1315.78","149.53"
"151","2010","10","Rajasthan","Jaipur","1446.93","108.42","73.41","101.41","43.24","100.38","64.95","39.76","913.92","1564.13","171.15"
"151","2011","10","Rajasthan","Jaipur","1446.93","108.48","77.45","100.33","43.87","99.89","63.35","46.73","905.76","1474.75","162.82"
"151","2012","10","Rajasthan","Jaipur","1446.93","108.8","77.9","100.54","45.72","99.59","66.82","55.74","890.75","1391.49","156.22"
"151","2013","10","Rajasthan","Jaipur","1446.95","109.69","74.35","104.23","47.19","99.49","63.46","51.14","896.3","1496.88","167.01"
"151","2014","10","Rajasthan","Jaipur","1446.95","108.96","75.6","105.23","46.91","99.49","67.1","55.29","887.39","1424.92","160.57"
"151","2015","10","Rajasthan","Jaipur","1446.95","109.15","77.42","104.72","47.66","99.53","69.26","72.7","865.51","1306.06","150.9"
"151","2016","10","Rajasthan","Jaipur","1446.95","109.17","80.63","104.04","46.31","99.19","67.28","55.4","884.04","1413.79","159.92"
"151","2017","10","Rajasthan","Jaipur","1455.49","109.2","77.63","116.37","49.34","99.25","76.57","74.96","851.14","1248.63","146.7"
"151","2018","10","Rajasthan","Jaipur","1455.47","109.21","77.96","100.53","46.81","99.02","75.86","66.73","861.13","1334.8","155.01"
"151","2019","10","Rajasthan","Jaipur","1455.47","109.85","79.24","104.22","45.57","99.29","71.06","60.32","868.45","1407.0","162.01"
"151","2020","10","Rajasthan","Jaipur","1455.47","110.23","78.12","121.19","45.67","99.25","70.53","68.13","861.26","1369.1","158.96"
"152","2000","10","Rajasthan","Jaisalmer","3839.15","22.41","365.71","114.54","2657.25","100.89","114.81","38.1","425.35","467.39","109.88"
"152","2001","10","Rajasthan","Jaisalmer","3839.15","23.28","371.08","112.02","2579.46","102.99","131.71","33.14","485.48","541.12","111.46"
"152","2002","10","Rajasthan","Jaisalmer","3839.15","23.29","369.06","118.37","2594.09","103.55","168.47","384.43","77.89","91.13","117.0"
"152","2003","10","Rajasthan","Jaisalmer","3839.15","23.29","365.02","123.18","2506.62","103.61","132.63","11.29","573.45","628.41","109.58"
"152","2004","10","Rajasthan","Jaisalmer","3839.15","23.44","366.37","128.46","2526.87","104.03","119.77","200.24","369.88","400.26","108.21"
"152","2005","10","Rajasthan","Jaisalmer","3839.15","25.94","365.31","130.99","2498.48","104.0","144.11","53.26","516.48","578.1","111.93"
"152","2006","10","Rajasthan","Jaisalmer","3839.15","26.45","364.94","133.71","2481.51","103.98","138.15","49.74","539.56","621.61","115.21"
"152","2007","10","Rajasthan","Jaisalmer","3839.15","44.58","366.01","135.62","2453.88","103.93","113.37","59.13","562.37","637.58","113.37"
"152","2008","10","Rajasthan","Jaisalmer","3839.15","44.58","255.16","247.73","2424.7","104.07","97.01","47.06","618.75","727.56","117.59"
"152","2009","10","Rajasthan","Jaisalmer","3839.15","44.89","254.68","252.59","2430.05","103.5","102.17","104.07","546.74","626.21","114.54"
"152","2010","10","Rajasthan","Jaisalmer","3839.15","44.87","363.72","147.44","2347.4","103.63","64.54","41.57","725.69","877.59","120.93"
"152","2011","10","Rajasthan","Jaisalmer","3839.15","44.87","361.75","151.9","2299.8","103.47","100.42","78.46","698.39","848.11","121.44"
"152","2012","10","Rajasthan","Jaisalmer","3839.15","44.86","362.04","155.83","2267.02","103.18","127.59","111.23","667.16","843.98","126.5"
"152","2013","10","Rajasthan","Jaisalmer","3839.15","45.37","362.09","159.07","2212.21","103.18","157.62","52.12","747.26","961.11","128.62"
"152","2014","10","Rajasthan","Jaisalmer","3839.15","27.4","375.73","195.62","2197.39","84.63","157.2","104.99","691.66","870.76","125.89"
"152","2015","10","Rajasthan","Jaisalmer","3839.15","27.4","375.54","197.36","2162.02","84.59","135.3","54.0","802.39","1027.86","128.1"
"152","2016","10","Rajasthan","Jaisalmer","3839.15","27.42","372.81","203.75","2130.16","84.63","128.47","62.45","828.69","1084.08","130.82"
"152","2017","10","Rajasthan","Jaisalmer","3839.15","27.42","372.71","204.07","2123.68","87.64","115.14","67.94","840.04","1120.47","133.38"
"152","2018","10","Rajasthan","Jaisalmer","3839.15","28.47","372.21","155.83","2103.76","87.18","130.16","113.62","795.63","1051.46","132.16"
"152","2019","10","Rajasthan","Jaisalmer","3839.15","28.47","372.17","159.06","2084.37","87.18","172.14","82.59","804.58","1180.11","146.67"
"152","2020","10","Rajasthan","Jaisalmer","3838.96","28.73","371.55","208.91","2076.13","87.51","166.84","99.8","798.87","1120.28","140.23"
"153","2000","10","Rajasthan","Jalore","1056.6","19.56","83.97","40.06","32.08","46.54","110.12","102.11","622.12","740.88","119.09"
"153","2001","10","Rajasthan","Jalore","1056.6","20.1","83.5","40.24","24.39","46.49","108.12","85.11","648.63","801.67","123.59"
"153","2002","10","Rajasthan","Jalore","1056.6","20.1","83.38","40.33","25.5","47.38","131.92","171.2","536.77","651.22","121.32"
"153","2003","10","Rajasthan","Jalore","1056.6","20.36","83.26","40.72","23.07","47.58","101.13","76.63","663.84","812.83","122.44"
"153","2004","10","Rajasthan","Jalore","1056.6","20.8","82.83","40.95","27.51","47.4","95.36","87.64","654.1","778.3","118.99"
"153","2005","10","Rajasthan","Jalore","1056.6","21.76","81.86","41.01","30.19","47.37","94.66","83.91","655.82","787.16","120.03"
"153","2006","10","Rajasthan","Jalore","1056.6","22.11","81.9","41.12","31.19","47.4","89.14","81.98","661.73","834.68","126.14"
"153","2007","10","Rajasthan","Jalore","1056.6","22.06","81.9","41.19","31.38","47.45","84.01","71.9","676.68","854.9","126.34"
"153","2008","10","Rajasthan","Jalore","1056.6","22.06","82.38","40.82","34.81","47.43","90.52","86.2","652.35","812.84","124.6"
"153","2009","10","Rajasthan","Jalore","1056.6","22.61","81.82","40.94","34.86","47.43","92.51","84.83","651.59","824.45","126.53"
"153","2010","10","Rajasthan","Jalore","1056.6","23.51","81.22","41.12","31.87","47.41","72.52","58.28","699.34","1125.53","160.94"
"153","2011","10","Rajasthan","Jalore","1056.6","23.51","81.22","41.2","31.9","47.4","80.16","69.3","681.9","911.14","133.62"
"153","2012","10","Rajasthan","Jalore","1056.61","23.64","78.21","44.53","22.77","47.37","94.18","84.03","661.87","895.03","135.23"
"153","2013","10","Rajasthan","Jalore","1056.61","23.64","78.08","44.71","19.61","47.37","88.21","64.28","690.71","972.81","140.84"
"153","2014","10","Rajasthan","Jalore","1056.61","23.64","78.11","44.73","21.16","47.37","100.68","91.89","649.04","867.68","133.69"
"153","2015","10","Rajasthan","Jalore","1056.61","23.64","78.11","44.83","20.93","47.37","96.05","77.48","668.19","921.72","137.94"
"153","2016","10","Rajasthan","Jalore","1056.61","23.64","78.11","44.84","21.95","47.37","98.88","73.79","668.03","948.52","141.99"
"153","2017","10","Rajasthan","Jalore","1056.61","23.64","78.11","44.86","21.74","47.37","98.8","73.24","668.84","943.31","141.04"
"153","2018","10","Rajasthan","Jalore","1056.61","23.63","78.12","44.53","21.1","47.37","105.49","94.31","641.65","896.34","139.69"
"153","2019","10","Rajasthan","Jalore","1056.61","23.63","78.16","44.71","21.03","47.36","108.96","75.19","657.3","940.64","143.11"
"153","2020","10","Rajasthan","Jalore","1056.61","23.63","78.16","44.93","20.54","47.36","104.82","75.18","661.93","948.71","143.32"
"154","2000","10","Rajasthan","Jhalawar","632.24","119.7","37.78","24.66","53.98","51.58","21.3","11.99","309.17","416.99","134.87"
"154","2001","10","Rajasthan","Jhalawar","632.24","121.1","37.17","25.06","52.77","50.29","23.09","8.23","312.81","459.34","146.84"
"154","2002","10","Rajasthan","Jhalawar","632.24","121.21","37.62","25.15","52.21","50.7","26.12","34.65","282.8","335.14","118.51"
"154","2003","10","Rajasthan","Jhalawar","632.24","122.01","36.46","25.33","51.55","50.22","22.66","8.67","313.45","463.87","147.99"
"154","2004","10","Rajasthan","Jhalawar","632.24","122.35","36.61","25.08","51.86","49.96","19.73","7.85","316.83","505.98","159.7"
"154","2005","10","Rajasthan","Jhalawar","632.24","124.01","36.47","24.75","49.64","48.98","19.73","9.26","317.06","465.16","146.71"
"154","2006","10","Rajasthan","Jhalawar","632.24","125.17","34.89","25.98","47.28","48.59","18.57","6.42","322.86","520.44","161.2"
"154","2007","10","Rajasthan","Jhalawar","632.24","125.03","34.64","26.27","46.58","48.63","18.5","6.93","322.95","510.5","158.07"
"154","2008","10","Rajasthan","Jhalawar","632.24","124.82","34.28","27.36","45.0","48.35","17.56","5.98","325.76","548.65","168.42"
"154","2009","10","Rajasthan","Jhalawar","632.24","125.03","33.91","27.99","42.41","48.43","16.87","5.7","328.58","579.04","176.22"
"154","2010","10","Rajasthan","Jhalawar","632.24","126.28","33.53","28.63","41.29","47.57","17.45","5.93","327.96","569.61","173.68"
"154","2011","10","Rajasthan","Jhalawar","632.24","126.21","33.31","28.57","39.67","47.41","15.77","5.37","332.24","601.34","181.0"
"154","2012","10","Rajasthan","Jhalawar","632.24","126.39","33.5","28.57","37.88","47.21","14.81","5.59","334.05","614.32","183.9"
"154","2013","10","Rajasthan","Jhalawar","632.24","127.12","33.07","28.75","36.15","47.26","12.52","4.47","337.72","646.73","191.5"
"154","2014","10","Rajasthan","Jhalawar","632.24","127.33","34.42","28.44","33.7","47.44","13.0","5.29","336.56","614.05","182.45"
"154","2015","10","Rajasthan","Jhalawar","632.24","127.38","33.6","29.44","31.91","47.36","12.37","4.4","338.46","635.01","187.62"
"154","2016","10","Rajasthan","Jhalawar","632.24","127.26","33.27","29.4","31.09","47.36","12.54","4.71","337.99","642.81","190.19"
"154","2017","10","Rajasthan","Jhalawar","632.24","127.37","33.8","29.1","30.5","46.81","12.85","5.56","336.33","636.4","189.22"
"154","2018","10","Rajasthan","Jhalawar","632.24","127.4","33.79","28.57","28.84","46.79","12.96","7.29","336.06","647.71","192.74"
"154","2019","10","Rajasthan","Jhalawar","632.24","127.63","34.29","28.75","27.19","46.1","11.61","5.88","339.53","655.06","192.93"
"154","2020","10","Rajasthan","Jhalawar","632.24","127.63","34.03","29.86","25.08","46.13","13.25","5.58","342.49","651.05","190.09"
"155","2000","10","Rajasthan","Jhunjhunu","591.68","39.61","15.36","20.07","6.2","40.29","21.46","22.62","425.99","609.66","143.12"
"155","2001","10","Rajasthan","Jhunjhunu","591.68","39.61","15.36","20.15","6.37","40.3","19.77","16.8","433.25","638.44","147.36"
"155","2002","10","Rajasthan","Jhunjhunu","591.68","39.61","15.38","20.21","6.47","40.27","26.87","117.0","325.79","431.52","132.45"
"155","2003","10","Rajasthan","Jhunjhunu","591.68","39.61","15.29","20.3","6.59","40.17","22.61","19.67","427.35","646.32","151.24"
"155","2004","10","Rajasthan","Jhunjhunu","591.54","39.62","15.44","21.62","6.97","40.04","19.03","22.98","425.62","668.24","157.0"
"155","2005","10","Rajasthan","Jhunjhunu","591.54","39.68","15.22","22.15","6.91","39.46","20.63","18.8","428.64","686.2","160.09"
"155","2006","10","Rajasthan","Jhunjhunu","591.54","39.68","15.34","22.17","6.87","39.61","21.82","23.23","422.77","664.33","157.14"
"155","2007","10","Rajasthan","Jhunjhunu","591.54","39.68","15.38","22.31","7.0","39.47","22.69","22.03","422.91","647.95","153.21"
"155","2008","10","Rajasthan","Jhunjhunu","591.54","39.68","15.46","22.32","6.67","39.47","24.25","22.33","421.3","654.99","155.47"
"155","2009","10","Rajasthan","Jhunjhunu","591.54","39.68","15.45","22.59","6.08","39.38","29.03","35.11","404.17","613.84","151.88"
"155","2010","10","Rajasthan","Jhunjhunu","591.54","39.68","15.7","22.3","6.1","39.35","26.6","17.18","424.58","733.88","172.85"
"155","2011","10","Rajasthan","Jhunjhunu","591.54","39.68","15.71","22.31","6.05","39.35","29.62","21.72","417.05","667.78","160.12"
"155","2012","10","Rajasthan","Jhunjhunu","591.54","40.05","15.69","21.97","6.22","39.36","32.96","27.26","407.99","644.04","157.86"
"155","2013","10","Rajasthan","Jhunjhunu","591.54","40.05","15.71","21.97","6.16","39.35","32.03","21.05","415.18","706.65","170.2"
"155","2014","10","Rajasthan","Jhunjhunu","591.54","40.05","15.7","22.07","6.31","39.27","34.4","25.83","407.88","654.34","160.42"
"155","2015","10","Rajasthan","Jhunjhunu","591.54","40.05","15.7","22.07","6.17","39.26","35.07","29.72","403.48","635.49","157.5"
"155","2016","10","Rajasthan","Jhunjhunu","591.54","40.05","15.71","22.22","5.92","39.25","36.82","31.07","400.48","627.52","156.69"
"155","2017","10","Rajasthan","Jhunjhunu","591.54","40.05","15.71","22.29","5.91","39.24","41.92","35.53","390.86","607.55","155.44"
"155","2018","10","Rajasthan","Jhunjhunu","591.54","40.05","15.71","21.97","6.74","39.24","43.71","31.74","392.03","629.19","160.49"
"155","2019","10","Rajasthan","Jhunjhunu","591.54","40.05","15.71","21.97","7.2","39.24","44.2","36.64","386.17","627.94","162.61"
"155","2020","10","Rajasthan","Jhunjhunu","591.54","40.05","15.73","22.34","7.07","39.23","45.77","35.98","385.33","620.35","160.99"
"156","2000","10","Rajasthan","Jodhpur","2256.41","6.99","146.19","74.97","36.96","125.72","366.95","336.53","1162.04","1227.84","105.66"
"156","2001","10","Rajasthan","Jodhpur","2256.41","7.03","145.86","78.86","11.68","122.57","365.44","258.95","1265.94","1343.47","106.12"
"156","2002","10","Rajasthan","Jodhpur","2256.41","7.0","145.89","78.92","14.42","122.56","625.12","1072.3","190.12","229.28","120.6"
"156","2003","10","Rajasthan","Jodhpur","2256.41","7.0","145.67","79.13","10.65","122.35","442.87","97.76","1350.89","1424.6","105.46"
"156","2004","10","Rajasthan","Jodhpur","2256.41","7.0","145.35","79.29","26.11","122.35","321.44","331.3","1223.48","1311.28","107.18"
"156","2005","10","Rajasthan","Jodhpur","2256.41","7.0","145.35","79.29","39.75","122.35","346.91","246.22","1269.43","1377.7","108.53"
"156","2006","10","Rajasthan","Jodhpur","2256.41","7.0","145.35","79.86","66.89","122.25","399.35","275.92","1159.64","1270.42","109.55"
"156","2007","10","Rajasthan","Jodhpur","2256.41","7.0","145.37","80.12","40.65","122.0","322.79","283.74","1254.66","1378.69","109.89"
"156","2008","10","Rajasthan","Jodhpur","2256.41","7.0","145.37","80.25","14.9","121.93","363.39","238.81","1284.65","1419.7","110.51"
"156","2009","10","Rajasthan","Jodhpur","2256.41","7.25","145.12","80.25","13.74","121.93","277.55","354.0","1256.48","1401.95","111.58"
"156","2010","10","Rajasthan","Jodhpur","2256.41","7.0","145.37","80.34","15.4","122.35","279.29","234.87","1371.7","1580.13","115.2"
"156","2011","10","Rajasthan","Jodhpur","2256.41","7.26","145.32","80.57","16.51","122.22","313.33","229.98","1341.1","1516.33","113.07"
"156","2012","10","Rajasthan","Jodhpur","2256.41","7.0","145.32","80.57","22.6","122.22","345.21","277.85","1255.5","1449.04","115.42"
"156","2013","10","Rajasthan","Jodhpur","2256.41","8.38","143.86","77.75","17.55","125.45","271.46","234.31","1377.5","1648.41","119.67"
"156","2014","10","Rajasthan","Jodhpur","2256.41","8.38","144.18","78.19","9.14","124.68","293.34","282.47","1316.0","1589.68","120.8"
"156","2015","10","Rajasthan","Jodhpur","2256.41","8.38","143.47","78.79","11.36","124.69","245.09","257.47","1387.14","1716.7","123.76"
"156","2016","10","Rajasthan","Jodhpur","2256.41","8.4","143.47","78.79","8.99","124.67","266.15","229.96","1395.97","1787.73","128.06"
"156","2017","10","Rajasthan","Jodhpur","2256.41","8.4","143.47","79.1","5.08","124.67","234.73","255.72","1405.23","1770.72","126.01"
"156","2018","10","Rajasthan","Jodhpur","2256.41","10.21","141.86","80.57","6.84","121.64","254.65","288.24","1349.61","1712.81","126.91"
"156","2019","10","Rajasthan","Jodhpur","2256.41","10.31","141.76","77.75","9.61","121.64","270.61","221.97","1397.16","1878.48","134.45"
"156","2020","10","Rajasthan","Jodhpur","2256.41","10.31","141.76","83.33","11.07","121.64","257.59","234.05","1396.64","1884.85","134.96"
"157","2000","10","Rajasthan","Kota","1220.78","337.91","80.46","50.62","51.14","51.21","34.34","51.97","562.48","839.37","149.23"
"157","2001","10","Rajasthan","Kota","1220.78","337.16","78.53","52.46","50.38","51.33","40.98","31.44","577.72","872.26","150.98"
"157","2002","10","Rajasthan","Kota","1220.78","337.16","79.61","51.85","50.35","52.79","53.49","206.08","388.88","499.95","128.56"
"157","2003","10","Rajasthan","Kota","1220.78","339.13","77.72","50.86","45.13","51.2","43.02","28.37","585.01","847.31","144.84"
"157","2004","10","Rajasthan","Kota","1220.78","338.45","77.73","52.66","44.55","50.07","34.73","21.52","600.61","877.73","146.14"
"157","2005","10","Rajasthan","Kota","1220.78","339.19","75.42","55.05","42.5","49.84","31.2","18.4","608.8","916.88","150.6"
"157","2006","10","Rajasthan","Kota","1220.78","338.74","73.93","59.81","40.64","50.17","29.98","23.62","603.14","838.71","139.06"
"157","2007","10","Rajasthan","Kota","1220.78","341.3","79.04","55.75","38.24","50.1","30.24","23.06","602.22","948.8","157.55"
"157","2008","10","Rajasthan","Kota","1220.78","342.0","69.44","62.55","38.18","49.91","31.45","17.37","609.42","985.3","161.68"
"157","2009","10","Rajasthan","Kota","1220.78","342.29","68.59","63.41","39.13","49.51","28.11","18.93","610.23","985.82","161.55"
"157","2010","10","Rajasthan","Kota","1220.78","342.43","71.7","61.4","40.05","49.05","26.42","20.6","608.61","1033.27","169.78"
"157","2011","10","Rajasthan","Kota","1217.81","342.73","67.31","61.62","38.0","48.98","26.05","19.0","613.52","1055.04","171.97"
"157","2012","10","Rajasthan","Kota","1217.81","342.82","67.83","59.37","39.29","48.7","25.68","14.3","618.87","1120.88","181.12"
"157","2013","10","Rajasthan","Kota","1217.81","341.81","67.53","57.84","37.52","47.53","23.75","13.68","627.45","1170.17","186.5"
"157","2014","10","Rajasthan","Kota","1217.81","344.04","67.33","59.25","35.83","48.19","27.1","16.93","618.36","942.06","152.35"
"157","2015","10","Rajasthan","Kota","1217.81","344.83","67.45","59.14","34.92","47.6","25.8","13.74","623.32","1177.22","188.86"
"157","2016","10","Rajasthan","Kota","1217.81","345.1","65.38","62.64","33.66","47.71","27.04","15.4","620.09","1176.97","189.81"
"157","2017","10","Rajasthan","Kota","1217.81","345.09","66.05","61.48","33.7","47.62","29.45","19.69","613.9","1154.46","188.05"
"157","2018","10","Rajasthan","Kota","1217.81","345.44","65.21","59.37","32.41","47.45","27.31","16.23","620.86","1185.66","190.97"
"157","2019","10","Rajasthan","Kota","1217.84","345.66","65.97","57.84","31.68","47.14","27.79","15.79","619.18","1198.91","193.63"
"157","2020","10","Rajasthan","Kota","1217.85","345.67","65.42","62.66","31.26","47.71","30.61","20.48","613.1","1176.61","191.91"
"158","2000","10","Rajasthan","Nagaur","1764.38","17.89","58.98","85.05","14.66","71.79","91.74","214.62","1209.44","1365.4","112.9"
"158","2001","10","Rajasthan","Nagaur","1764.38","17.99","57.8","84.94","13.29","72.47","89.5","190.7","1237.48","1400.13","113.14"
"158","2002","10","Rajasthan","Nagaur","1764.38","17.99","58.05","85.53","14.82","73.2","185.81","591.51","737.3","836.9","113.51"
"158","2003","10","Rajasthan","Nagaur","1764.38","17.99","59.01","86.45","11.98","71.6","97.41","136.53","1283.38","1477.9","115.16"
"158","2004","10","Rajasthan","Nagaur","1764.38","18.2","58.22","87.73","13.9","71.09","81.42","171.85","1261.75","1469.25","116.45"
"158","2005","10","Rajasthan","Nagaur","1764.38","18.27","58.58","86.79","14.35","72.67","93.95","165.33","1254.26","1483.26","118.26"
"158","2006","10","Rajasthan","Nagaur","1764.38","18.45","58.2","86.78","16.92","72.97","91.31","186.81","1232.88","1421.39","115.29"
"158","2007","10","Rajasthan","Nagaur","1764.38","18.55","57.52","88.15","14.38","72.47","81.92","161.66","1269.71","1463.95","115.3"
"158","2008","10","Rajasthan","Nagaur","1763.82","18.46","55.48","89.93","15.33","71.21","86.87","163.13","1263.39","1460.28","115.58"
"158","2009","10","Rajasthan","Nagaur","1763.82","18.56","55.49","89.75","17.75","71.43","92.86","182.56","1235.4","1410.95","114.21"
"158","2010","10","Rajasthan","Nagaur","1763.82","18.56","55.83","89.57","14.56","71.04","69.95","114.89","1329.4","1859.21","139.85"
"158","2011","10","Rajasthan","Nagaur","1763.82","18.77","55.97","89.27","14.45","71.3","84.32","153.22","1276.41","1468.86","115.08"
"158","2012","10","Rajasthan","Nagaur","1763.82","18.77","55.73","88.73","14.65","71.97","98.96","212.32","1202.62","1452.86","120.81"
"158","2013","10","Rajasthan","Nagaur","1763.82","18.77","55.77","89.96","12.67","71.35","83.69","138.87","1292.68","1757.83","135.98"
"158","2014","10","Rajasthan","Nagaur","1764.03","18.55","55.18","90.58","11.99","71.46","105.63","181.79","1228.76","1479.91","120.44"
"158","2015","10","Rajasthan","Nagaur","1763.93","18.81","55.35","90.48","11.72","71.54","109.47","165.42","1241.06","1472.57","118.65"
"158","2016","10","Rajasthan","Nagaur","1774.94","18.75","55.03","103.72","10.88","70.87","103.75","154.64","1257.14","1650.7","131.31"
"158","2017","10","Rajasthan","Nagaur","1774.94","18.74","55.06","103.99","10.32","71.09","105.44","155.59","1254.61","1512.85","120.58"
"158","2018","10","Rajasthan","Nagaur","1774.94","18.8","55.17","88.73","9.25","70.79","101.77","156.37","1258.64","1515.54","120.41"
"158","2019","10","Rajasthan","Nagaur","1774.96","18.87","55.13","89.96","11.07","70.97","92.89","125.25","1296.76","1869.15","144.14"
"158","2020","10","Rajasthan","Nagaur","1775.02","18.67","55.37","103.09","11.77","70.89","90.33","130.31","1294.06","1623.42","125.45"
"159","2000","10","Rajasthan","Pali","1233.08","79.58","146.79","58.02","49.08","90.28","135.16","144.66","529.32","582.88","110.12"
"159","2001","10","Rajasthan","Pali","1233.08","80.15","145.97","58.07","46.01","90.75","133.01","102.68","576.23","657.85","114.16"
"159","2002","10","Rajasthan","Pali","1233.08","80.25","145.94","58.14","49.32","90.63","173.85","280.79","353.94","379.14","107.12"
"159","2003","10","Rajasthan","Pali","1233.08","80.25","145.87","58.21","47.77","90.62","137.53","98.05","574.59","626.92","109.11"
"159","2004","10","Rajasthan","Pali","1233.08","80.31","145.89","58.24","47.21","90.59","132.55","94.69","583.49","624.25","106.99"
"159","2005","10","Rajasthan","Pali","1233.08","82.01","143.92","58.28","45.8","90.86","121.85","82.76","607.49","657.46","108.23"
"159","2006","10","Rajasthan","Pali","1233.08","82.68","143.25","58.32","42.02","90.85","119.34","87.18","609.19","698.89","114.72"
"159","2007","10","Rajasthan","Pali","1233.08","85.27","140.8","58.33","39.69","91.04","116.52","82.2","619.04","706.18","114.08"
"159","2008","10","Rajasthan","Pali","1233.08","86.54","139.37","58.48","42.1","91.14","118.71","101.6","594.94","644.53","108.34"
"159","2009","10","Rajasthan","Pali","1233.08","86.54","139.37","58.49","43.52","91.13","118.87","94.27","600.65","629.88","104.87"
"159","2010","10","Rajasthan","Pali","1233.08","86.54","139.37","58.5","46.98","91.11","99.86","61.85","648.73","887.02","136.73"
"159","2011","10","Rajasthan","Pali","1233.08","86.53","139.26","58.72","47.74","91.14","107.09","88.38","614.07","701.8","114.29"
"159","2012","10","Rajasthan","Pali","1233.08","86.53","139.26","58.72","47.8","91.14","115.36","88.21","605.64","721.17","119.08"
"159","2013","10","Rajasthan","Pali","1233.08","86.53","139.19","59.47","47.75","91.16","104.9","77.4","626.27","819.15","130.8"
"159","2014","10","Rajasthan","Pali","1233.08","86.53","139.1","59.47","49.25","91.25","122.22","91.56","593.35","694.05","116.97"
"159","2015","10","Rajasthan","Pali","1233.08","86.81","138.83","59.47","49.54","91.25","118.15","83.98","604.69","726.05","120.07"
"159","2016","10","Rajasthan","Pali","1233.08","86.81","138.77","59.4","43.25","91.31","105.65","64.0","643.51","894.42","138.99"
"159","2017","10","Rajasthan","Pali","1233.08","86.8","138.77","59.43","41.39","91.31","101.51","59.83","653.69","839.77","128.47"
"159","2018","10","Rajasthan","Pali","1233.08","86.8","138.77","58.72","43.58","91.31","116.35","91.11","605.21","685.1","113.2"
"159","2019","10","Rajasthan","Pali","1233.08","86.8","138.77","59.47","41.13","91.31","112.67","70.83","631.64","878.2","139.04"
"159","2020","10","Rajasthan","Pali","1233.08","86.8","138.77","59.42","41.6","91.31","107.86","76.23","630.78","800.35","126.88"
"160","2000","10","Rajasthan","Swami Madhopur","1004.64","246.3","98.32","50.83","24.73","55.76","21.4","66.99","439.33","588.49","133.95"
"160","2001","10","Rajasthan","Swami Madhopur","1004.64","249.39","94.53","52.99","24.35","55.71","32.27","51.14","443.38","608.16","137.16"
"160","2002","10","Rajasthan","Swami Madhopur","1004.64","250.32","94.02","54.31","26.4","56.08","63.09","150.4","309.2","412.67","133.46"
"160","2003","10","Rajasthan","Swami Madhopur","1003.27","250.46","95.68","47.26","25.23","55.82","32.13","22.48","473.37","687.19","145.17"
"160","2004","10","Rajasthan","Swami Madhopur","1003.3","250.57","92.5","48.34","26.33","55.76","24.95","25.87","478.14","642.36","134.35"
"160","2005","10","Rajasthan","Swami Madhopur","1003.3","251.46","87.77","52.48","25.52","55.65","24.0","21.89","483.76","657.14","135.84"
"160","2006","10","Rajasthan","Swami Madhopur","1003.3","252.19","89.16","50.74","24.61","55.48","28.11","49.97","452.21","612.51","135.45"
"160","2007","10","Rajasthan","Swami Madhopur","1002.25","252.49","87.73","51.51","26.07","55.59","33.62","44.84","449.52","624.76","138.98"
"160","2008","10","Rajasthan","Swami Madhopur","1002.25","252.56","87.56","51.47","25.67","55.4","28.08","25.0","475.61","678.08","142.57"
"160","2009","10","Rajasthan","Swami Madhopur","1002.25","252.61","87.15","52.09","23.82","55.37","23.57","17.88","488.86","773.84","158.29"
"160","2010","10","Rajasthan","Swami Madhopur","1001.45","251.8","74.28","64.94","23.4","55.16","20.93","16.39","493.55","756.09","153.19"
"160","2011","10","Rajasthan","Swami Madhopur","1001.45","253.48","85.38","52.06","22.94","55.41","22.44","18.17","490.44","737.5","150.38"
"160","2012","10","Rajasthan","Swami Madhopur","1001.45","254.15","84.46","52.54","21.91","56.54","21.1","15.31","494.23","740.47","149.82"
"160","2013","10","Rajasthan","Swami Madhopur","1001.45","255.15","82.55","54.37","22.43","56.6","20.45","14.38","494.13","739.87","149.73"
"160","2014","10","Rajasthan","Swami Madhopur","1001.45","255.23","82.73","53.8","22.41","56.72","20.59","15.93","492.43","710.01","144.18"
"160","2015","10","Rajasthan","Swami Madhopur","1001.45","255.5","81.27","54.79","22.14","56.75","21.9","37.66","469.46","719.72","153.31"
"160","2016","10","Rajasthan","Swami Madhopur","1001.45","255.51","80.86","55.18","21.48","56.94","22.08","18.07","488.9","758.55","155.15"
"160","2017","10","Rajasthan","Swami Madhopur","1001.45","256.48","80.12","54.78","21.98","57.11","26.77","65.91","435.68","685.31","157.3"
"160","2018","10","Rajasthan","Swami Madhopur","1001.45","256.29","80.27","53.05","21.71","56.84","26.5","18.73","483.14","772.45","159.88"
"160","2019","10","Rajasthan","Swami Madhopur","1001.45","256.38","79.1","53.83","21.17","56.42","24.59","17.11","488.21","794.31","162.7"
"160","2020","10","Rajasthan","Swami Madhopur","1001.45","256.8","78.75","55.51","23.23","55.08","25.8","31.78","469.68","774.82","164.97"
"161","2000","10","Rajasthan","Sikar","774.24","60.53","17.55","33.52","10.44","41.23","45.94","54.62","510.27","671.58","131.61"
"161","2001","10","Rajasthan","Sikar","774.24","60.98","17.31","33.97","10.01","40.92","47.29","45.27","518.4","705.61","136.11"
"161","2002","10","Rajasthan","Sikar","774.24","61.0","17.33","34.28","10.62","40.81","63.99","124.06","422.04","561.98","133.16"
"161","2003","10","Rajasthan","Sikar","774.24","61.0","17.54","33.97","10.07","40.86","45.8","42.64","522.29","734.72","140.67"
"161","2004","10","Rajasthan","Sikar","774.24","61.09","17.57","34.07","10.29","40.75","40.16","43.38","526.85","751.82","142.7"
"161","2005","10","Rajasthan","Sikar","774.24","61.09","18.12","33.96","9.21","40.64","38.13","41.74","531.29","764.11","143.82"
"161","2006","10","Rajasthan","Sikar","774.24","61.09","18.35","34.23","9.43","40.63","40.88","42.53","526.83","745.87","141.58"
"161","2007","10","Rajasthan","Sikar","774.24","61.1","18.28","34.58","9.85","40.62","41.89","43.49","524.38","739.73","141.07"
"161","2008","10","Rajasthan","Sikar","774.24","61.11","18.07","34.79","9.58","40.53","43.23","43.98","522.86","742.97","142.1"
"161","2009","10","Rajasthan","Sikar","774.24","61.11","18.29","34.97","10.0","40.45","45.33","52.44","511.52","715.04","139.79"
"161","2010","10","Rajasthan","Sikar","774.24","61.11","18.29","35.28","8.87","40.35","40.89","33.64","535.68","846.57","158.04"
"161","2011","10","Rajasthan","Sikar","774.24","61.11","18.18","35.85","8.82","40.29","42.89","40.94","526.11","776.74","147.64"
"161","2012","10","Rajasthan","Sikar","774.24","61.11","18.2","36.34","8.71","40.22","42.96","45.92","520.73","748.5","143.74"
"161","2013","10","Rajasthan","Sikar","774.24","61.11","18.35","36.57","8.75","40.16","42.44","42.68","524.08","787.11","150.19"
"161","2014","10","Rajasthan","Sikar","774.24","61.11","18.47","36.6","8.77","40.01","45.27","48.51","515.41","746.86","144.91"
"161","2015","10","Rajasthan","Sikar","774.24","61.11","18.47","36.75","10.45","39.98","48.77","48.98","509.65","722.33","141.73"
"161","2016","10","Rajasthan","Sikar","774.24","61.11","18.48","36.9","10.76","39.94","49.25","49.55","508.18","716.36","140.97"
"161","2017","10","Rajasthan","Sikar","774.24","61.09","18.48","37.17","12.92","39.89","52.23","48.08","504.35","686.22","136.06"
"161","2018","10","Rajasthan","Sikar","774.24","61.1","19.24","36.34","13.54","39.3","53.94","48.76","501.3","702.3","140.1"
"161","2019","10","Rajasthan","Sikar","774.51","61.19","19.16","36.57","11.97","39.24","56.64","47.69","501.13","728.9","145.45"
"161","2020","10","Rajasthan","Sikar","774.51","61.19","19.15","37.5","12.63","39.3","51.94","44.67","508.1","715.77","140.87"
"162","2000","10","Rajasthan","Sirohi","517.95","152.5","77.06","25.5","8.48","33.5","47.01","38.68","135.14","166.81","123.43"
"162","2001","10","Rajasthan","Sirohi","517.95","154.83","75.39","25.09","8.62","33.34","43.51","29.71","147.37","189.38","128.51"
"162","2002","10","Rajasthan","Sirohi","517.95","154.83","75.89","24.63","9.86","33.33","49.85","51.3","118.19","141.93","120.09"
"162","2003","10","Rajasthan","Sirohi","517.95","155.37","74.8","25.32","9.84","33.31","36.15","29.94","153.14","201.92","131.85"
"162","2004","10","Rajasthan","Sirohi","517.95","155.37","74.87","25.27","9.78","33.38","40.74","38.67","139.78","179.77","128.61"
"162","2005","10","Rajasthan","Sirohi","517.95","155.44","74.84","25.11","10.45","33.38","39.04","25.46","154.13","210.81","136.77"
"162","2006","10","Rajasthan","Sirohi","517.95","155.46","74.84","25.12","10.5","33.37","33.28","20.03","165.28","231.73","140.2"
"162","2007","10","Rajasthan","Sirohi","517.95","155.46","74.77","25.3","9.42","33.38","34.41","22.34","162.79","225.92","138.78"
"162","2008","10","Rajasthan","Sirohi","517.95","155.46","74.79","25.38","10.44","33.31","37.94","34.11","146.44","192.29","131.31"
"162","2009","10","Rajasthan","Sirohi","517.95","155.47","74.55","25.44","10.8","33.24","41.92","38.71","137.76","171.21","124.28"
"162","2010","10","Rajasthan","Sirohi","517.95","155.47","74.57","25.54","9.89","33.22","30.59","20.69","167.93","240.56","143.25"
"162","2011","10","Rajasthan","Sirohi","517.95","155.47","74.55","25.59","9.95","33.22","31.83","23.97","163.37","232.71","142.44"
"162","2012","10","Rajasthan","Sirohi","517.95","155.48","74.52","25.64","10.59","33.21","30.02","25.18","163.31","229.83","140.73"
"162","2013","10","Rajasthan","Sirohi","517.95","155.49","74.49","25.65","9.14","33.21","28.51","25.75","165.71","239.34","144.43"
"162","2014","10","Rajasthan","Sirohi","517.95","155.49","74.49","25.65","9.03","33.22","32.62","29.57","157.89","210.93","133.59"
"162","2015","10","Rajasthan","Sirohi","517.95","155.49","74.49","25.66","9.03","33.22","32.44","25.37","162.26","226.99","139.89"
"162","2016","10","Rajasthan","Sirohi","517.95","155.49","74.47","25.72","9.26","33.26","30.88","24.95","163.92","226.56","138.21"
"162","2017","10","Rajasthan","Sirohi","517.95","155.73","74.1","25.86","8.61","33.26","27.55","22.98","169.84","226.98","133.64"
"162","2018","10","Rajasthan","Sirohi","517.95","155.73","74.12","25.64","8.73","33.26","29.25","28.55","162.45","214.74","132.19"
"162","2019","10","Rajasthan","Sirohi","517.95","155.73","74.11","25.65","8.88","33.26","31.79","23.36","164.98","224.84","136.29"
"162","2020","10","Rajasthan","Sirohi","517.95","155.73","74.11","25.85","9.15","33.26","26.65","20.78","172.37","232.92","135.13"
"163","2000","10","Rajasthan","Tonk","717.96","26.28","32.41","39.23","44.78","45.71","28.42","95.71","405.3","467.35","115.31"
"163","2001","10","Rajasthan","Tonk","717.96","26.05","29.7","43.73","45.61","44.1","45.28","86.0","397.39","467.4","117.62"
"163","2002","10","Rajasthan","Tonk","717.96","26.92","30.75","42.32","46.92","44.45","61.59","124.1","340.75","372.94","109.45"
"163","2003","10","Rajasthan","Tonk","717.96","26.94","29.7","44.17","45.49","43.51","41.14","30.54","456.37","549.79","120.47"
"163","2004","10","Rajasthan","Tonk","717.96","27.05","29.23","47.85","43.84","42.69","29.97","31.03","466.16","595.54","127.75"
"163","2005","10","Rajasthan","Tonk","717.96","27.22","27.94","47.93","43.24","42.8","27.15","26.3","475.24","611.71","128.72"
"163","2006","10","Rajasthan","Tonk","717.96","27.41","28.16","48.35","43.83","42.86","32.38","81.26","413.56","484.1","117.06"
"163","2007","10","Rajasthan","Tonk","717.96","27.53","27.34","48.54","43.61","42.06","35.53","43.86","449.35","539.51","120.06"
"163","2008","10","Rajasthan","Tonk","717.96","27.51","27.29","48.53","44.47","41.87","30.99","36.65","460.52","583.67","126.74"
"163","2009","10","Rajasthan","Tonk","717.96","27.61","26.56","47.12","43.73","41.78","30.15","39.97","460.91","571.76","124.05"
"163","2010","10","Rajasthan","Tonk","717.96","26.81","27.65","47.29","41.26","41.11","26.38","22.3","484.96","714.83","147.4"
"163","2011","10","Rajasthan","Tonk","717.96","27.12","27.14","49.51","43.43","41.3","24.84","24.72","479.69","691.37","144.13"
"163","2012","10","Rajasthan","Tonk","717.96","27.06","27.23","49.98","44.13","41.35","26.75","28.94","472.3","637.44","134.97"
"163","2013","10","Rajasthan","Tonk","717.96","27.19","26.97","49.38","43.73","40.81","25.28","25.44","478.96","662.0","138.22"
"163","2014","10","Rajasthan","Tonk","717.96","27.46","27.26","51.93","42.42","40.76","25.99","25.45","476.48","624.15","130.99"
"163","2015","10","Rajasthan","Tonk","717.96","27.06","27.6","50.62","43.87","40.94","29.69","45.82","452.13","576.92","127.6"
"163","2016","10","Rajasthan","Tonk","717.96","27.75","26.95","50.48","39.17","40.73","25.24","23.41","484.0","703.19","145.29"
"163","2017","10","Rajasthan","Tonk","717.96","27.75","27.39","49.94","40.49","40.52","27.28","40.5","463.85","671.49","144.76"
"163","2018","10","Rajasthan","Tonk","717.96","28.36","26.77","49.98","40.14","40.56","28.67","29.22","474.33","744.22","156.9"
"163","2019","10","Rajasthan","Tonk","717.96","28.33","26.54","49.38","37.62","40.68","25.94","23.73","484.61","788.16","162.64"
"163","2020","10","Rajasthan","Tonk","717.96","28.89","26.11","50.48","35.94","40.9","25.7","35.22","474.29","748.01","157.71"
"164","2000","10","Rajasthan","Udaipur","1916.86","429.18","449.23","179.92","254.0","148.51","101.62","34.1","317.08","347.1","109.47"
"164","2001","10","Rajasthan","Udaipur","1916.86","435.18","442.7","179.84","254.96","147.78","101.88","20.26","331.33","411.68","124.25"
"164","2002","10","Rajasthan","Udaipur","1916.86","435.64","442.99","179.75","253.77","147.47","103.95","36.61","313.5","340.52","108.62"
"164","2003","10","Rajasthan","Udaipur","1916.86","435.66","442.88","179.75","251.03","147.47","99.16","19.65","337.59","399.92","118.46"
"164","2004","10","Rajasthan","Udaipur","1916.86","438.44","441.14","179.77","250.02","146.3","96.45","18.81","342.62","439.25","128.2"
"164","2005","10","Rajasthan","Udaipur","1916.86","438.81","440.88","180.07","245.36","145.92","89.81","18.38","352.07","496.8","141.11"
"164","2006","10","Rajasthan","Udaipur","1916.86","443.35","434.0","179.82","246.44","145.6","80.43","15.22","368.84","550.83","149.34"
"164","2007","10","Rajasthan","Udaipur","1916.86","443.98","433.25","179.8","237.85","145.47","85.23","24.96","363.09","529.21","145.75"
"164","2008","10","Rajasthan","Udaipur","1981.19","462.48","430.59","182.22","253.99","148.03","89.49","32.79","380.7","505.85","132.87"
"164","2009","10","Rajasthan","Udaipur","1980.98","464.03","429.28","181.73","252.3","147.61","95.42","26.02","383.95","477.1","124.26"
"164","2010","10","Rajasthan","Udaipur","1980.98","464.23","427.85","183.14","250.27","147.62","90.66","20.83","396.1","574.09","144.94"
"164","2011","10","Rajasthan","Udaipur","1980.98","464.51","427.64","183.48","254.41","147.13","84.83","22.0","396.76","583.83","147.15"
"164","2012","10","Rajasthan","Udaipur","1980.98","464.39","427.64","183.54","253.42","147.19","87.96","24.5","391.67","580.94","148.32"
"164","2013","10","Rajasthan","Udaipur","1980.98","465.04","428.89","182.41","251.82","146.62","93.89","22.24","389.4","581.9","149.43"
"164","2014","10","Rajasthan","Udaipur","1980.98","464.69","428.92","183.17","251.03","146.39","101.19","20.38","384.64","575.69","149.67"
"164","2015","10","Rajasthan","Udaipur","1980.98","464.7","429.84","183.4","249.32","145.18","93.76","16.27","397.94","583.25","146.57"
"164","2016","10","Rajasthan","Udaipur","1980.98","465.07","429.44","183.42","249.76","145.2","88.92","14.72","403.86","600.31","148.64"
"164","2017","10","Rajasthan","Udaipur","1980.98","465.06","429.43","183.44","249.65","145.2","95.38","18.0","394.3","592.9","150.37"
"164","2018","10","Rajasthan","Udaipur","1980.96","464.71","429.27","183.45","248.03","145.03","100.89","18.09","390.05","569.04","145.89"
"164","2019","10","Rajasthan","Udaipur","1980.96","465.31","429.01","182.33","247.43","144.72","93.81","16.59","399.34","605.67","151.67"
"164","2020","10","Rajasthan","Udaipur","1980.96","465.3","429.03","184.01","240.01","144.76","90.65","17.81","407.85","616.8","151.23"
"165","2000","9","Punjab","Gurdaspur","355.0","36.0","1.0","19.0","-1.0","-1.0","-1.0","-1.0","291.0","492.0","169.07"
"165","2001","9","Punjab","Gurdaspur","355.0","36.0","1.0","19.0","-1.0","-1.0","-1.0","-1.0","291.0","499.0","171.48"
"165","2002","9","Punjab","Gurdaspur","355.0","36.0","-1.0","19.0","-1.0","-1.0","-1.0","-1.0","293.0","481.0","164.16"
"165","2003","9","Punjab","Gurdaspur","355.0","36.0","-1.0","19.0","-1.0","-1.0","-1.0","-1.0","293.0","497.0","169.62"
"165","2004","9","Punjab","Gurdaspur","355.0","36.0","-1.0","19.0","-1.0","-1.0","-1.0","-1.0","293.0","513.0","175.09"
"165","2005","9","Punjab","Gurdaspur","355.0","21.0","4.0","36.0","1.0","-1.0","-1.0","-1.0","284.0","497.0","175.0"
"165","2006","9","Punjab","Gurdaspur","355.0","36.0","4.0","20.0","-1.0","-1.0","-1.0","-1.0","286.72","511.03","178.23"
"165","2007","9","Punjab","Gurdaspur","355.0","36.0","4.0","20.0","-1.0","-1.0","-1.0","-1.0","287.0","503.0","175.26"
"165","2008","9","Punjab","Gurdaspur","355.0","36.0","5.0","20.0","-1.0","-1.0","-1.0","-1.0","286.0","505.0","176.57"
"165","2009","9","Punjab","Gurdaspur","349.66","35.95","3.27","20.02","-1.0","-0.97","-1.0","0.83","285.56","506.1","177.23"
"165","2010","9","Punjab","Gurdaspur","355.0","35.0","3.0","21.0","1.0","-1.0","-1.0","0.0","285.0","502.0","176.14"
"165","2011","9","Punjab","Gurdaspur","449.56","57.0","4.5","30.0","0.0","0.0","0.0","11.0","334.0","594.0","177.84"
"165","2012","9","Punjab","Gurdaspur","350.66","30.37","4.28","26.53","1.83","0.03","0.0","11.19","274.19","504.45","183.98"
"165","2013","9","Punjab","Gurdaspur","350.66","28.75","4.28","27.76","1.83","0.03","0.0","11.19","274.58","526.98","191.92"
"165","2014","9","Punjab","Gurdaspur","350.66","21.52","16.83","19.08","1.83","0.03","0.0","31.85","257.27","517.21","201.04"
"165","2015","9","Punjab","Gurdaspur","350.66","21.52","4.28","31.64","1.83","0.03","0.0","32.3","256.83","503.76","196.15"
"165","2016","9","Punjab","Gurdaspur","350.66","21.52","3.9","32.02","0.68","-0.96","-2.0","32.86","256.52","504.27","196.58"
"165","2017","9","Punjab","Gurdaspur","350.66","20.99","3.9","34.14","0.0","0.04","0.0","33.05","255.84","503.29","196.72"
"165","2018","9","Punjab","Gurdaspur","350.66","20.99","3.9","26.67","0.0","0.04","0.0","32.0","256.06","495.69","193.59"
"165","2019","9","Punjab","Gurdaspur","350.66","20.99","3.9","27.87","0.0","0.04","0.0","31.72","256.29","498.36","194.45"
"165","2020","9","Punjab","Gurdaspur","350.66","20.96","3.89","19.23","0.0","0.04","0.0","31.81","255.99","502.73","196.38"
"166","2000","9","Punjab","Amritsar","507.0","11.0","0.0","44.0","0.0","-1.0","-1.0","-1.0","445.0","820.0","184.27"
"166","2001","9","Punjab","Amritsar","507.0","12.0","0.0","44.0","-1.0","-1.0","-1.0","-1.0","445.0","819.0","184.04"
"166","2002","9","Punjab","Amritsar","507.0","14.0","0.0","33.0","-1.0","-1.0","-1.0","-1.0","454.0","854.0","188.11"
"166","2003","9","Punjab","Amritsar","507.0","12.0","1.0","37.0","-1.0","-1.0","-1.0","2.0","448.0","799.0","178.35"
"166","2004","9","Punjab","Amritsar","507.0","14.0","-1.0","39.0","0.0","-1.0","-1.0","-1.0","448.0","804.0","179.46"
"166","2005","9","Punjab","Amritsar","508.0","15.0","0.0","41.0","1.0","3.0","0.0","13.0","432.0","826.0","191.2"
"166","2006","9","Punjab","Amritsar","508.0","15.0","0.0","49.0","0.0","0.0","0.0","1.0","439.63","827.65","188.26"
"166","2007","9","Punjab","Amritsar","508.0","15.0","0.0","50.0","0.0","0.0","0.0","0.0","440.0","819.0","186.14"
"166","2008","9","Punjab","Amritsar","508.0","15.0","0.0","50.0","0.0","0.0","0.0","4.0","436.0","819.0","187.84"
"166","2009","9","Punjab","Amritsar","505.02","14.81","0.23","50.0","0.31","0.0","0.0","4.1","435.57","818.58","187.93"
"166","2010","9","Punjab","Amritsar","508.0","15.0","0.0","50.0","0.0","0.0","0.0","4.0","435.0","820.0","188.51"
"166","2011","9","Punjab","Amritsar","508.0","15.0","0.5","50.0","0.5","0.0","0.0","0.0","435.0","818.0","188.05"
"166","2012","9","Punjab","Amritsar","505.02","7.79","0.44","57.99","0.26","0.0","0.08","1.95","436.52","814.16","186.51"
"166","2013","9","Punjab","Amritsar","505.02","7.71","0.46","58.89","0.26","0.0","0.08","0.21","437.42","818.32","187.08"
"166","2014","9","Punjab","Amritsar","505.02","7.71","0.34","59.74","0.69","0.0","0.0","0.11","436.43","808.8","185.32"
"166","2015","9","Punjab","Amritsar","505.02","7.71","0.4","59.73","0.26","0.0","0.0","0.17","436.75","835.2","191.23"
"166","2016","9","Punjab","Amritsar","505.02","7.71","0.41","59.73","-0.74","-2.0","-2.0","0.12","436.78","803.93","184.06"
"166","2017","9","Punjab","Amritsar","505.02","7.71","0.41","59.75","0.26","0.0","0.0","0.1","436.78","815.18","186.63"
"166","2018","9","Punjab","Amritsar","505.02","7.66","0.42","58.07","0.26","0.0","0.0","0.1","436.79","812.79","186.08"
"166","2019","9","Punjab","Amritsar","505.02","7.66","0.42","58.9","0.26","0.0","0.0","0.1","436.49","806.83","184.85"
"166","2020","9","Punjab","Amritsar","505.02","7.65","0.42","59.76","0.26","0.0","0.0","0.1","436.39","809.95","185.6"
"167","2000","9","Punjab","Kapurthala","163.0","2.0","1.0","28.0","0.0","0.0","0.0","1.0","135.0","262.0","194.07"
"167","2001","9","Punjab","Kapurthala","163.0","2.0","1.0","27.0","0.0","0.0","0.0","2.0","136.0","264.0","194.12"
"167","2002","9","Punjab","Kapurthala","163.0","2.0","1.0","28.0","0.0","0.0","0.0","2.0","135.0","265.0","196.3"
"167","2003","9","Punjab","Kapurthala","163.0","2.0","0.0","28.0","0.0","0.0","0.0","0.0","137.0","271.0","197.81"
"167","2004","9","Punjab","Kapurthala","163.0","2.0","1.0","29.0","0.0","0.0","0.0","0.0","135.0","269.0","199.26"
"167","2005","9","Punjab","Kapurthala","163.0","2.0","0.0","29.0","0.0","0.0","0.0","0.0","136.0","271.0","199.26"
"167","2006","9","Punjab","Kapurthala","163.0","2.0","0.0","29.0","0.0","0.0","0.0","0.0","135.52","274.48","202.54"
"167","2007","9","Punjab","Kapurthala","163.0","2.0","0.0","30.0","0.0","0.0","0.0","0.0","135.0","274.0","202.96"
"167","2008","9","Punjab","Kapurthala","163.0","2.0","0.0","31.0","0.0","0.0","0.0","0.0","134.0","275.0","205.22"
"167","2009","9","Punjab","Kapurthala","166.54","1.53","0.03","31.0","0.15","0.0","0.0","0.06","133.77","273.37","204.36"
"167","2010","9","Punjab","Kapurthala","163.0","2.0","0.0","31.0","0.0","0.0","0.0","0.0","134.0","270.0","201.49"
"167","2011","9","Punjab","Kapurthala","163.0","2.0","0.0","31.0","0.5","0.0","0.0","0.0","134.0","271.0","202.24"
"167","2012","9","Punjab","Kapurthala","166.54","1.48","0.02","30.42","0.01","0.0","0.0","0.49","134.12","269.34","200.82"
"167","2013","9","Punjab","Kapurthala","166.54","1.47","0.01","31.65","0.69","0.0","0.0","0.25","132.47","271.73","205.13"
"167","2014","9","Punjab","Kapurthala","166.54","1.47","0.02","30.22","0.65","0.0","0.0","0.4","133.78","267.16","199.7"
"167","2015","9","Punjab","Kapurthala","166.54","1.47","0.02","30.29","0.65","0.0","0.0","0.18","133.94","266.41","198.9"
"167","2016","9","Punjab","Kapurthala","166.54","1.47","0.01","31.36","0.33","-1.0","-1.0","0.42","132.95","274.69","206.61"
"167","2017","9","Punjab","Kapurthala","166.54","1.47","0.01","31.37","0.32","0.0","0.0","0.25","133.13","265.8","199.65"
"167","2018","9","Punjab","Kapurthala","166.54","1.47","0.01","30.42","0.32","0.0","0.0","0.99","132.3","265.43","200.62"
"167","2019","9","Punjab","Kapurthala","166.54","1.47","-1.0","31.65","0.32","0.0","0.0","0.58","132.06","279.07","211.32"
"167","2020","9","Punjab","Kapurthala","166.54","1.47","-1.0","30.22","0.32","0.0","0.0","0.57","131.77","266.45","202.21"
"168","2000","9","Punjab","Jalandhar","338.59","4.61","5.66","26.71","1.61","1.0","0.0","0.61","299.61","519.53","173.4"
"168","2001","9","Punjab","Jalandhar","338.59","4.61","5.05","30.54","0.61","0.0","0.0","0.61","299.61","520.75","173.81"
"168","2002","9","Punjab","Jalandhar","338.59","7.66","2.44","34.15","0.0","0.0","0.0","0.61","298.61","518.36","173.59"
"168","2003","9","Punjab","Jalandhar","338.59","13.76","2.44","25.27","1.83","0.0","0.0","1.22","298.95","529.63","177.16"
"168","2004","9","Punjab","Jalandhar","338.59","16.37","2.44","25.27","1.22","0.0","0.0","1.83","296.34","534.63","180.41"
"168","2005","9","Punjab","Jalandhar","338.59","15.76","1.22","26.71","1.22","0.0","0.0","2.44","296.51","532.75","179.67"
"168","2006","9","Punjab","Jalandhar","338.59","15.76","1.22","27.71","0.61","0.0","0.0","1.22","297.34","526.22","176.97"
"168","2007","9","Punjab","Jalandhar","338.59","15.76","1.22","28.71","0.0","0.0","0.0","2.44","295.34","531.19","179.86"
"168","2008","9","Punjab","Jalandhar","338.59","14.76","0.61","30.71","0.0","0.0","0.0","2.44","294.95","533.24","180.79"
"168","2009","9","Punjab","Jalandhar","343.46","15.54","0.71","30.47","0.0","0.0","0.0","1.44","295.29","531.24","179.9"
"168","2010","9","Punjab","Jalandhar","338.59","15.76","0.61","30.71","0.0","0.0","0.0","1.22","295.17","518.63","175.71"
"168","2011","9","Punjab","Jalandhar","338.59","15.76","1.61","30.71","0.0","0.0","0.0","1.22","294.56","517.85","175.8"
"168","2012","9","Punjab","Jalandhar","343.46","15.57","0.0","4.67","22.42","0.0","0.24","1.13","299.43","540.19","180.41"
"168","2013","9","Punjab","Jalandhar","343.46","15.62","0.0","31.71","0.0","0.0","0.39","0.59","295.16","527.55","178.73"
"168","2014","9","Punjab","Jalandhar","343.46","15.62","0.0","6.04","17.71","0.0","0.65","1.21","302.26","527.45","174.5"
"168","2015","9","Punjab","Jalandhar","343.46","15.62","0.0","6.05","10.07","0.0","0.63","2.81","308.3","532.23","172.63"
"168","2016","9","Punjab","Jalandhar","343.46","15.62","-1.61","19.3","-1.61","-1.61","-0.17","0.45","306.28","525.44","171.56"
"168","2017","9","Punjab","Jalandhar","343.46","15.62","0.0","20.16","0.0","0.0","0.83","1.45","305.41","518.92","169.91"
"168","2018","9","Punjab","Jalandhar","343.46","15.58","-1.61","5.23","0.0","0.0","0.69","1.44","301.32","518.87","172.2"
"168","2019","9","Punjab","Jalandhar","343.46","15.58","-1.61","33.29","0.0","0.0","0.69","2.64","298.79","522.47","174.86"
"168","2020","9","Punjab","Jalandhar","343.46","15.58","-1.61","24.49","0.0","0.0","0.69","2.63","298.77","523.55","175.24"
"169","2000","9","Punjab","Hoshiarpur","386.41","109.39","3.34","15.29","0.39","0.0","0.0","0.39","257.39","433.47","168.41"
"169","2001","9","Punjab","Hoshiarpur","386.41","109.39","2.95","16.46","0.39","0.0","0.0","0.39","257.39","434.25","168.71"
"169","2002","9","Punjab","Hoshiarpur","386.41","102.34","2.56","17.85","0.0","1.0","0.0","7.39","257.39","409.64","159.15"
"169","2003","9","Punjab","Hoshiarpur","386.41","115.24","2.56","28.73","1.17","1.0","0.0","1.78","238.05","430.37","180.79"
"169","2004","9","Punjab","Hoshiarpur","386.41","114.63","2.56","30.73","0.78","1.0","0.0","1.17","236.66","429.37","181.43"
"169","2005","9","Punjab","Hoshiarpur","386.41","114.24","1.78","32.29","0.78","1.0","0.0","1.56","236.49","425.25","179.82"
"169","2006","9","Punjab","Hoshiarpur","386.41","114.24","1.78","32.29","0.39","1.0","0.0","0.78","238.16","424.74","178.34"
"169","2007","9","Punjab","Hoshiarpur","386.41","114.24","1.78","32.29","0.0","1.0","0.0","1.56","237.66","424.81","178.75"
"169","2008","9","Punjab","Hoshiarpur","386.41","114.24","1.39","32.29","0.0","1.0","0.0","1.56","238.05","436.76","183.47"
"169","2009","9","Punjab","Hoshiarpur","388.65","114.73","1.33","32.42","0.0","0.48","0.0","1.19","238.52","430.65","180.55"
"169","2010","9","Punjab","Hoshiarpur","386.41","114.24","1.39","33.29","0.0","1.0","0.0","0.78","237.83","428.37","180.12"
"169","2011","9","Punjab","Hoshiarpur","386.41","114.24","6.39","33.29","0.0","1.0","0.0","0.78","237.44","433.15","182.43"
"169","2012","9","Punjab","Hoshiarpur","388.65","111.76","0.84","22.03","0.17","0.96","4.87","7.27","239.69","419.9","175.18"
"169","2013","9","Punjab","Hoshiarpur","388.65","111.78","0.88","21.82","0.17","0.97","4.86","8.17","239.01","412.09","172.42"
"169","2014","9","Punjab","Hoshiarpur","388.65","111.78","1.15","22.66","0.17","0.97","4.72","9.1","237.25","423.66","178.57"
"169","2015","9","Punjab","Hoshiarpur","388.65","111.91","0.95","21.66","0.16","0.97","4.81","6.81","240.66","413.32","171.75"
"169","2016","9","Punjab","Hoshiarpur","388.65","111.81","0.55","21.79","-0.23","0.58","4.94","5.26","242.03","409.68","169.27"
"169","2017","9","Punjab","Hoshiarpur","388.65","111.81","0.94","21.83","0.16","0.97","4.94","5.83","241.41","406.61","168.43"
"169","2018","9","Punjab","Hoshiarpur","388.65","111.79","0.55","23.03","0.16","0.93","4.85","5.86","241.18","408.59","169.42"
"169","2019","9","Punjab","Hoshiarpur","388.65","110.45","0.52","22.84","0.12","0.76","4.65","7.11","239.64","408.91","170.63"
"169","2020","9","Punjab","Hoshiarpur","388.65","110.37","0.52","23.13","0.12","0.76","4.65","7.1","239.34","406.51","169.84"
"170","2000","9","Punjab","Roopnagar / Ropar","215.5","51.5","10.5","16.5","2.5","2.5","-0.5","3.5","125.5","209.5","166.93"
"170","2001","9","Punjab","Roopnagar / Ropar","215.5","51.5","10.5","19.5","0.5","1.5","-0.5","1.5","125.5","210.5","167.73"
"170","2002","9","Punjab","Roopnagar / Ropar","215.5","50.5","10.5","15.5","2.5","3.5","-0.5","2.5","119.5","206.5","172.8"
"170","2003","9","Punjab","Roopnagar / Ropar","215.5","50.5","7.5","16.5","6.5","2.5","-0.5","1.5","121.5","215.5","177.37"
"170","2004","9","Punjab","Roopnagar / Ropar","215.5","50.5","9.5","18.5","0.5","3.5","-0.5","1.5","122.5","223.5","182.45"
"170","2005","9","Punjab","Roopnagar / Ropar","199.5","46.0","7.5","21.0","1.0","1.0","0.0","2.5","115.5","203.5","176.19"
"170","2006","9","Punjab","Roopnagar / Ropar","199.5","46.0","7.5","21.5","1.0","1.0","0.0","2.0","116.13","200.89","172.99"
"170","2007","9","Punjab","Roopnagar / Ropar","199.5","46.0","5.5","22.0","1.0","2.5","0.0","1.0","116.5","199.5","171.24"
"170","2008","9","Punjab","Roopnagar / Ropar","199.5","46.0","6.5","22.5","0.0","2.5","0.0","1.0","116.5","203.0","174.25"
"170","2009","9","Punjab","Roopnagar / Ropar","199.59","45.58","7.49","23.27","0.0","2.28","1.36","1.27","118.22","201.35","170.32"
"170","2010","9","Punjab","Roopnagar / Ropar","199.5","45.5","7.5","23.0","0.0","2.5","1.5","1.5","118.0","209.5","177.54"
"170","2011","9","Punjab","Roopnagar / Ropar","199.5","46.0","3.0","23.0","0.0","2.5","0.0","1.5","117.5","206.0","175.32"
"170","2012","9","Punjab","Roopnagar / Ropar","199.59","39.35","10.27","24.9","0.88","3.17","0.04","1.4","119.2","206.28","173.05"
"170","2013","9","Punjab","Roopnagar / Ropar","199.59","38.45","10.65","25.07","0.88","2.97","0.06","1.61","119.64","200.93","167.95"
"170","2014","9","Punjab","Roopnagar / Ropar","199.59","38.45","10.45","25.36","0.88","3.12","0.04","1.86","119.43","195.08","163.34"
"170","2015","9","Punjab","Roopnagar / Ropar","199.59","38.45","10.97","25.02","0.88","2.98","0.08","1.59","119.38","187.21","156.83"
"170","2016","9","Punjab","Roopnagar / Ropar","199.59","38.31","10.38","25.21","0.88","2.79","0.12","1.72","119.71","191.51","159.98"
"170","2017","9","Punjab","Roopnagar / Ropar","199.59","38.23","10.38","25.5","0.88","2.98","0.08","1.31","119.86","197.53","164.79"
"170","2018","9","Punjab","Roopnagar / Ropar","199.59","37.67","9.54","25.03","0.88","2.95","0.08","1.41","120.93","205.23","169.71"
"170","2019","9","Punjab","Roopnagar / Ropar","199.59","35.99","7.68","25.35","0.86","2.82","0.07","1.52","123.79","207.34","167.49"
"170","2020","9","Punjab","Roopnagar / Ropar","199.59","35.97","7.68","25.44","0.86","2.82","0.07","1.52","123.76","210.55","170.13"
"171","2000","9","Punjab","Ludhiana","385.55","10.15","0.0","50.65","0.0","0.0","0.0","5.0","319.45","633.1","198.18"
"171","2001","9","Punjab","Ludhiana","385.55","10.15","0.15","50.5","0.0","0.0","0.0","4.0","320.45","634.1","197.88"
"171","2002","9","Punjab","Ludhiana","385.55","10.15","0.0","50.65","0.0","0.0","0.0","3.0","321.45","632.5","196.76"
"171","2003","9","Punjab","Ludhiana","385.55","10.15","0.0","50.65","0.0","0.0","0.0","3.0","321.45","633.95","197.22"
"171","2004","9","Punjab","Ludhiana","385.55","10.15","0.0","52.8","0.0","0.0","0.0","1.0","321.3","633.65","197.21"
"171","2005","9","Punjab","Ludhiana","385.55","10.3","0.0","53.65","0.0","0.0","0.0","1.0","320.3","628.65","196.27"
"171","2006","9","Punjab","Ludhiana","385.55","10.3","0.0","53.65","0.0","0.0","0.0","1.0","320.3","608.92","190.11"
"171","2007","9","Punjab","Ludhiana","385.55","10.15","0.0","53.8","0.0","0.0","0.0","0.0","321.3","623.8","194.15"
"171","2008","9","Punjab","Ludhiana","385.55","10.15","0.0","53.8","0.0","0.0","0.0","0.0","321.3","624.1","194.24"
"171","2009","9","Punjab","Ludhiana","385.54","10.18","0.03","59.34","0.0","0.0","0.0","0.0","316.0","626.3","198.2"
"171","2010","9","Punjab","Ludhiana","385.55","10.15","0.0","59.8","0.0","0.0","0.0","0.0","316.3","627.05","198.25"
"171","2011","9","Punjab","Ludhiana","385.55","10.15","0.08","60.8","0.0","0.0","0.0","0.0","314.3","628.65","200.02"
"171","2012","9","Punjab","Ludhiana","385.54","10.18","0.03","60.97","0.0","0.0","0.0","0.0","314.36","621.79","197.79"
"171","2013","9","Punjab","Ludhiana","385.54","10.18","0.03","61.04","0.0","0.0","0.0","0.0","314.29","461.02","146.69"
"171","2014","9","Punjab","Ludhiana","385.53","10.18","0.03","61.06","0.0","0.0","0.0","0.0","314.27","621.16","197.65"
"171","2015","9","Punjab","Ludhiana","385.53","10.18","0.04","61.12","0.0","0.0","0.0","0.0","314.19","628.27","199.96"
"171","2016","9","Punjab","Ludhiana","385.53","10.18","-0.96","61.12","-1.15","-1.0","-1.15","-1.15","314.19","629.11","200.23"
"171","2017","9","Punjab","Ludhiana","385.53","10.18","0.04","61.12","0.0","0.0","0.0","0.47","313.72","582.8","185.77"
"171","2018","9","Punjab","Ludhiana","385.53","9.0","-0.96","60.97","0.0","0.0","0.0","0.39","314.13","625.03","198.97"
"171","2019","9","Punjab","Ludhiana","385.53","9.0","-0.96","61.04","0.0","0.0","0.0","0.38","314.1","598.3","190.48"
"171","2020","9","Punjab","Ludhiana","385.53","8.99","-0.96","61.06","0.0","0.0","0.0","0.38","314.07","594.47","189.28"
"172","2000","9","Punjab","Ferozpur","1050.5","16.92","6.92","56.64","4.18","-1.0","0.74","11.4","891.36","1693.8","190.02"
"172","2001","9","Punjab","Ferozpur","1050.5","16.92","3.44","64.86","0.48","-1.0","0.0","8.88","893.58","1704.9","190.79"
"172","2002","9","Punjab","Ferozpur","1050.5","15.44","5.18","65.86","0.48","-1.0","-1.0","17.5","884.7","1657.32","187.33"
"172","2003","9","Punjab","Ferozpur","1050.5","15.44","3.7","74.74","0.48","-1.0","-1.0","14.54","880.26","1708.16","194.05"
"172","2004","9","Punjab","Ferozpur","1050.5","16.92","2.22","75.48","2.7","-1.0","-1.0","10.1","881.74","1705.2","193.39"
"172","2005","9","Punjab","Ferozpur","1050.5","16.18","2.96","76.22","2.7","-1.0","-1.0","11.1","878.52","1645.84","187.34"
"172","2006","9","Punjab","Ferozpur","1050.5","15.44","3.44","76.22","0.48","-1.0","-1.0","11.58","881.17","1666.99","189.18"
"172","2007","9","Punjab","Ferozpur","1050.5","15.44","3.44","77.22","0.48","-1.0","-1.0","13.06","879.52","1672.46","190.16"
"172","2008","9","Punjab","Ferozpur","1050.5","15.44","2.7","78.7","0.48","-1.0","-1.0","10.84","881.0","1677.16","190.37"
"172","2009","9","Punjab","Ferozpur","994.02","15.45","2.73","80.3","0.28","-1.0","-1.0","9.29","880.98","1674.39","190.06"
"172","2010","9","Punjab","Ferozpur","1050.5","15.44","2.7","81.44","0.48","-1.0","-1.0","9.36","879.74","1681.02","191.08"
"172","2011","9","Punjab","Ferozpur","1338.54","16.61","25.36","77.44","1.48","0.0","0.0","12.36","1073.22","1989.38","185.37"
"172","2012","9","Punjab","Ferozpur","995.02","16.46","18.05","67.74","1.35","0.0","0.25","13.4","877.79","1687.32","192.22"
"172","2013","9","Punjab","Ferozpur","995.02","16.46","17.83","69.67","1.35","0.0","0.0","13.11","876.61","1812.09","206.71"
"172","2014","9","Punjab","Ferozpur","995.02","16.46","17.99","70.82","1.35","0.0","0.0","16.53","871.06","1687.82","193.77"
"172","2015","9","Punjab","Ferozpur","995.02","16.45","17.76","68.69","1.35","0.0","0.0","11.68","878.42","1700.17","193.55"
"172","2016","9","Punjab","Ferozpur","995.02","16.45","14.81","73.62","-2.13","-4.22","-4.22","9.05","877.02","1674.03","190.88"
"172","2017","9","Punjab","Ferozpur","995.02","14.95","15.55","73.67","1.35","0.0","0.0","14.07","875.44","1693.31","193.42"
"172","2018","9","Punjab","Ferozpur","995.02","14.65","14.8","68.75","1.35","0.0","0.0","15.22","874.53","1707.06","195.2"
"172","2019","9","Punjab","Ferozpur","995.02","14.65","13.06","70.37","0.0","0.0","0.0","15.06","877.59","1702.28","193.97"
"172","2020","9","Punjab","Ferozpur","995.02","14.64","13.03","70.8","0.0","0.0","0.0","14.91","877.61","1713.68","195.27"
"174","2000","9","Punjab","Bhatinda","716.91","12.08","2.08","45.36","2.82","0.0","0.26","4.6","648.64","1207.2","186.11"
"174","2001","9","Punjab","Bhatinda","716.91","12.08","1.56","46.14","1.52","0.0","0.0","4.12","650.42","1213.1","186.51"
"174","2002","9","Punjab","Bhatinda","716.91","12.56","1.82","55.14","1.52","0.0","0.0","14.5","630.3","1188.68","188.59"
"174","2003","9","Punjab","Bhatinda","716.91","11.56","1.3","57.26","0.52","0.0","0.0","14.46","630.74","1191.84","188.96"
"174","2004","9","Punjab","Bhatinda","716.91","13.08","0.78","59.52","1.3","0.0","0.0","10.9","630.26","1193.8","189.41"
"174","2005","9","Punjab","Bhatinda","716.91","12.82","1.04","59.78","1.3","0.0","0.0","10.9","629.48","1194.16","189.71"
"174","2006","9","Punjab","Bhatinda","716.91","12.56","1.56","59.78","0.52","0.0","0.0","11.42","629.56","1194.31","189.71"
"174","2007","9","Punjab","Bhatinda","716.91","12.56","1.56","60.78","0.52","0.0","0.0","11.94","628.48","1201.54","191.18"
"174","2008","9","Punjab","Bhatinda","716.91","10.56","1.3","62.3","0.52","0.0","0.0","10.16","630.0","1206.84","191.56"
"174","2009","9","Punjab","Bhatinda","715.53","10.2","1.31","62.73","0.81","0.0","0.0","10.21","630.27","1200.05","190.4"
"174","2010","9","Punjab","Bhatinda","716.91","10.56","1.3","63.56","0.52","0.0","0.0","10.64","629.26","1200.98","190.86"
"174","2011","9","Punjab","Bhatinda","716.91","9.56","1.3","64.56","1.52","0.0","0.0","10.64","629.78","1202.62","190.96"
"174","2012","9","Punjab","Bhatinda","715.53","4.66","1.45","25.83","35.34","0.0","0.09","13.79","634.36","1206.3","190.16"
"174","2013","9","Punjab","Bhatinda","715.53","4.66","1.44","61.57","0.48","0.0","0.0","14.04","633.34","1200.76","189.59"
"174","2014","9","Punjab","Bhatinda","715.53","9.08","1.55","26.68","37.32","0.0","0.0","16.99","623.91","1197.42","191.92"
"174","2015","9","Punjab","Bhatinda","715.53","9.08","1.73","61.89","0.48","0.0","0.0","16.05","626.31","1209.48","193.11"
"174","2016","9","Punjab","Bhatinda","715.53","9.08","1.58","63.23","-2.04","-2.78","-2.78","14.82","625.08","1195.22","191.21"
"174","2017","9","Punjab","Bhatinda","715.53","8.97","1.73","63.61","0.48","0.0","0.0","20.68","620.06","1205.64","194.44"
"174","2018","9","Punjab","Bhatinda","715.52","8.86","1.46","26.32","0.48","0.0","0.0","21.09","619.63","1205.49","194.55"
"174","2019","9","Punjab","Bhatinda","715.52","8.86","0.86","61.94","0.0","0.0","0.0","21.0","620.65","1208.47","194.71"
"174","2020","9","Punjab","Bhatinda","715.52","8.86","0.85","63.3","0.0","0.0","0.0","21.0","620.6","1209.13","194.83"
"175","2000","9","Punjab","Sangrur","510.36","5.08","12.0","23.88","-1.0","-1.0","-1.0","0.0","463.24","915.52","197.63"
"175","2001","9","Punjab","Sangrur","510.36","6.08","10.08","24.8","-1.0","0.0","-1.0","0.0","462.24","896.52","193.95"
"175","2002","9","Punjab","Sangrur","510.36","6.08","5.0","39.88","-1.0","-1.0","-1.0","7.0","447.24","877.2","196.14"
"175","2003","9","Punjab","Sangrur","510.36","6.08","6.0","42.88","0.0","-1.0","-1.0","2.0","447.24","886.44","198.2"
"175","2004","9","Punjab","Sangrur","510.36","6.08","0.0","49.96","-1.0","-1.0","-1.0","2.0","447.16","886.28","198.2"
"175","2005","9","Punjab","Sangrur","510.36","6.16","0.0","49.88","-1.0","-1.0","-1.0","1.0","447.16","891.28","199.32"
"175","2006","9","Punjab","Sangrur","511.36","7.16","1.0","51.88","0.0","0.0","0.0","2.0","447.48","879.92","196.64"
"175","2007","9","Punjab","Sangrur","511.36","7.08","1.0","51.96","0.0","0.0","0.0","6.0","444.16","875.36","197.08"
"175","2008","9","Punjab","Sangrur","511.36","7.08","0.0","55.96","0.0","0.0","0.0","3.0","444.16","884.52","199.14"
"175","2009","9","Punjab","Sangrur","511.61","7.06","0.63","57.56","0.0","0.2","0.13","1.14","444.14","885.46","199.36"
"175","2010","9","Punjab","Sangrur","511.36","7.08","0.0","57.96","0.0","0.0","0.0","0.0","445.16","895.96","201.27"
"175","2011","9","Punjab","Sangrur","511.36","7.08","0.54","57.96","0.0","0.0","0.0","0.0","444.16","901.28","202.92"
"175","2012","9","Punjab","Sangrur","511.61","2.3","7.28","53.29","0.11","0.18","0.13","1.4","445.39","881.15","197.84"
"175","2013","9","Punjab","Sangrur","511.61","2.32","7.28","53.51","0.1","0.15","0.1","0.71","446.46","901.71","201.97"
"175","2014","9","Punjab","Sangrur","511.6","2.29","0.64","52.28","8.34","0.15","0.1","1.04","446.05","899.2","201.59"
"175","2015","9","Punjab","Sangrur","511.6","2.29","7.28","53.69","0.03","0.15","0.1","2.03","444.64","885.78","199.21"
"175","2016","9","Punjab","Sangrur","511.6","2.32","0.61","50.5","8.22","-0.87","-2.08","3.17","445.66","883.58","198.26"
"175","2017","9","Punjab","Sangrur","511.6","2.28","0.61","50.57","8.57","0.0","0.0","1.69","446.54","885.97","198.41"
"175","2018","9","Punjab","Sangrur","511.6","2.28","0.57","52.27","8.54","0.0","0.0","1.73","446.53","895.61","200.57"
"175","2019","9","Punjab","Sangrur","511.6","2.23","0.56","52.5","6.72","0.0","0.0","2.23","447.85","889.41","198.59"
"175","2020","9","Punjab","Sangrur","442.51","2.04","0.55","52.48","6.69","0.0","0.0","1.72","389.63","770.19","197.67"
"176","2000","9","Punjab","Patiala","457.59","15.27","1.5","52.97","-0.5","-0.5","0.5","1.5","382.81","743.88","194.32"
"176","2001","9","Punjab","Patiala","457.59","15.27","4.27","52.2","-0.5","-0.5","-0.5","0.5","381.81","739.88","193.78"
"176","2002","9","Punjab","Patiala","457.59","15.27","4.5","52.97","-0.5","-0.5","-0.5","4.5","377.81","730.8","193.43"
"176","2003","9","Punjab","Patiala","457.59","15.27","4.5","51.97","-0.5","-0.5","-0.5","4.5","379.81","737.11","194.07"
"176","2004","9","Punjab","Patiala","457.59","15.27","3.5","53.74","-0.5","-0.5","-0.5","1.5","383.04","734.57","191.77"
"176","2005","9","Punjab","Patiala","474.59","23.54","4.5","50.47","0.0","0.0","1.0","5.5","391.04","749.57","191.69"
"176","2006","9","Punjab","Patiala","474.59","23.54","4.5","51.97","0.0","0.0","1.0","4.0","389.64","743.56","190.83"
"176","2007","9","Punjab","Patiala","474.59","22.77","3.5","55.24","0.0","0.5","1.0","5.0","387.04","742.34","191.8"
"176","2008","9","Punjab","Patiala","474.59","22.77","3.5","54.74","0.0","0.5","1.0","4.0","387.04","745.38","192.58"
"176","2009","9","Punjab","Patiala","471.13","22.03","5.11","54.04","0.0","0.67","2.21","5.16","378.13","725.93","191.98"
"176","2010","9","Punjab","Patiala","474.59","21.27","5.5","54.24","0.0","0.5","2.5","3.5","380.54","726.49","190.91"
"176","2011","9","Punjab","Patiala","474.59","21.77","4.38","77.24","0.0","0.5","0.0","3.5","380.04","727.07","191.31"
"176","2012","9","Punjab","Patiala","471.13","22.01","8.06","55.06","0.1","0.6","0.36","6.11","375.09","719.27","191.76"
"176","2013","9","Punjab","Patiala","471.13","21.11","8.75","55.77","0.1","0.6","0.26","4.78","376.21","714.5","189.92"
"176","2014","9","Punjab","Patiala","471.15","21.1","8.71","55.98","0.1","0.6","0.16","3.79","377.18","712.38","188.87"
"176","2015","9","Punjab","Patiala","471.15","21.1","8.74","55.71","0.1","0.6","0.16","2.95","377.88","709.73","187.82"
"176","2016","9","Punjab","Patiala","471.15","20.97","8.98","55.75","-1.67","0.59","-0.6","5.45","373.93","712.92","190.65"
"176","2017","9","Punjab","Patiala","471.15","20.89","8.97","56.0","0.1","0.59","0.04","6.32","375.41","703.95","187.52"
"176","2018","9","Punjab","Patiala","471.15","20.33","8.22","55.19","0.1","0.57","0.05","5.57","375.47","710.89","189.33"
"176","2019","9","Punjab","Patiala","471.15","18.66","6.36","56.04","0.1","0.44","0.04","5.29","379.39","716.21","188.78"
"176","2020","9","Punjab","Patiala","471.15","18.63","6.36","56.04","0.1","0.43","0.04","5.29","379.37","711.58","187.57"
"177","2000","4","Haryana","Hissar","1411.15","20.68","21.49","75.78","-0.71","-0.71","-0.71","130.07","1161.29","2073.35","178.54"
"177","2001","4","Haryana","Hissar","1410.15","3.42","23.91","92.04","-0.71","-0.71","-0.71","95.94","1191.29","2182.03","183.17"
"177","2002","4","Haryana","Hissar","1411.15","2.42","21.49","91.33","-0.71","-0.71","-0.71","96.65","1195.42","2147.36","179.63"
"177","2003","4","Haryana","Hissar","1411.15","2.42","21.49","91.33","-0.71","-0.71","-0.71","76.65","1215.42","2249.89","185.11"
"177","2004","4","Haryana","Hissar","1410.12","2.83","22.29","90.56","-0.71","-0.71","-0.71","87.7","1203.88","2315.02","192.3"
"177","2005","4","Haryana","Hissar","1410.12","3.09","22.23","93.89","-0.71","-0.71","-0.71","78.22","1209.85","2325.94","192.25"
"177","2006","4","Haryana","Hissar","1410.15","3.42","22.49","73.33","20.29","-0.71","1.29","58.33","1226.74","2284.69","186.24"
"177","2007","4","Haryana","Hissar","1410.15","3.42","21.49","95.33","-0.71","-0.71","1.29","39.33","1245.74","2298.24","184.49"
"177","2008","4","Haryana","Hissar","1408.44","3.42","21.49","98.46","-0.71","-0.71","0.29","41.17","1240.06","2328.18","187.75"
"177","2009","4","Haryana","Hissar","1441.8","3.71","22.2","104.46","-0.71","-0.71","0.29","62.24","1245.46","2213.23","177.7"
"177","2010","4","Haryana","Hissar","1410.12","3.06","21.87","106.79","-0.71","-0.71","-0.32","60.46","1214.74","2317.03","190.74"
"177","2011","4","Haryana","Hissar","1410.15","3.42","22.2","107.46","-0.71","-0.71","-0.71","64.24","1209.99","2305.69","190.55"
"177","2012","4","Haryana","Hissar","1410.12","2.81","21.83","108.29","-0.71","-0.71","0.02","38.81","1234.84","2287.76","185.27"
"177","2013","4","Haryana","Hissar","1410.12","2.79","22.15","108.67","-0.71","-0.71","0.69","41.94","1227.79","2333.25","190.04"
"177","2014","4","Haryana","Hissar","1410.12","2.92","22.13","108.76","-0.71","-0.71","0.88","33.82","1235.5","2380.23","192.65"
"177","2015","4","Haryana","Hissar","1418.44","2.71","22.2","108.46","-0.71","-0.71","2.29","36.81","1242.58","2402.03","193.31"
"177","2016","4","Haryana","Hissar","1410.44","6.71","16.2","98.46","-0.71","-0.71","11.29","42.81","1228.58","2331.82","189.8"
"177","2017","4","Haryana","Hissar","1410.86","3.42","3.84","102.04","0.0","0.0","13.0","38.26","1250.59","2343.98","187.43"
"177","2018","4","Haryana","Hissar","1410.82","2.65","51.95","18.75","0.0","3.21","4.67","41.58","1285.42","2364.39","183.94"
"177","2019","4","Haryana","Hissar","1410.82","2.6","25.18","85.42","0.0","84.57","4.94","36.52","1235.52","2368.88","191.73"
"177","2020","4","Haryana","Hissar","1410.82","1.77","28.18","18.48","-4.42","83.58","2.23","31.98","1235.76","2363.82","191.29"
"180","2000","4","Haryana","Gurgaon","476.0","4.0","10.0","81.0","-2.0","2.0","-2.0","24.0","346.0","563.0","162.72"
"180","2001","4","Haryana","Gurgaon","476.0","7.0","10.0","82.0","-2.0","2.0","-2.0","23.0","343.0","566.0","165.01"
"180","2002","4","Haryana","Gurgaon","476.0","7.0","12.0","114.0","-1.0","2.0","-2.0","37.0","294.0","525.0","178.57"
"180","2003","4","Haryana","Gurgaon","476.0","7.0","11.0","95.0","-2.0","1.0","-2.0","36.0","315.0","566.0","179.68"
"180","2004","4","Haryana","Gurgaon","476.02","7.32","7.14","103.38","-2.0","1.31","-2.0","36.31","310.58","556.06","179.04"
"180","2005","4","Haryana","Gurgaon","474.99","8.32","8.14","77.51","-1.0","2.3","-1.0","17.75","355.77","552.82","155.39"
"180","2006","4","Haryana","Gurgaon","475.0","4.0","15.0","96.0","-1.0","3.0","-1.0","21.0","331.0","553.0","167.07"
"180","2007","4","Haryana","Gurgaon","475.0","4.0","17.0","95.0","-1.0","3.0","-1.0","22.0","331.0","560.0","169.18"
"180","2008","4","Haryana","Gurgaon","339.0","2.0","10.0","84.0","-1.0","1.0","-1.0","11.0","226.0","354.0","156.64"
"180","2009","4","Haryana","Gurgaon","499.0","4.0","16.0","97.0","0.0","2.0","0.0","23.0","357.0","548.0","153.5"
"180","2010","4","Haryana","Gurgaon","475.8","4.6","16.41","100.61","0.0","3.32","0.0","20.84","329.85","545.76","165.46"
"180","2011","4","Haryana","Gurgaon","476.0","6.0","16.0","105.0","0.0","4.0","0.0","6.0","339.0","544.0","160.47"
"180","2012","4","Haryana","Gurgaon","475.8","6.72","16.79","109.86","0.0","3.28","0.0","17.12","321.84","516.03","160.34"
"180","2013","4","Haryana","Gurgaon","475.8","6.72","31.72","95.97","0.0","3.28","0.0","14.35","323.57","544.61","168.31"
"180","2014","4","Haryana","Gurgaon","475.8","6.72","31.72","99.37","0.0","3.28","0.0","8.01","326.51","536.73","164.38"
"180","2015","4","Haryana","Gurgaon","476.0","6.0","32.0","98.0","0.0","3.0","0.0","11.0","322.0","542.0","168.32"
"180","2016","4","Haryana","Gurgaon","476.0","6.0","34.0","60.0","23.0","3.0","30.0","23.0","296.0","540.0","182.43"
"180","2017","4","Haryana","Gurgaon","476.0","6.0","33.0","59.0","23.0","3.0","30.0","17.0","303.0","548.0","180.86"
"180","2018","4","Haryana","Gurgaon","475.8","6.61","80.48","31.69","22.0","2.7","0.06","16.75","313.78","547.94","174.62"
"180","2019","4","Haryana","Gurgaon","475.8","6.61","49.19","94.57","22.0","3.21","0.3","15.49","308.47","560.86","181.82"
"180","2020","4","Haryana","Gurgaon","475.8","2.33","16.65","71.41","-2.97","3.18","-2.7","14.54","363.26","557.61","153.5"
"181","2000","4","Haryana","Jind","319.04","6.54","2.36","8.5","0.0","0.0","0.0","16.0","285.46","528.34","185.08"
"181","2001","4","Haryana","Jind","319.04","1.54","0.36","29.68","0.0","0.0","0.0","1.0","286.46","534.86","186.71"
"181","2002","4","Haryana","Jind","319.04","2.36","0.36","46.68","0.36","0.18","0.0","1.0","269.46","497.74","184.72"
"181","2003","4","Haryana","Jind","319.04","2.36","0.36","42.68","0.0","0.0","0.0","1.0","273.46","528.94","193.42"
"181","2004","4","Haryana","Jind","319.43","1.26","0.33","25.46","0.0","0.05","0.0","0.46","291.87","533.79","182.88"
"181","2005","4","Haryana","Jind","319.43","1.26","0.2","47.11","0.0","0.04","0.0","0.75","270.07","538.44","199.37"
"181","2006","4","Haryana","Jind","320.04","1.54","0.18","46.96","0.0","0.0","0.0","0.0","271.36","537.86","198.21"
"181","2007","4","Haryana","Jind","319.04","1.36","0.18","47.96","0.0","0.0","0.0","0.0","270.36","539.58","199.58"
"181","2008","4","Haryana","Jind","320.04","1.54","0.18","41.96","0.0","0.0","0.0","0.0","276.36","539.3","195.14"
"181","2009","4","Haryana","Jind","319.86","1.36","0.18","43.96","0.0","0.0","0.0","0.0","274.36","535.4","195.15"
"181","2010","4","Haryana","Jind","319.25","1.04","0.2","43.58","0.0","0.04","0.0","0.0","274.16","542.7","197.95"
"181","2011","4","Haryana","Jind","319.04","1.36","0.18","38.14","0.0","0.0","0.0","5.0","274.18","546.4","199.29"
"181","2012","4","Haryana","Jind","319.43","1.21","0.2","38.82","0.0","0.04","0.0","3.95","274.65","539.54","196.45"
"181","2013","4","Haryana","Jind","319.43","1.03","9.21","32.38","0.04","0.57","0.0","2.14","274.05","540.24","197.13"
"181","2014","4","Haryana","Jind","319.43","1.11","4.48","32.91","0.04","0.0","0.0","0.0","280.32","544.66","194.3"
"181","2015","4","Haryana","Jind","314.86","1.54","0.18","32.96","0.0","0.0","0.0","0.0","280.54","544.94","194.25"
"181","2016","4","Haryana","Jind","319.04","1.54","28.0","3.96","0.0","1.0","1.18","0.0","284.54","513.4","180.43"
"181","2017","4","Haryana","Jind","319.04","1.36","29.18","5.76","0.0","0.0","1.0","0.0","282.74","541.94","191.67"
"181","2018","4","Haryana","Jind","315.99","0.83","2.82","29.62","0.0","0.0","0.0","0.0","281.14","546.29","194.31"
"181","2019","4","Haryana","Jind","315.99","1.14","14.4","7.68","0.0","6.09","0.0","1.66","289.29","536.97","185.62"
"181","2020","4","Haryana","Jind","315.99","0.91","15.05","2.97","-1.18","5.91","-1.18","1.48","289.24","472.74","163.44"
"182","2000","4","Haryana","Mahendragarh / Narnaul","460.22","7.8","17.99","41.27","-0.29","3.71","-0.29","12.28","375.72","630.08","167.7"
"182","2001","4","Haryana","Mahendragarh / Narnaul","460.22","4.32","23.57","40.14","1.58","-0.29","-0.29","10.54","377.46","656.84","174.02"
"182","2002","4","Haryana","Mahendragarh / Narnaul","460.22","4.32","22.12","41.72","3.45","-0.29","-0.29","42.83","346.33","558.15","161.16"
"182","2003","4","Haryana","Mahendragarh / Narnaul","460.22","4.32","22.99","37.24","2.58","-0.29","-0.29","9.96","381.81","676.85","177.27"
"182","2004","4","Haryana","Mahendragarh / Narnaul","459.96","4.14","22.82","40.71","2.09","-0.29","-0.29","12.77","376.01","649.63","172.77"
"182","2005","4","Haryana","Mahendragarh / Narnaul","459.96","4.14","22.82","43.05","2.12","-0.29","-0.29","12.36","374.03","673.64","180.1"
"182","2006","4","Haryana","Mahendragarh / Narnaul","460.22","3.45","21.99","41.72","14.63","0.58","-0.29","13.41","362.7","657.09","181.17"
"182","2007","4","Haryana","Mahendragarh / Narnaul","460.22","4.32","22.99","40.72","2.58","-0.29","-0.29","12.28","375.88","663.89","176.62"
"182","2008","4","Haryana","Mahendragarh / Narnaul","461.8","4.32","22.99","41.72","3.19","0.71","-0.29","15.44","371.69","644.21","173.32"
"182","2009","4","Haryana","Mahendragarh / Narnaul","471.3","4.03","22.28","40.85","3.19","1.58","-0.29","18.63","379.04","641.81","169.32"
"182","2010","4","Haryana","Mahendragarh / Narnaul","459.96","4.14","22.82","47.41","4.52","0.56","-0.29","15.76","363.04","669.15","184.32"
"182","2011","4","Haryana","Mahendragarh / Narnaul","460.22","4.32","18.28","46.72","3.19","0.58","-0.29","15.76","369.63","666.96","180.44"
"182","2012","4","Haryana","Mahendragarh / Narnaul","459.96","3.8","18.87","47.51","2.93","0.56","-0.29","7.69","376.86","648.92","172.19"
"182","2013","4","Haryana","Mahendragarh / Narnaul","459.96","3.83","15.36","50.17","3.11","0.56","-0.29","6.28","377.86","668.73","176.98"
"182","2014","4","Haryana","Mahendragarh / Narnaul","459.94","3.83","15.35","50.44","3.11","0.56","-0.29","6.36","377.49","686.27","181.8"
"182","2015","4","Haryana","Mahendragarh / Narnaul","459.93","4.03","16.15","50.72","3.32","0.58","-0.29","7.06","378.04","686.88","181.7"
"182","2016","4","Haryana","Mahendragarh / Narnaul","459.93","2.03","8.41","44.72","0.71","-0.29","16.19","6.06","378.04","681.31","180.22"
"182","2017","4","Haryana","Mahendragarh / Narnaul","460.51","4.32","13.51","49.14","0.0","0.87","2.61","4.61","386.03","671.28","173.89"
"182","2018","4","Haryana","Mahendragarh / Narnaul","460.25","4.09","39.23","15.75","0.0","4.35","3.8","4.62","386.91","688.99","178.07"
"182","2019","4","Haryana","Mahendragarh / Narnaul","460.25","3.92","12.44","51.66","33.32","8.0","1.89","4.35","379.45","686.57","180.94"
"182","2020","4","Haryana","Mahendragarh / Narnaul","460.25","3.63","12.44","15.53","32.74","7.0","0.6","3.19","379.45","631.47","166.42"
"183","2000","4","Haryana","Ambala","412.0","41.0","18.0","43.0","0.0","3.0","0.0","24.0","283.0","430.0","151.94"
"183","2001","4","Haryana","Ambala","383.0","17.0","12.0","59.0","0.0","3.0","0.0","5.0","285.0","443.0","155.44"
"183","2002","4","Haryana","Ambala","383.0","18.0","10.0","59.0","15.0","3.0","0.0","9.0","282.0","427.0","151.42"
"183","2003","4","Haryana","Ambala","383.0","18.0","11.0","59.0","2.0","3.0","0.0","8.0","283.0","456.0","161.13"
"183","2004","4","Haryana","Ambala","382.67","17.8","10.21","58.73","2.55","2.42","7.14","2.02","281.62","449.3","159.54"
"183","2005","4","Haryana","Ambala","382.67","17.8","10.21","58.83","2.56","2.4","0.0","1.95","282.34","471.4","166.96"
"183","2006","4","Haryana","Ambala","383.0","17.0","11.0","61.0","2.0","3.0","0.0","2.0","281.0","457.0","162.63"
"183","2007","4","Haryana","Ambala","383.0","18.0","11.0","57.0","2.0","2.0","0.0","3.0","283.0","451.0","159.36"
"183","2008","4","Haryana","Ambala","384.0","18.0","11.0","61.0","3.0","3.0","0.0","1.0","280.0","467.0","166.79"
"183","2009","4","Haryana","Ambala","397.0","18.0","11.0","61.0","2.0","3.0","0.0","2.0","294.0","462.0","157.14"
"183","2010","4","Haryana","Ambala","382.67","17.78","11.76","84.54","0.3","3.24","1.98","2.08","255.48","456.31","178.61"
"183","2011","4","Haryana","Ambala","383.0","17.0","12.0","85.0","0.0","3.0","2.0","2.0","257.0","461.0","179.38"
"183","2012","4","Haryana","Ambala","382.67","15.81","5.87","84.51","7.25","3.18","4.72","5.44","255.45","461.65","180.72"
"183","2013","4","Haryana","Ambala","382.67","15.81","5.84","84.49","7.25","3.17","4.72","5.25","255.73","450.34","176.1"
"183","2014","4","Haryana","Ambala","382.67","15.79","5.77","85.41","6.87","3.17","4.72","5.18","254.43","462.11","181.63"
"183","2015","4","Haryana","Ambala","383.0","16.0","6.0","84.0","7.0","4.0","8.0","5.0","251.0","460.0","183.27"
"183","2016","4","Haryana","Ambala","383.0","16.0","7.0","96.0","9.0","4.0","6.0","5.0","239.0","452.0","189.12"
"183","2017","4","Haryana","Ambala","383.0","16.0","3.0","95.0","7.0","4.0","12.0","5.0","239.0","462.0","193.31"
"183","2018","4","Haryana","Ambala","382.67","15.76","29.54","14.24","7.11","3.04","9.11","5.43","282.08","473.28","167.78"
"183","2019","4","Haryana","Ambala","382.67","15.84","39.01","13.59","5.9","2.93","9.01","5.34","282.6","471.13","166.72"
"183","2020","4","Haryana","Ambala","382.67","15.83","36.8","5.55","3.9","1.93","7.01","5.33","284.88","525.83","184.58"
"184","2000","4","Haryana","Karnal","729.96","16.46","17.64","69.5","2.0","18.0","0.0","10.0","593.54","1134.66","191.17"
"184","2001","4","Haryana","Karnal","729.96","7.46","16.64","73.32","3.0","13.0","0.0","16.0","601.54","1151.14","191.37"
"184","2002","4","Haryana","Karnal","730.96","6.64","16.64","81.32","2.64","14.82","0.0","20.0","588.54","1141.26","193.91"
"184","2003","4","Haryana","Karnal","730.96","6.64","16.64","71.32","3.0","14.0","0.0","17.0","601.54","1155.06","192.02"
"184","2004","4","Haryana","Karnal","731.84","6.65","15.86","73.99","2.33","13.76","0.0","17.65","600.75","1159.52","193.01"
"184","2005","4","Haryana","Karnal","731.84","6.72","14.91","67.94","2.31","13.65","1.53","17.61","606.31","1158.78","191.12"
"184","2006","4","Haryana","Karnal","730.96","6.46","15.82","68.04","3.0","14.0","0.0","15.0","607.64","1144.14","188.29"
"184","2007","4","Haryana","Karnal","731.96","5.64","13.82","65.04","2.0","15.0","0.0","15.0","610.64","1162.42","190.36"
"184","2008","4","Haryana","Karnal","728.96","6.46","15.82","74.04","2.0","18.0","0.0","12.0","599.64","1175.7","196.07"
"184","2009","4","Haryana","Karnal","763.14","6.64","14.82","66.04","2.0","15.0","0.0","16.0","641.64","1172.6","182.75"
"184","2010","4","Haryana","Karnal","731.02","6.39","15.01","64.77","2.1","14.24","0.16","15.72","611.67","1168.12","190.97"
"184","2011","4","Haryana","Karnal","730.96","5.64","16.82","65.86","2.0","14.0","0.0","21.0","603.82","1161.6","192.38"
"184","2012","4","Haryana","Karnal","731.84","7.41","16.34","69.93","2.37","14.24","0.16","16.13","603.88","1159.08","191.94"
"184","2013","4","Haryana","Karnal","731.84","7.0","19.16","75.74","2.68","14.27","0.32","16.52","594.76","1152.17","193.72"
"184","2014","4","Haryana","Karnal","731.84","5.46","18.27","71.36","2.13","14.23","0.39","18.02","600.57","1153.62","192.09"
"184","2015","4","Haryana","Karnal","727.14","5.46","16.82","71.04","3.0","14.0","0.0","18.0","599.46","1145.06","191.02"
"184","2016","4","Haryana","Karnal","730.96","5.46","1.0","70.04","2.0","13.0","5.82","18.0","615.46","1174.6","190.85"
"184","2017","4","Haryana","Karnal","730.96","4.64","12.82","79.24","2.0","13.0","0.0","17.0","600.26","1170.06","194.93"
"184","2018","4","Haryana","Karnal","735.28","4.7","18.93","50.32","5.11","56.22","0.68","7.82","606.49","1196.04","197.21"
"184","2019","4","Haryana","Karnal","735.28","5.59","0.66","58.19","0.99","67.19","0.72","7.78","603.5","1183.23","196.06"
"184","2020","4","Haryana","Karnal","735.28","4.62","3.66","30.1","22.45","43.67","-2.1","1.8","602.62","1215.07","201.63"
"186","2000","4","Haryana","Rohtak","590.63","15.52","11.52","45.95","16.0","5.0","0.0","12.65","477.99","752.57","157.44"
"186","2001","4","Haryana","Rohtak","590.63","1.26","11.52","45.82","25.13","5.0","0.0","18.52","478.25","781.13","163.33"
"186","2002","4","Haryana","Rohtak","590.63","1.26","13.39","32.95","12.26","3.0","3.0","23.52","479.25","735.49","153.47"
"186","2003","4","Haryana","Rohtak","590.63","1.26","13.52","32.43","28.13","5.0","4.0","40.39","460.77","752.26","163.26"
"186","2004","4","Haryana","Rohtak","590.68","1.13","14.18","32.8","27.74","5.23","4.23","41.3","459.57","758.76","165.1"
"186","2005","4","Haryana","Rohtak","590.68","1.13","14.18","33.14","24.08","5.23","4.08","38.55","465.77","780.71","167.62"
"186","2006","4","Haryana","Rohtak","590.63","1.13","14.52","31.95","24.08","5.13","6.0","29.26","473.56","771.22","162.86"
"186","2007","4","Haryana","Rohtak","590.63","1.26","14.52","53.95","21.13","5.0","6.0","10.39","475.38","780.87","164.26"
"186","2008","4","Haryana","Rohtak","590.76","1.26","14.52","53.82","20.52","5.0","4.0","10.39","476.25","799.61","167.9"
"186","2009","4","Haryana","Rohtak","637.41","1.26","16.52","55.69","21.52","5.13","4.0","10.13","518.16","777.96","150.14"
"186","2010","4","Haryana","Rohtak","590.66","0.55","13.21","73.22","19.32","5.42","0.0","6.26","468.18","804.78","171.9"
"186","2011","4","Haryana","Rohtak","590.63","0.26","19.52","50.82","21.52","6.13","19.0","13.0","459.38","802.35","174.66"
"186","2012","4","Haryana","Rohtak","590.68","0.79","20.58","81.84","13.14","3.41","11.99","13.27","444.14","761.59","171.47"
"186","2013","4","Haryana","Rohtak","590.68","0.79","20.21","88.8","4.6","3.41","15.22","13.69","442.46","780.85","176.48"
"186","2014","4","Haryana","Rohtak","590.68","0.79","20.21","85.23","4.6","3.41","15.42","13.6","445.92","771.04","172.91"
"186","2015","4","Haryana","Rohtak","590.63","1.26","23.65","74.82","10.39","3.13","16.0","14.13","444.38","796.09","179.15"
"186","2016","4","Haryana","Rohtak","590.63","1.26","32.39","61.82","0.0","3.0","19.52","14.13","456.38","757.87","166.06"
"186","2017","4","Haryana","Rohtak","590.63","0.26","21.65","54.82","17.0","3.13","16.39","29.13","446.38","811.74","181.85"
"186","2018","4","Haryana","Rohtak","590.67","0.78","59.88","20.92","19.91","4.42","17.14","29.25","444.69","787.96","177.19"
"186","2019","4","Haryana","Rohtak","590.67","0.78","50.6","22.16","1.11","3.44","32.31","24.26","452.87","809.65","178.78"
"186","2020","4","Haryana","Rohtak","590.67","0.37","50.6","22.77","0.09","2.44","30.31","19.9","455.54","799.03","175.4"
"189","2000","12","Uttar Pradesh","Saharanpur","588.26","105.66","2.82","69.11","3.58","0.23","5.49","5.41","394.34","607.16","153.97"
"189","2001","12","Uttar Pradesh","Saharanpur","588.17","105.66","2.82","68.94","3.83","0.23","5.22","4.26","395.17","598.75","151.52"
"189","2002","12","Uttar Pradesh","Saharanpur","588.08","105.66","3.07","69.02","3.71","0.23","4.89","5.26","393.89","590.4","149.89"
"189","2003","12","Uttar Pradesh","Saharanpur","594.81","105.66","3.32","74.71","3.29","0.25","4.23","5.82","395.3","601.93","152.27"
"189","2004","12","Uttar Pradesh","Saharanpur","594.9","105.66","2.99","75.63","3.27","0.24","5.51","5.18","394.36","597.37","151.48"
"189","2005","12","Uttar Pradesh","Saharanpur","594.88","105.66","2.86","75.14","3.1","0.25","5.39","5.76","394.59","585.48","148.38"
"189","2006","12","Uttar Pradesh","Saharanpur","594.91","105.66","2.79","75.92","2.37","0.23","5.39","5.13","395.19","572.38","144.84"
"189","2007","12","Uttar Pradesh","Saharanpur","606.95","117.77","2.53","76.2","2.38","0.25","5.19","5.93","393.34","571.37","145.26"
"189","2008","12","Uttar Pradesh","Saharanpur","606.95","117.77","3.03","76.13","2.41","0.26","5.61","5.3","393.33","581.01","147.72"
"189","2009","12","Uttar Pradesh","Saharanpur","606.95","117.77","3.09","76.5","2.34","0.27","5.54","5.44","393.9","587.49","149.15"
"189","2010","12","Uttar Pradesh","Saharanpur","606.94","117.77","3.03","77.13","2.57","0.28","5.29","5.37","392.62","582.15","148.27"
"189","2011","12","Uttar Pradesh","Saharanpur","606.94","117.77","3.03","78.38","2.54","0.26","5.97","3.02","392.96","576.38","146.68"
"189","2012","12","Uttar Pradesh","Saharanpur","606.94","117.85","3.05","77.29","2.46","0.26","5.39","5.08","392.55","573.84","146.18"
"189","2013","12","Uttar Pradesh","Saharanpur","596.43","105.74","3.53","79.52","2.31","0.25","5.27","6.81","389.64","570.26","146.36"
"189","2014","12","Uttar Pradesh","Saharanpur","596.59","105.74","3.67","80.9","2.34","0.25","5.01","8.19","387.61","580.06","149.65"
"189","2015","12","Uttar Pradesh","Saharanpur","596.59","105.74","3.68","81.51","2.39","0.23","7.79","9.72","382.65","589.91","154.16"
"189","2016","12","Uttar Pradesh","Saharanpur","596.59","105.69","3.68","82.37","1.7","0.23","7.28","10.04","382.81","600.52","156.87"
"189","2017","12","Uttar Pradesh","Saharanpur","608.3","117.4","3.58","82.89","2.04","0.26","7.09","8.71","382.81","482.15","125.95"
"189","2018","12","Uttar Pradesh","Saharanpur","607.79","117.4","3.16","80.82","2.1","0.26","6.12","8.34","382.76","598.06","156.25"
"189","2019","12","Uttar Pradesh","Saharanpur","607.76","117.4","3.12","83.73","2.45","0.27","6.16","9.17","378.85","588.91","155.45"
"189","2020","12","Uttar Pradesh","Saharanpur","242.99","83.14","2.13","28.52","0.55","-0.93","2.37","4.26","112.46","162.91","144.87"
"190","2000","12","Uttar Pradesh","Muzaffarnagar","540.02","21.12","7.46","64.39","3.76","0.85","4.19","7.32","428.34","658.91","153.83"
"190","2001","12","Uttar Pradesh","Muzaffarnagar","540.26","21.12","7.33","63.62","3.49","0.85","4.51","8.82","427.65","652.03","152.47"
"190","2002","12","Uttar Pradesh","Muzaffarnagar","540.26","21.12","7.29","63.5","3.31","0.82","4.56","9.18","427.12","624.79","146.28"
"190","2003","12","Uttar Pradesh","Muzaffarnagar","549.2","31.3","6.99","63.78","3.44","0.86","4.28","8.53","427.95","641.02","149.79"
"190","2004","12","Uttar Pradesh","Muzaffarnagar","549.15","31.3","6.2","65.21","3.51","0.83","3.83","8.77","427.73","649.2","151.78"
"190","2005","12","Uttar Pradesh","Muzaffarnagar","549.15","31.79","5.9","64.57","3.21","0.89","3.85","7.82","429.07","642.07","149.64"
"190","2006","12","Uttar Pradesh","Muzaffarnagar","549.15","30.83","5.82","65.19","3.21","0.86","3.51","8.49","428.19","635.99","148.53"
"190","2007","12","Uttar Pradesh","Muzaffarnagar","549.15","31.48","5.57","65.19","3.06","0.84","3.47","7.97","428.72","634.59","148.02"
"190","2008","12","Uttar Pradesh","Muzaffarnagar","549.15","31.76","5.53","65.39","2.84","0.84","3.53","6.84","429.86","650.93","151.43"
"190","2009","12","Uttar Pradesh","Muzaffarnagar","549.18","31.76","5.52","65.69","2.63","0.89","3.46","7.91","428.7","659.8","153.91"
"190","2010","12","Uttar Pradesh","Muzaffarnagar","549.18","31.76","5.55","66.75","2.68","0.84","2.71","9.55","426.83","658.78","154.34"
"190","2011","12","Uttar Pradesh","Muzaffarnagar","421.5","28.0","3.5","53.22","1.99","0.55","2.33","6.41","323.14","496.71","153.71"
"190","2012","12","Uttar Pradesh","Muzaffarnagar","421.5","29.53","3.46","20.44","1.91","0.39","1.78","37.38","324.24","493.54","152.21"
"190","2013","12","Uttar Pradesh","Muzaffarnagar","421.5","29.53","3.23","53.29","1.66","0.48","2.66","6.39","322.17","478.77","148.61"
"190","2014","12","Uttar Pradesh","Muzaffarnagar","421.5","29.53","3.12","55.49","1.51","0.45","2.44","6.33","320.48","478.04","149.16"
"190","2015","12","Uttar Pradesh","Muzaffarnagar","421.5","29.53","2.41","55.73","1.29","0.44","2.89","5.72","321.61","492.0","152.98"
"190","2016","12","Uttar Pradesh","Muzaffarnagar","421.5","29.53","2.23","56.48","1.32","0.42","1.91","5.99","321.61","492.0","152.98"
"190","2017","12","Uttar Pradesh","Muzaffarnagar","421.5","29.35","2.23","56.65","1.48","0.39","2.61","5.11","321.63","473.05","147.08"
"190","2018","12","Uttar Pradesh","Muzaffarnagar","421.5","29.35","2.22","56.7","1.48","0.39","2.57","4.93","321.63","490.19","152.41"
"190","2019","12","Uttar Pradesh","Muzaffarnagar","421.5","29.35","2.24","57.35","1.26","0.39","2.79","5.33","320.57","480.8","149.98"
"190","2020","12","Uttar Pradesh","Muzaffarnagar","-1.0","-1.0","-1.0","-1.0","-1.0","-1.0","-1.0","-1.0","-1.0","-1.0","-1.0"
"191","2000","12","Uttar Pradesh","Meerut","808.91","31.83","15.6","107.54","12.59","1.14","16.74","21.1","600.05","908.64","151.43"
"191","2001","12","Uttar Pradesh","Meerut","808.91","31.83","15.11","107.03","12.07","1.15","17.42","20.52","601.44","901.84","149.95"
"191","2002","12","Uttar Pradesh","Meerut","808.91","31.83","13.59","110.86","13.27","1.09","16.48","27.64","591.14","862.2","145.85"
"191","2003","12","Uttar Pradesh","Meerut","792.32","28.74","12.91","113.61","10.91","1.0","13.7","22.88","585.56","898.1","153.37"
"191","2004","12","Uttar Pradesh","Meerut","792.15","28.74","13.9","116.54","10.26","1.02","11.81","23.44","583.29","878.0","150.53"
"191","2005","12","Uttar Pradesh","Meerut","792.15","28.18","13.97","118.4","10.03","0.98","12.07","21.17","584.25","872.78","149.39"
"191","2006","12","Uttar Pradesh","Meerut","756.36","28.43","12.55","116.45","9.77","0.96","14.63","16.81","553.96","868.31","156.75"
"191","2007","12","Uttar Pradesh","Meerut","756.36","28.43","12.43","116.8","9.55","1.0","14.68","17.74","552.99","865.29","156.48"
"191","2008","12","Uttar Pradesh","Meerut","756.36","28.43","11.69","117.99","9.14","1.11","14.62","23.32","547.46","863.99","157.82"
"191","2009","12","Uttar Pradesh","Meerut","756.36","28.51","11.03","120.21","8.94","1.19","13.81","27.71","542.35","861.45","158.84"
"191","2010","12","Uttar Pradesh","Meerut","756.36","28.51","9.97","124.67","8.66","1.15","12.76","33.36","534.97","844.4","157.84"
"191","2011","12","Uttar Pradesh","Meerut","667.23","27.24","7.96","120.5","8.31","0.98","11.44","27.59","462.21","729.82","157.9"
"191","2012","12","Uttar Pradesh","Meerut","667.23","26.68","8.37","124.65","7.78","1.08","11.02","26.94","458.54","721.54","157.36"
"191","2013","12","Uttar Pradesh","Meerut","667.23","26.68","8.03","125.45","8.74","0.99","13.6","30.38","452.5","707.84","156.43"
"191","2014","12","Uttar Pradesh","Meerut","667.23","26.38","9.09","126.84","9.09","0.94","10.91","23.22","460.05","719.42","156.38"
"191","2015","12","Uttar Pradesh","Meerut","667.23","26.48","8.61","131.91","9.85","0.91","13.19","23.08","452.59","729.23","161.13"
"191","2016","12","Uttar Pradesh","Meerut","667.23","26.48","8.64","133.45","9.25","0.92","11.54","23.44","452.87","730.1","161.21"
"191","2017","12","Uttar Pradesh","Meerut","667.23","26.48","8.74","137.91","7.78","0.79","13.63","18.12","453.21","1344.15","296.59"
"191","2018","12","Uttar Pradesh","Meerut","667.23","26.48","8.72","138.08","7.86","0.79","14.18","17.9","452.59","727.42","160.72"
"191","2019","12","Uttar Pradesh","Meerut","667.23","26.48","8.99","139.89","7.7","0.79","14.36","19.32","449.05","708.91","157.87"
"191","2020","12","Uttar Pradesh","Meerut","-1.0","-1.0","-1.0","-1.0","-1.0","-1.0","-1.0","-1.0","-1.0","-1.0","-1.0"
"192","2000","12","Uttar Pradesh","Buland Shahar","472.25","8.53","11.3","50.28","8.16","1.03","8.05","7.8","367.52","607.94","165.42"
"192","2001","12","Uttar Pradesh","Buland Shahar","472.25","8.53","11.25","51.31","7.3","1.02","6.46","8.69","368.26","596.32","161.93"
"192","2002","12","Uttar Pradesh","Buland Shahar","472.25","8.53","10.86","52.38","7.57","1.01","4.94","7.95","377.37","601.69","159.44"
"192","2003","12","Uttar Pradesh","Buland Shahar","473.16","9.4","10.68","57.96","6.7","1.02","4.17","8.92","373.53","625.39","167.43"
"192","2004","12","Uttar Pradesh","Buland Shahar","473.32","9.4","9.68","58.59","6.61","1.02","4.04","7.27","375.81","620.47","165.1"
"192","2005","12","Uttar Pradesh","Buland Shahar","473.32","9.37","9.49","57.95","6.29","1.09","3.42","9.28","375.22","616.98","164.43"
"192","2006","12","Uttar Pradesh","Buland Shahar","463.22","9.38","8.76","57.43","6.5","1.09","4.22","8.21","366.54","617.43","168.45"
"192","2007","12","Uttar Pradesh","Buland Shahar","463.22","9.38","8.65","57.61","6.43","1.07","4.24","8.27","366.47","619.89","169.15"
"192","2008","12","Uttar Pradesh","Buland Shahar","463.22","9.38","8.38","58.14","6.12","1.03","4.25","7.38","367.49","616.68","167.81"
"192","2009","12","Uttar Pradesh","Buland Shahar","463.23","9.4","8.16","58.8","5.95","1.09","4.11","8.41","366.25","624.74","170.58"
"192","2010","12","Uttar Pradesh","Buland Shahar","463.23","9.4","7.57","60.36","5.61","1.09","3.79","11.55","363.02","625.12","172.2"
"192","2011","12","Uttar Pradesh","Buland Shahar","438.09","9.04","6.48","58.65","5.04","1.07","3.94","8.62","344.92","592.73","171.85"
"192","2012","12","Uttar Pradesh","Buland Shahar","438.09","8.88","7.07","60.41","5.34","1.08","3.29","9.65","341.55","590.94","173.02"
"192","2013","12","Uttar Pradesh","Buland Shahar","438.09","8.88","5.92","61.06","4.43","1.07","4.01","10.77","341.52","593.07","173.66"
"192","2014","12","Uttar Pradesh","Buland Shahar","438.09","8.8","5.88","61.57","4.48","1.06","3.27","8.57","344.09","601.93","174.94"
"192","2015","12","Uttar Pradesh","Buland Shahar","438.09","9.45","5.62","63.2","4.45","1.05","3.87","9.08","341.03","577.6","169.37"
"192","2016","12","Uttar Pradesh","Buland Shahar","438.09","9.45","5.71","63.7","4.42","1.05","3.76","8.41","341.25","606.15","177.63"
"192","2017","12","Uttar Pradesh","Buland Shahar","438.09","9.45","5.7","64.95","4.36","1.13","3.85","7.1","341.21","254.27","74.52"
"192","2018","12","Uttar Pradesh","Buland Shahar","438.09","9.45","5.7","64.99","4.36","1.13","4.24","6.77","341.07","610.37","178.96"
"192","2019","12","Uttar Pradesh","Buland Shahar","438.09","9.45","5.67","65.07","4.33","1.12","4.29","7.0","340.78","596.81","175.13"
"192","2020","12","Uttar Pradesh","Buland Shahar","-1.0","-1.0","-1.0","-1.0","-1.0","-1.0","-1.0","-1.0","-1.0","-1.0","-1.0"
"194","2000","12","Uttar Pradesh","Aligarh","548.66","4.77","16.85","49.52","8.95","2.82","12.93","6.17","445.93","746.85","167.48"
"194","2001","12","Uttar Pradesh","Aligarh","548.66","4.77","16.26","49.63","8.34","2.82","12.73","5.95","447.49","739.83","165.33"
"194","2002","12","Uttar Pradesh","Aligarh","548.68","4.77","14.21","50.08","7.63","2.79","12.4","7.06","449.09","701.38","156.18"
"194","2003","12","Uttar Pradesh","Aligarh","548.68","4.65","12.39","51.78","7.26","2.7","8.77","10.52","449.84","728.56","161.96"
"194","2004","12","Uttar Pradesh","Aligarh","548.68","4.77","11.89","52.39","6.96","2.71","8.65","9.86","450.67","749.13","166.23"
"194","2005","12","Uttar Pradesh","Aligarh","548.68","4.77","11.55","52.81","7.03","2.72","8.47","10.14","450.4","750.4","166.61"
"194","2006","12","Uttar Pradesh","Aligarh","551.33","4.68","11.37","55.77","7.23","2.72","8.35","11.42","449.09","752.48","167.56"
"194","2007","12","Uttar Pradesh","Aligarh","551.39","4.78","11.44","56.14","7.08","2.74","8.08","10.13","450.44","753.47","167.27"
"194","2008","12","Uttar Pradesh","Aligarh","551.42","4.78","11.28","56.4","7.02","2.77","7.95","9.21","451.48","768.4","170.2"
"194","2009","12","Uttar Pradesh","Aligarh","551.42","4.35","11.14","57.08","6.77","2.78","7.7","7.44","453.37","761.63","167.99"
"194","2010","12","Uttar Pradesh","Aligarh","551.42","4.35","9.66","58.82","6.76","2.77","7.87","8.02","452.63","776.4","171.53"
"194","2011","12","Uttar Pradesh","Aligarh","551.42","4.35","7.33","60.31","7.98","2.77","7.15","7.83","453.16","780.63","172.26"
"194","2012","12","Uttar Pradesh","Aligarh","551.42","4.35","9.56","58.44","6.71","2.77","7.86","7.74","453.46","791.97","174.65"
"194","2013","12","Uttar Pradesh","Aligarh","551.42","4.35","8.17","60.97","8.44","2.76","7.76","5.27","453.15","795.02","175.44"
"194","2014","12","Uttar Pradesh","Aligarh","551.42","4.35","7.96","61.56","8.07","2.75","7.08","4.56","454.55","789.25","173.63"
"194","2015","12","Uttar Pradesh","Aligarh","551.42","4.38","7.83","61.95","7.95","2.74","6.87","4.45","454.86","820.13","180.3"
"194","2016","12","Uttar Pradesh","Aligarh","551.42","4.38","7.72","62.17","7.75","2.75","6.86","4.5","454.86","821.32","180.57"
"194","2017","12","Uttar Pradesh","Aligarh","551.42","4.37","7.71","62.4","6.4","2.82","6.1","6.59","454.48","661.95","145.65"
"194","2018","12","Uttar Pradesh","Aligarh","551.42","4.28","7.71","62.54","6.46","2.82","6.04","6.6","454.31","822.12","180.96"
"194","2019","12","Uttar Pradesh","Aligarh","551.42","4.37","7.79","62.26","6.48","2.81","6.12","6.62","454.31","816.51","179.72"
"194","2020","12","Uttar Pradesh","Aligarh","-1.0","-1.0","-1.0","-1.0","-1.0","-1.0","-1.0","-1.0","-1.0","-1.0","-1.0"
"195","2000","12","Uttar Pradesh","Mathura","329.64","1.5","4.98","34.23","5.56","1.19","7.39","4.59","269.29","426.4","158.34"
"195","2001","12","Uttar Pradesh","Mathura","329.84","1.5","4.73","34.28","5.41","1.24","4.4","7.51","269.63","423.89","157.21"
"195","2002","12","Uttar Pradesh","Mathura","330.17","1.5","5.09","34.87","5.64","1.27","3.84","6.96","269.88","387.35","143.53"
"195","2003","12","Uttar Pradesh","Mathura","330.38","1.5","5.57","35.03","5.31","1.28","3.8","5.74","271.13","405.7","149.63"
"195","2004","12","Uttar Pradesh","Mathura","330.14","1.38","5.5","36.54","5.34","1.29","3.03","5.13","270.89","399.77","147.58"
"195","2005","12","Uttar Pradesh","Mathura","330.14","1.59","5.4","36.52","5.3","1.27","3.51","4.46","271.04","396.8","146.4"
"195","2006","12","Uttar Pradesh","Mathura","330.38","1.6","4.71","37.08","5.52","1.33","3.07","6.54","269.49","391.26","145.19"
"195","2007","12","Uttar Pradesh","Mathura","330.33","1.6","4.9","37.3","5.66","1.35","2.97","5.88","269.74","394.71","146.33"
"195","2008","12","Uttar Pradesh","Mathura","330.33","1.6","4.34","38.05","5.32","1.33","3.19","6.4","269.16","397.54","147.7"
"195","2009","12","Uttar Pradesh","Mathura","330.33","1.59","3.82","38.29","5.34","1.33","3.03","6.95","269.04","399.45","148.47"
"195","2010","12","Uttar Pradesh","Mathura","330.33","1.59","3.65","39.17","5.39","1.32","2.71","6.38","269.18","396.32","147.23"
"195","2011","12","Uttar Pradesh","Mathura","330.33","1.6","3.22","39.63","4.88","1.33","3.96","5.45","269.33","398.4","147.92"
"195","2012","12","Uttar Pradesh","Mathura","330.33","1.6","3.61","39.62","5.34","1.32","2.71","6.16","269.03","400.05","148.7"
"195","2013","12","Uttar Pradesh","Mathura","330.33","1.6","3.6","39.68","5.31","1.33","3.16","5.95","268.74","397.61","147.95"
"195","2014","12","Uttar Pradesh","Mathura","330.33","1.6","3.58","39.83","5.29","1.33","3.11","6.15","268.51","405.49","151.01"
"195","2015","12","Uttar Pradesh","Mathura","330.33","1.62","3.56","41.18","5.28","1.33","3.05","6.12","267.3","404.79","151.44"
"195","2016","12","Uttar Pradesh","Mathura","330.33","1.82","3.44","41.42","5.25","1.33","2.7","6.23","267.29","406.23","151.98"
"195","2017","12","Uttar Pradesh","Mathura","330.33","1.82","3.48","41.59","7.13","1.33","2.73","4.67","266.64","427.49","160.33"
"195","2018","12","Uttar Pradesh","Mathura","330.33","1.82","3.48","41.71","7.13","1.33","2.69","4.64","266.59","407.71","152.94"
"195","2019","12","Uttar Pradesh","Mathura","330.33","1.82","3.45","41.85","7.23","1.33","2.76","4.87","266.06","408.74","153.63"
"195","2020","12","Uttar Pradesh","Mathura","-1.0","-1.0","-1.0","-1.0","-1.0","-1.0","-1.0","-1.0","-1.0","-1.0","-1.0"
"196","2000","12","Uttar Pradesh","Agra","478.21","48.37","8.2","43.98","4.69","1.15","9.19","13.23","348.47","504.95","144.9"
"196","2001","12","Uttar Pradesh","Agra","480.46","48.37","8.24","44.8","4.05","1.14","8.78","14.97","348.86","516.09","147.94"
"196","2002","12","Uttar Pradesh","Agra","480.46","48.37","7.75","44.93","3.15","1.13","9.49","18.21","346.16","490.62","141.73"
"196","2003","12","Uttar Pradesh","Agra","480.78","37.09","7.99","45.83","3.07","1.11","8.68","17.93","348.77","503.3","144.31"
"196","2004","12","Uttar Pradesh","Agra","480.89","37.09","7.5","45.99","3.12","1.11","8.87","25.44","341.8","509.98","149.2"
"196","2005","12","Uttar Pradesh","Agra","480.89","37.19","7.3","46.45","3.14","1.1","8.68","22.5","343.7","508.94","148.08"
"196","2006","12","Uttar Pradesh","Agra","480.97","37.19","7.22","47.06","3.44","1.1","8.17","21.07","345.28","508.28","147.21"
"196","2007","12","Uttar Pradesh","Agra","480.97","37.19","7.26","47.2","3.55","1.11","8.01","22.6","343.77","511.74","148.86"
"196","2008","12","Uttar Pradesh","Agra","487.46","36.8","5.61","52.49","4.16","1.58","8.49","24.32","343.0","508.07","148.12"
"196","2009","12","Uttar Pradesh","Agra","487.46","36.5","5.22","53.31","4.09","1.57","8.48","25.7","341.39","509.27","149.17"
"196","2010","12","Uttar Pradesh","Agra","480.97","38.63","6.61","49.58","3.41","1.11","7.35","20.88","344.72","524.21","152.07"
"196","2011","12","Uttar Pradesh","Agra","480.97","39.63","5.98","52.51","3.38","1.11","7.06","17.7","346.34","527.21","152.22"
"196","2012","12","Uttar Pradesh","Agra","480.97","38.63","6.54","48.62","3.38","1.11","7.34","20.15","346.62","524.5","151.32"
"196","2013","12","Uttar Pradesh","Agra","480.97","38.64","6.16","52.61","3.9","1.11","7.77","19.68","341.33","516.44","151.3"
"196","2014","12","Uttar Pradesh","Agra","480.97","38.64","6.18","54.82","4.27","1.11","12.72","32.03","321.15","531.22","165.41"
"196","2015","12","Uttar Pradesh","Agra","480.97","38.64","6.11","56.46","4.25","1.1","13.47","32.22","318.72","543.19","170.43"
"196","2016","12","Uttar Pradesh","Agra","480.97","38.67","5.92","56.83","4.22","1.11","13.57","31.2","319.48","541.65","169.54"
"196","2017","12","Uttar Pradesh","Agra","480.97","38.68","5.92","57.09","4.43","1.33","6.92","37.15","319.42","431.88","135.21"
"196","2018","12","Uttar Pradesh","Agra","480.97","38.68","5.91","57.2","4.64","1.34","26.49","26.65","319.12","530.94","166.38"
"196","2019","12","Uttar Pradesh","Agra","480.97","40.63","5.9","57.62","4.68","1.34","26.74","26.08","317.05","536.85","169.33"
"196","2020","12","Uttar Pradesh","Agra","-1.0","-1.0","-1.0","-1.0","-1.0","-1.0","-1.0","-1.0","-1.0","-1.0","-1.0"
"197","2000","12","Uttar Pradesh","Mainpuri","428.64","7.83","23.56","31.92","11.89","1.86","25.71","20.78","302.04","488.71","161.81"
"197","2001","12","Uttar Pradesh","Mainpuri","432.26","7.83","23.51","32.48","11.57","1.82","23.94","14.49","312.87","502.71","160.67"
"197","2002","12","Uttar Pradesh","Mainpuri","432.25","7.83","22.65","34.04","11.32","1.83","24.04","17.48","308.81","461.58","149.47"
"197","2003","12","Uttar Pradesh","Mainpuri","431.52","7.83","22.5","34.67","9.92","1.79","22.86","21.2","307.0","464.27","151.23"
"197","2004","12","Uttar Pradesh","Mainpuri","431.63","7.83","21.16","35.74","9.46","1.78","21.68","44.99","286.49","497.72","173.73"
"197","2005","12","Uttar Pradesh","Mainpuri","431.63","7.45","20.84","34.52","9.65","1.77","21.68","29.14","303.99","525.28","172.79"
"197","2006","12","Uttar Pradesh","Mainpuri","431.9","7.46","20.87","35.32","9.44","1.76","21.46","28.93","304.33","554.98","182.36"
"197","2007","12","Uttar Pradesh","Mainpuri","431.9","7.46","20.7","35.6","9.39","1.78","21.25","31.4","301.91","545.0","180.51"
"197","2008","12","Uttar Pradesh","Mainpuri","444.5","3.96","18.66","45.06","10.3","2.7","22.15","33.43","301.7","542.39","179.78"
"197","2009","12","Uttar Pradesh","Mainpuri","444.5","3.96","18.41","45.38","10.07","2.7","22.54","35.58","299.44","491.5","164.14"
"197","2010","12","Uttar Pradesh","Mainpuri","431.9","7.49","20.65","37.66","8.75","1.78","20.38","17.98","315.19","541.72","171.87"
"197","2011","12","Uttar Pradesh","Mainpuri","431.9","7.49","17.9","39.95","8.62","1.78","20.87","19.7","313.31","532.51","169.96"
"197","2012","12","Uttar Pradesh","Mainpuri","431.9","7.5","20.44","47.35","8.67","1.78","20.37","17.36","306.45","535.39","174.71"
"197","2013","12","Uttar Pradesh","Mainpuri","431.9","7.5","19.71","49.61","8.66","1.78","20.9","14.44","307.1","550.79","179.35"
"197","2014","12","Uttar Pradesh","Mainpuri","431.9","7.5","19.1","49.66","6.73","1.77","11.64","9.63","324.13","577.51","178.17"
"197","2015","12","Uttar Pradesh","Mainpuri","431.9","7.5","19.08","52.88","6.72","1.76","14.16","14.41","313.71","538.82","171.76"
"197","2016","12","Uttar Pradesh","Mainpuri","431.9","7.5","18.92","53.54","6.62","1.76","13.88","13.96","314.08","535.19","170.4"
"197","2017","12","Uttar Pradesh","Mainpuri","431.9","7.49","18.91","53.7","6.71","1.77","12.98","13.93","314.89","533.99","169.58"
"197","2018","12","Uttar Pradesh","Mainpuri","431.9","7.49","18.9","53.74","7.17","1.77","12.87","12.83","315.62","531.13","168.28"
"197","2019","12","Uttar Pradesh","Mainpuri","431.9","7.4","18.77","60.91","7.24","1.77","5.23","15.02","314.02","539.02","171.65"
"197","2020","12","Uttar Pradesh","Mainpuri","-1.0","-1.0","-1.0","-1.0","-1.0","-1.0","-1.0","-1.0","-1.0","-1.0","-1.0"
"198","2000","12","Uttar Pradesh","Etah","444.89","2.08","5.38","39.72","31.21","-0.17","20.72","15.59","321.5","509.38","158.44"
"198","2001","12","Uttar Pradesh","Etah","438.54","2.08","5.29","37.69","27.62","-0.27","20.29","15.55","321.22","535.97","166.85"
"198","2002","12","Uttar Pradesh","Etah","438.45","2.08","5.64","38.14","27.3","-0.27","20.27","20.88","316.06","503.1","159.18"
"198","2003","12","Uttar Pradesh","Etah","438.64","2.17","5.48","39.11","26.35","-0.33","19.51","13.09","325.13","519.6","159.81"
"198","2004","12","Uttar Pradesh","Etah","438.64","2.17","5.21","40.38","23.86","-0.34","17.19","15.32","326.72","533.43","163.27"
"198","2005","12","Uttar Pradesh","Etah","438.64","2.06","4.84","42.43","22.1","-0.4","17.16","14.59","327.7","541.41","165.22"
"198","2006","12","Uttar Pradesh","Etah","438.64","2.06","4.99","43.43","22.05","-0.48","16.08","12.84","329.53","541.31","164.27"
"198","2007","12","Uttar Pradesh","Etah","438.64","2.06","4.89","43.57","21.85","-0.44","16.03","14.14","328.29","547.51","166.78"
"198","2008","12","Uttar Pradesh","Etah","439.64","3.06","5.87","45.1","22.62","0.57","16.75","16.21","328.28","541.53","164.96"
"198","2009","12","Uttar Pradesh","Etah","439.64","3.06","6.08","45.89","23.28","0.62","14.71","13.27","331.48","529.51","159.74"
"198","2010","12","Uttar Pradesh","Etah","439.67","3.09","5.75","46.6","23.16","0.58","13.71","16.21","329.38","548.71","166.59"
"198","2011","12","Uttar Pradesh","Etah","439.67","3.09","4.65","48.38","23.17","0.54","13.97","18.52","326.44","547.72","167.79"
"198","2012","12","Uttar Pradesh","Etah","439.67","3.09","5.69","50.14","22.97","0.58","13.7","15.65","326.68","559.72","171.34"
"198","2013","12","Uttar Pradesh","Etah","439.67","3.09","4.48","50.74","22.48","0.57","13.1","15.25","329.01","564.91","171.7"
"198","2014","12","Uttar Pradesh","Etah","439.67","3.09","4.36","51.3","21.36","0.59","12.08","16.77","329.33","577.21","175.27"
"198","2015","12","Uttar Pradesh","Etah","439.67","3.09","4.35","49.65","19.74","0.57","9.01","10.08","342.51","603.62","176.23"
"198","2016","12","Uttar Pradesh","Etah","439.67","3.09","4.16","51.93","19.35","0.58","8.09","10.17","341.61","603.27","176.6"
"198","2017","12","Uttar Pradesh","Etah","439.67","3.09","4.11","52.08","19.32","0.82","7.86","10.36","341.43","811.14","237.57"
"198","2018","12","Uttar Pradesh","Etah","439.67","3.09","4.11","52.19","19.48","0.82","6.87","10.33","341.47","599.42","175.54"
"198","2019","12","Uttar Pradesh","Etah","439.67","3.09","4.07","56.55","19.29","0.82","7.41","14.1","333.03","598.8","179.8"
"198","2020","12","Uttar Pradesh","Etah","-1.0","-1.0","-1.0","-1.0","-1.0","-1.0","-1.0","-1.0","-1.0","-1.0","-1.0"
"199","2000","12","Uttar Pradesh","Bareilly","407.49","0.23","10.71","50.11","2.11","0.8","4.64","6.52","330.04","526.99","159.67"
"199","2001","12","Uttar Pradesh","Bareilly","407.49","0.23","10.79","50.86","2.04","0.8","3.66","7.17","329.4","528.22","160.36"
"199","2002","12","Uttar Pradesh","Bareilly","406.85","0.23","9.13","50.93","1.98","0.3","3.35","10.24","328.11","499.57","152.26"
"199","2003","12","Uttar Pradesh","Bareilly","406.92","0.23","7.7","50.59","1.9","0.33","2.69","12.8","328.14","542.54","165.34"
"199","2004","12","Uttar Pradesh","Bareilly","406.92","0.23","7.92","50.61","1.87","0.29","2.98","12.1","328.24","561.53","171.07"
"199","2005","12","Uttar Pradesh","Bareilly","406.92","0.29","7.27","50.98","1.66","0.3","3.06","11.11","329.58","544.69","165.27"
"199","2006","12","Uttar Pradesh","Bareilly","406.92","0.29","7.3","51.04","1.68","0.32","3.2","11.3","329.29","531.75","161.48"
"199","2007","12","Uttar Pradesh","Bareilly","406.92","0.29","7.11","51.22","1.66","0.34","3.07","13.45","327.18","533.29","163.0"
"199","2008","12","Uttar Pradesh","Bareilly","406.92","0.29","6.89","51.41","1.6","0.34","3.11","13.68","326.96","551.41","168.65"
"199","2009","12","Uttar Pradesh","Bareilly","406.92","0.35","6.94","51.7","1.23","0.32","3.31","13.11","327.2","527.23","161.13"
"199","2010","12","Uttar Pradesh","Bareilly","406.92","0.35","6.27","52.46","1.65","0.34","3.26","13.59","326.25","542.96","166.42"
"199","2011","12","Uttar Pradesh","Bareilly","406.92","0.35","8.01","53.71","1.27","0.33","2.94","8.41","329.2","538.99","163.73"
"199","2012","12","Uttar Pradesh","Bareilly","406.92","0.35","6.2","50.66","1.64","0.34","3.26","13.11","328.65","535.83","163.04"
"199","2013","12","Uttar Pradesh","Bareilly","406.92","0.35","7.76","53.78","1.42","0.33","2.98","7.23","330.44","533.52","161.46"
"199","2014","12","Uttar Pradesh","Bareilly","406.92","0.35","7.73","54.46","1.39","0.33","3.22","6.28","330.37","544.06","164.68"
"199","2015","12","Uttar Pradesh","Bareilly","406.92","0.35","7.69","56.36","1.38","0.32","3.15","8.41","326.47","535.8","164.12"
"199","2016","12","Uttar Pradesh","Bareilly","406.92","0.35","7.47","56.67","1.28","0.33","3.04","8.63","326.53","539.58","165.25"
"199","2017","12","Uttar Pradesh","Bareilly","406.92","0.35","7.47","56.89","1.28","0.28","3.44","8.05","326.53","540.17","165.43"
"199","2018","12","Uttar Pradesh","Bareilly","406.92","0.35","7.46","56.98","1.71","0.28","2.31","7.57","326.53","536.8","164.4"
"199","2019","12","Uttar Pradesh","Bareilly","406.92","0.35","7.54","63.45","1.75","0.28","15.12","16.63","298.04","576.33","193.38"
"199","2020","12","Uttar Pradesh","Bareilly","-1.0","-1.0","-1.0","-1.0","-1.0","-1.0","-1.0","-1.0","-1.0","-1.0","-1.0"
"200","2000","12","Uttar Pradesh","Budaun","519.65","6.52","10.54","42.08","6.11","0.05","16.16","15.38","413.6","670.81","162.19"
"200","2001","12","Uttar Pradesh","Budaun","519.65","6.52","9.91","42.78","6.09","0.05","15.99","14.15","414.75","679.52","163.84"
"200","2002","12","Uttar Pradesh","Budaun","519.65","6.52","10.43","42.65","5.85","-0.04","14.5","16.55","413.9","655.75","158.43"
"200","2003","12","Uttar Pradesh","Budaun","519.53","6.52","9.84","44.44","5.27","-0.06","14.31","13.73","416.69","693.09","166.33"
"200","2004","12","Uttar Pradesh","Budaun","519.57","6.52","10.07","46.06","5.23","0.02","10.79","17.5","414.62","704.28","169.86"
"200","2005","12","Uttar Pradesh","Budaun","519.57","6.52","10.45","46.24","5.18","-0.04","10.63","17.32","414.16","694.56","167.7"
"200","2006","12","Uttar Pradesh","Budaun","519.7","6.52","10.01","47.0","4.86","-0.12","10.9","17.67","413.67","699.54","169.11"
"200","2007","12","Uttar Pradesh","Budaun","519.7","6.52","10.21","47.05","4.97","-0.02","9.78","14.72","416.68","717.83","172.27"
"200","2008","12","Uttar Pradesh","Budaun","519.7","6.52","10.19","47.61","4.23","-0.04","10.01","15.62","415.82","702.68","168.99"
"200","2009","12","Uttar Pradesh","Budaun","519.66","6.52","10.22","47.81","4.34","-0.01","10.09","12.98","418.05","715.1","171.06"
"200","2010","12","Uttar Pradesh","Budaun","519.66","4.52","10.24","48.65","4.42","-0.05","9.64","9.0","422.0","700.29","165.95"
"200","2011","12","Uttar Pradesh","Budaun","520.0","4.95","8.81","49.59","3.58","0.48","8.56","10.44","426.38","743.92","174.47"
"200","2012","12","Uttar Pradesh","Budaun","520.0","6.9","10.54","40.32","5.14","0.46","10.62","10.81","426.09","755.49","177.31"
"200","2013","12","Uttar Pradesh","Budaun","521.0","6.9","5.64","62.41","3.67","0.46","4.42","5.48","426.99","762.87","178.66"
"200","2014","12","Uttar Pradesh","Budaun","520.0","6.9","5.16","62.47","2.52","0.47","3.96","4.76","428.73","760.49","177.38"
"200","2015","12","Uttar Pradesh","Budaun","520.0","6.99","5.13","65.21","2.49","0.45","4.2","10.24","420.25","772.05","183.71"
"200","2016","12","Uttar Pradesh","Budaun","520.0","6.99","5.11","65.67","2.4","0.47","3.92","9.72","420.33","773.42","184.0"
"200","2017","12","Uttar Pradesh","Budaun","519.99","6.99","5.1","65.83","2.24","0.42","5.27","8.48","420.3","784.27","186.6"
"200","2018","12","Uttar Pradesh","Budaun","519.99","6.99","5.1","65.92","2.35","0.61","3.25","8.57","420.3","784.57","186.67"
"200","2019","12","Uttar Pradesh","Budaun","519.99","6.99","4.93","53.8","2.38","0.61","2.84","7.13","434.35","822.57","189.38"
"200","2020","12","Uttar Pradesh","Budaun","-1.0","-1.0","-1.0","-1.0","-1.0","-1.0","-1.0","-1.0","-1.0","-1.0","-1.0"
"201","2000","12","Uttar Pradesh","Moradabad","592.1","11.46","7.35","54.77","3.85","-0.07","4.47","12.66","489.8","806.01","164.56"
"201","2001","12","Uttar Pradesh","Moradabad","592.2","11.46","6.08","55.66","3.16","0.01","4.51","15.44","487.97","808.9","165.77"
"201","2002","12","Uttar Pradesh","Moradabad","592.22","11.46","5.73","56.7","3.06","-0.01","3.79","17.07","486.11","775.4","159.51"
"201","2003","12","Uttar Pradesh","Moradabad","592.21","20.6","5.25","55.54","1.79","0.01","2.76","11.92","487.4","808.99","165.98"
"201","2004","12","Uttar Pradesh","Moradabad","592.21","20.44","4.57","57.52","1.75","0.02","3.2","11.11","486.5","825.35","169.65"
"201","2005","12","Uttar Pradesh","Moradabad","592.21","20.44","4.4","57.61","1.97","-0.02","3.63","10.36","486.66","827.34","170.0"
"201","2006","12","Uttar Pradesh","Moradabad","592.21","20.44","3.61","58.04","1.82","0.01","3.61","10.03","487.59","816.59","167.47"
"201","2007","12","Uttar Pradesh","Moradabad","592.21","20.44","3.66","58.6","1.8","0.01","3.42","10.29","487.01","820.86","168.55"
"201","2008","12","Uttar Pradesh","Moradabad","592.21","20.78","3.56","58.77","1.7","0.01","3.1","10.86","486.43","825.58","169.72"
"201","2009","12","Uttar Pradesh","Moradabad","592.24","20.78","3.6","58.97","1.85","0.0","2.87","10.99","486.11","817.72","168.22"
"201","2010","12","Uttar Pradesh","Moradabad","592.24","20.33","3.71","59.65","1.84","0.0","2.54","11.35","485.84","813.37","167.42"
"201","2011","12","Uttar Pradesh","Moradabad","592.9","21.01","6.22","62.67","2.62","0.54","4.87","8.89","482.83","800.96","165.89"
"201","2012","12","Uttar Pradesh","Moradabad","592.9","21.06","3.34","68.63","2.43","0.49","2.56","9.79","482.65","808.71","167.56"
"201","2013","12","Uttar Pradesh","Moradabad","592.9","21.06","3.27","69.17","2.4","0.55","2.95","7.82","483.08","811.51","167.99"
"201","2014","12","Uttar Pradesh","Moradabad","592.9","21.06","3.25","69.99","2.16","0.54","2.55","6.67","483.89","814.35","168.29"
"201","2015","12","Uttar Pradesh","Moradabad","592.9","21.2","2.67","75.04","1.57","0.52","7.05","14.76","467.53","821.72","175.76"
"201","2016","12","Uttar Pradesh","Moradabad","592.9","21.2","2.49","75.79","1.61","0.53","6.68","13.01","467.64","823.26","176.05"
"201","2017","12","Uttar Pradesh","Moradabad","592.9","21.21","2.48","76.22","1.39","0.46","7.91","11.46","467.89","825.24","176.38"
"201","2018","12","Uttar Pradesh","Moradabad","592.9","21.21","2.48","76.3","1.55","0.76","7.54","11.35","467.85","826.01","176.55"
"201","2019","12","Uttar Pradesh","Moradabad","592.9","21.21","1.48","84.27","1.54","0.76","8.68","8.4","462.65","798.88","172.67"
"201","2020","12","Uttar Pradesh","Moradabad","-1.0","-1.0","-1.0","-1.0","-1.0","-1.0","-1.0","-1.0","-1.0","-1.0","-1.0"
"202","2000","12","Uttar Pradesh","Shahjahanpur","457.61","10.5","7.12","39.33","4.68","0.96","9.0","18.1","363.83","591.41","162.55"
"202","2001","12","Uttar Pradesh","Shahjahanpur","457.93","10.5","7.26","39.25","4.64","0.99","8.15","19.18","363.82","604.52","166.16"
"202","2002","12","Uttar Pradesh","Shahjahanpur","437.46","10.5","6.53","39.57","4.06","0.99","7.43","22.2","342.19","521.49","152.4"
"202","2003","12","Uttar Pradesh","Shahjahanpur","437.48","10.5","6.41","39.52","3.64","1.03","7.34","18.41","346.4","570.54","164.71"
"202","2004","12","Uttar Pradesh","Shahjahanpur","437.48","10.5","6.95","40.2","3.62","1.06","7.35","16.87","347.01","575.14","165.74"
"202","2005","12","Uttar Pradesh","Shahjahanpur","437.48","10.5","6.95","40.05","3.67","0.97","7.41","16.85","347.14","554.59","159.76"
"202","2006","12","Uttar Pradesh","Shahjahanpur","437.48","10.5","6.96","40.17","3.68","0.97","7.28","16.3","347.7","604.91","173.97"
"202","2007","12","Uttar Pradesh","Shahjahanpur","437.48","10.5","6.99","40.27","3.8","0.97","7.07","14.01","349.96","612.56","175.04"
"202","2008","12","Uttar Pradesh","Shahjahanpur","437.48","10.5","7.02","40.36","3.84","0.96","7.22","13.53","350.39","612.4","174.78"
"202","2009","12","Uttar Pradesh","Shahjahanpur","437.45","10.5","7.11","40.46","3.51","1.05","7.17","13.81","350.23","601.33","171.7"
"202","2010","12","Uttar Pradesh","Shahjahanpur","437.47","10.5","6.84","40.84","3.56","1.05","6.83","14.03","350.18","599.52","171.2"
"202","2011","12","Uttar Pradesh","Shahjahanpur","437.47","10.5","5.11","41.07","3.57","1.05","6.57","15.42","350.32","621.9","177.52"
"202","2012","12","Uttar Pradesh","Shahjahanpur","437.47","10.5","6.77","40.46","3.53","1.05","6.82","13.54","351.21","600.07","170.86"
"202","2013","12","Uttar Pradesh","Shahjahanpur","437.47","10.5","7.15","41.1","3.57","1.05","5.6","13.3","351.32","604.75","172.14"
"202","2014","12","Uttar Pradesh","Shahjahanpur","437.47","10.5","7.11","41.43","3.53","1.05","4.95","13.39","351.71","570.81","162.3"
"202","2015","12","Uttar Pradesh","Shahjahanpur","437.47","10.5","7.09","41.63","2.32","1.04","2.2","5.27","364.51","577.08","158.32"
"202","2016","12","Uttar Pradesh","Shahjahanpur","437.47","10.5","6.59","41.95","2.28","1.05","3.25","4.6","364.61","606.91","166.45"
"202","2017","12","Uttar Pradesh","Shahjahanpur","437.47","10.5","5.33","42.1","2.23","1.05","3.18","6.0","364.61","607.01","166.48"
"202","2018","12","Uttar Pradesh","Shahjahanpur","437.47","6.46","5.33","42.15","2.2","0.89","2.59","10.76","364.61","607.16","166.52"
"202","2019","12","Uttar Pradesh","Shahjahanpur","437.47","6.46","5.03","52.27","2.12","0.89","3.52","17.34","347.33","434.07","124.97"
"202","2020","12","Uttar Pradesh","Shahjahanpur","-1.0","-1.0","-1.0","-1.0","-1.0","-1.0","-1.0","-1.0","-1.0","-1.0","-1.0"
"203","2000","12","Uttar Pradesh","Pilibhit","357.22","80.16","7.83","36.4","3.54","0.32","1.78","1.77","222.91","368.18","165.17"
"203","2001","12","Uttar Pradesh","Pilibhit","357.22","80.16","7.6","36.12","3.71","0.32","1.63","1.85","223.25","362.2","162.24"
"203","2002","12","Uttar Pradesh","Pilibhit","377.78","80.16","8.49","40.55","3.47","0.31","2.12","2.5","235.41","384.18","163.2"
"203","2003","12","Uttar Pradesh","Pilibhit","377.82","80.01","6.58","40.27","3.11","0.25","2.25","2.18","240.09","398.94","166.16"
"203","2004","12","Uttar Pradesh","Pilibhit","377.78","80.01","6.7","41.98","2.75","0.24","2.54","4.52","235.09","419.34","178.37"
"203","2005","12","Uttar Pradesh","Pilibhit","377.78","80.01","6.61","41.15","3.11","0.27","2.56","4.75","235.04","408.83","173.94"
"203","2006","12","Uttar Pradesh","Pilibhit","378.32","80.01","6.77","41.48","3.26","0.27","2.31","4.13","235.34","395.33","167.98"
"203","2007","12","Uttar Pradesh","Pilibhit","378.32","80.01","6.88","41.54","3.25","0.26","1.79","1.1","239.01","400.49","167.56"
"203","2008","12","Uttar Pradesh","Pilibhit","378.32","80.01","6.8","41.85","3.46","0.26","1.79","3.62","236.53","408.86","172.86"
"203","2009","12","Uttar Pradesh","Pilibhit","378.38","80.01","6.9","41.82","3.26","0.26","1.69","6.0","234.07","397.98","170.03"
"203","2010","12","Uttar Pradesh","Pilibhit","378.38","80.01","6.84","42.09","3.16","0.25","1.72","6.63","233.39","394.3","168.94"
"203","2011","12","Uttar Pradesh","Pilibhit","378.38","80.01","6.52","43.74","2.81","0.25","1.91","4.78","234.14","393.85","168.21"
"203","2012","12","Uttar Pradesh","Pilibhit","378.38","80.01","6.76","42.27","3.13","0.25","1.72","6.4","233.59","389.46","166.73"
"203","2013","12","Uttar Pradesh","Pilibhit","378.38","80.01","6.59","43.8","3.51","0.26","2.38","5.2","232.84","391.92","168.32"
"203","2014","12","Uttar Pradesh","Pilibhit","378.38","80.01","5.64","43.91","2.87","0.27","1.75","3.12","237.22","399.34","168.34"
"203","2015","12","Uttar Pradesh","Pilibhit","378.38","80.01","5.62","44.41","2.86","0.26","1.37","6.34","233.96","411.69","175.97"
"203","2016","12","Uttar Pradesh","Pilibhit","378.38","80.04","5.51","44.71","2.81","0.26","1.2","7.09","233.21","411.51","176.45"
"203","2017","12","Uttar Pradesh","Pilibhit","378.38","84.08","5.5","45.01","2.81","0.24","4.25","4.03","228.93","402.84","175.97"
"203","2018","12","Uttar Pradesh","Pilibhit","378.38","84.08","5.5","45.08","2.79","0.24","1.34","3.33","230.03","399.01","173.46"
"203","2019","12","Uttar Pradesh","Pilibhit","378.38","84.08","5.58","43.86","2.79","0.24","1.41","3.4","231.01","394.91","170.95"
"203","2020","12","Uttar Pradesh","Pilibhit","-1.0","-1.0","-1.0","-1.0","-1.0","-1.0","-1.0","-1.0","-1.0","-1.0","-1.0"
"204","2000","12","Uttar Pradesh","Rampur","235.72","6.61","6.91","26.28","0.34","0.01","0.28","2.76","191.92","352.53","183.69"
"204","2001","12","Uttar Pradesh","Rampur","235.72","6.61","6.6","26.32","0.2","0.01","0.61","0.87","193.73","360.8","186.24"
"204","2002","12","Uttar Pradesh","Rampur","235.72","6.61","6.36","26.97","0.21","0.01","0.38","1.04","193.15","343.82","178.01"
"204","2003","12","Uttar Pradesh","Rampur","235.73","6.61","6.28","26.05","0.23","0.01","0.79","2.07","192.76","360.28","186.91"
"204","2004","12","Uttar Pradesh","Rampur","235.73","6.61","5.24","26.35","0.18","0.01","0.61","1.07","194.78","368.07","188.97"
"204","2005","12","Uttar Pradesh","Rampur","235.73","6.61","5.32","26.6","0.14","0.01","0.57","1.11","194.46","364.72","187.56"
"204","2006","12","Uttar Pradesh","Rampur","235.73","6.61","5.33","26.73","0.12","0.0","0.64","1.46","193.71","366.58","189.24"
"204","2007","12","Uttar Pradesh","Rampur","235.73","6.61","5.02","27.24","0.11","0.0","0.59","1.73","193.24","371.48","192.24"
"204","2008","12","Uttar Pradesh","Rampur","235.73","6.61","5.06","27.26","0.19","0.0","0.55","3.55","191.39","369.25","192.93"
"204","2009","12","Uttar Pradesh","Rampur","235.73","6.61","4.92","27.44","0.21","0.0","0.44","1.69","193.24","363.32","188.01"
"204","2010","12","Uttar Pradesh","Rampur","235.73","6.61","4.75","27.84","0.2","0.0","0.47","2.92","191.77","373.35","194.69"
"204","2011","12","Uttar Pradesh","Rampur","235.73","6.61","5.02","27.92","0.18","0.0","0.31","2.58","191.56","370.01","193.16"
"204","2012","12","Uttar Pradesh","Rampur","235.73","6.61","4.7","27.68","0.2","0.0","0.47","2.82","192.1","366.43","190.75"
"204","2013","12","Uttar Pradesh","Rampur","235.73","6.61","5.19","28.04","0.22","0.0","0.26","2.54","191.29","360.19","188.3"
"204","2014","12","Uttar Pradesh","Rampur","235.73","6.61","5.04","28.86","0.29","0.0","0.37","2.12","190.82","338.89","177.6"
"204","2015","12","Uttar Pradesh","Rampur","235.73","6.61","5.01","30.47","0.26","0.0","0.24","4.12","187.42","352.61","188.14"
"204","2016","12","Uttar Pradesh","Rampur","235.73","6.61","4.73","30.7","0.39","0.0","0.32","4.02","187.42","354.26","189.02"
"204","2017","12","Uttar Pradesh","Rampur","235.73","6.61","4.72","30.86","0.37","0.0","1.09","3.08","187.49","355.84","189.79"
"204","2018","12","Uttar Pradesh","Rampur","235.73","6.61","4.72","30.9","0.33","0.0","1.26","3.01","187.35","357.6","190.87"
"204","2019","12","Uttar Pradesh","Rampur","235.73","6.66","4.7","30.23","0.33","0.0","1.27","2.75","188.22","356.95","189.65"
"204","2020","12","Uttar Pradesh","Rampur","-1.0","-1.0","-1.0","-1.0","-1.0","-1.0","-1.0","-1.0","-1.0","-1.0","-1.0"
"205","2000","12","Uttar Pradesh","Bijnor","464.58","43.82","9.23","51.95","3.53","0.42","3.09","8.06","338.1","455.95","134.86"
"205","2001","12","Uttar Pradesh","Bijnor","464.58","43.82","9.21","52.19","3.16","0.36","3.34","4.73","341.89","447.29","130.83"
"205","2002","12","Uttar Pradesh","Bijnor","464.58","43.82","7.64","54.49","3.41","0.39","3.42","2.06","345.07","437.12","126.68"
"205","2003","12","Uttar Pradesh","Bijnor","464.58","54.93","7.24","50.93","3.03","0.42","3.27","2.19","339.35","448.63","132.2"
"205","2004","12","Uttar Pradesh","Bijnor","464.58","54.9","6.66","51.02","3.77","0.46","3.41","4.83","336.65","447.06","132.8"
"205","2005","12","Uttar Pradesh","Bijnor","464.58","54.9","5.85","53.06","3.77","0.46","3.46","5.64","334.62","442.9","132.36"
"205","2006","12","Uttar Pradesh","Bijnor","464.58","54.9","4.28","54.21","3.98","0.46","3.4","4.55","335.83","427.99","127.44"
"205","2007","12","Uttar Pradesh","Bijnor","464.58","54.9","4.36","54.9","4.09","0.45","3.37","6.8","332.62","435.52","130.94"
"205","2008","12","Uttar Pradesh","Bijnor","464.58","54.9","4.19","55.05","4.02","0.48","3.42","4.48","334.94","432.7","129.19"
"205","2009","12","Uttar Pradesh","Bijnor","464.55","54.9","4.04","55.19","3.81","0.48","3.53","3.5","335.95","443.85","132.12"
"205","2010","12","Uttar Pradesh","Bijnor","464.55","54.9","3.92","55.88","3.64","0.49","3.52","3.09","336.38","432.31","128.52"
"205","2011","12","Uttar Pradesh","Bijnor","464.55","54.29","3.88","55.94","3.11","0.49","3.14","4.05","337.19","417.57","123.84"
"205","2012","12","Uttar Pradesh","Bijnor","464.55","54.3","3.88","65.03","3.61","0.49","3.52","2.98","328.06","458.31","139.7"
"205","2013","12","Uttar Pradesh","Bijnor","465.55","54.3","3.83","65.21","3.33","0.48","2.95","7.82","325.66","427.64","131.31"
"205","2014","12","Uttar Pradesh","Bijnor","464.55","54.3","3.7","65.28","2.38","0.48","2.16","7.26","326.94","400.03","122.36"
"205","2015","12","Uttar Pradesh","Bijnor","464.55","54.45","3.17","65.78","2.37","0.47","0.09","3.86","332.33","410.79","123.61"
"205","2016","12","Uttar Pradesh","Bijnor","464.55","54.45","3.07","65.98","2.28","0.48","0.21","2.89","333.93","417.68","125.08"
"205","2017","12","Uttar Pradesh","Bijnor","464.55","54.45","3.05","66.15","2.2","0.5","0.25","2.67","334.12","416.61","124.69"
"205","2018","12","Uttar Pradesh","Bijnor","464.55","54.45","3.04","66.23","2.18","0.5","0.38","2.44","334.01","416.81","124.79"
"205","2019","12","Uttar Pradesh","Bijnor","464.55","54.45","3.07","74.26","2.18","0.5","2.58","8.48","317.64","439.19","138.27"
"205","2020","12","Uttar Pradesh","Bijnor","-1.0","-1.0","-1.0","-1.0","-1.0","-1.0","-1.0","-1.0","-1.0","-1.0","-1.0"
"206","2000","12","Uttar Pradesh","Farrukhabad","428.51","5.81","20.75","40.97","12.67","2.8","14.63","13.53","310.26","462.56","149.09"
"206","2001","12","Uttar Pradesh","Farrukhabad","428.72","5.81","18.77","41.82","11.3","2.81","15.02","25.58","299.84","465.05","155.1"
"206","2002","12","Uttar Pradesh","Farrukhabad","428.88","5.81","17.82","43.03","11.8","2.81","14.08","34.59","291.18","422.97","145.26"
"206","2003","12","Uttar Pradesh","Farrukhabad","428.88","13.84","14.92","42.1","10.72","2.8","12.43","30.98","294.54","443.2","150.47"
"206","2004","12","Uttar Pradesh","Farrukhabad","428.88","13.84","13.53","43.08","9.81","2.67","11.9","32.62","295.07","445.16","150.87"
"206","2005","12","Uttar Pradesh","Farrukhabad","428.88","13.93","12.54","43.08","9.42","2.66","11.64","35.91","292.61","442.75","151.31"
"206","2006","12","Uttar Pradesh","Farrukhabad","428.88","13.93","11.15","44.66","9.66","2.7","11.32","38.32","290.91","437.97","150.55"
"206","2007","12","Uttar Pradesh","Farrukhabad","428.88","13.84","11.22","46.65","8.18","2.9","10.66","36.98","292.19","441.81","151.21"
"206","2008","12","Uttar Pradesh","Farrukhabad","428.88","13.85","11.4","47.18","7.88","2.71","10.45","37.16","292.1","441.34","151.09"
"206","2009","12","Uttar Pradesh","Farrukhabad","428.88","13.85","11.52","47.63","7.64","2.71","10.2","40.92","288.4","408.9","141.78"
"206","2010","12","Uttar Pradesh","Farrukhabad","428.88","13.85","11.03","48.45","7.45","2.71","10.15","35.45","293.67","426.2","145.13"
"206","2011","12","Uttar Pradesh","Farrukhabad","428.88","13.75","13.38","50.65","7.02","2.71","11.03","30.29","294.83","432.88","146.82"
"206","2012","12","Uttar Pradesh","Farrukhabad","428.88","13.72","10.92","41.99","7.39","2.71","10.14","34.22","301.77","444.83","147.41"
"206","2013","12","Uttar Pradesh","Farrukhabad","428.88","13.72","12.7","51.3","6.72","2.71","9.22","25.03","302.69","449.29","148.43"
"206","2014","12","Uttar Pradesh","Farrukhabad","428.88","13.72","12.93","51.5","10.96","2.71","11.7","35.98","284.42","446.05","156.83"
"206","2015","12","Uttar Pradesh","Farrukhabad","428.88","19.33","12.4","53.19","5.44","2.7","3.87","4.38","325.69","491.94","151.05"
"206","2016","12","Uttar Pradesh","Farrukhabad","428.88","19.31","10.45","53.54","4.72","2.7","2.67","4.8","328.43","492.6","149.99"
"206","2017","12","Uttar Pradesh","Farrukhabad","428.88","19.33","10.4","53.84","4.68","2.72","1.95","5.29","328.41","492.58","149.99"
"206","2018","12","Uttar Pradesh","Farrukhabad","428.88","19.33","10.4","54.12","4.45","2.72","1.61","4.04","328.43","493.12","150.14"
"206","2019","12","Uttar Pradesh","Farrukhabad","428.88","19.33","10.24","56.02","4.52","2.72","2.29","4.97","325.0","529.94","163.06"
"206","2020","12","Uttar Pradesh","Farrukhabad","-1.0","-1.0","-1.0","-1.0","-1.0","-1.0","-1.0","-1.0","-1.0","-1.0","-1.0"
"207","2000","12","Uttar Pradesh","Etawah","446.42","38.83","19.88","37.49","12.63","2.01","12.26","27.25","288.44","459.73","159.38"
"207","2001","12","Uttar Pradesh","Etawah","446.39","38.83","20.09","37.19","12.54","1.95","10.34","29.56","288.19","463.85","160.95"
"207","2002","12","Uttar Pradesh","Etawah","446.39","38.83","18.79","38.93","11.94","1.93","9.22","33.79","285.73","439.43","153.79"
"207","2003","12","Uttar Pradesh","Etawah","446.4","40.42","18.22","42.67","12.77","1.93","10.13","27.54","290.96","470.97","161.87"
"207","2004","12","Uttar Pradesh","Etawah","446.4","40.42","18.22","42.67","12.77","1.93","10.13","27.54","290.96","470.97","161.87"
"207","2005","12","Uttar Pradesh","Etawah","446.4","40.42","18.17","43.01","12.76","1.93","10.52","26.06","292.12","471.26","161.32"
"207","2006","12","Uttar Pradesh","Etawah","446.4","40.42","17.83","43.77","12.66","1.9","10.78","28.39","289.27","476.87","164.85"
"207","2007","12","Uttar Pradesh","Etawah","446.4","40.42","18.1","44.05","12.48","1.83","10.57","27.37","290.04","480.03","165.5"
"207","2008","12","Uttar Pradesh","Etawah","446.4","40.42","16.46","44.2","12.98","1.82","11.97","29.31","286.79","475.19","165.69"
"207","2009","12","Uttar Pradesh","Etawah","446.4","40.42","16.17","44.65","13.15","1.83","12.36","24.72","290.89","462.01","158.83"
"207","2010","12","Uttar Pradesh","Etawah","446.4","40.42","15.91","45.51","12.91","1.83","12.77","23.49","291.37","479.3","164.5"
"207","2011","12","Uttar Pradesh","Etawah","446.4","40.42","14.44","45.82","13.53","1.83","13.37","22.13","292.87","475.16","162.24"
"207","2012","12","Uttar Pradesh","Etawah","446.4","40.42","15.75","43.61","12.81","1.83","12.75","22.67","294.39","482.97","164.06"
"207","2013","12","Uttar Pradesh","Etawah","446.4","40.42","13.78","45.94","13.39","1.82","13.36","22.9","293.4","494.49","168.54"
"207","2014","12","Uttar Pradesh","Etawah","446.4","40.42","13.76","46.78","12.12","1.83","12.93","21.84","295.1","502.48","170.27"
"207","2015","12","Uttar Pradesh","Etawah","446.4","40.41","13.75","49.48","12.1","1.81","19.96","13.37","293.89","508.5","173.02"
"207","2016","12","Uttar Pradesh","Etawah","446.4","40.43","13.36","49.94","14.4","1.83","12.74","18.08","293.67","550.26","187.37"
"207","2017","12","Uttar Pradesh","Etawah","446.4","40.42","13.36","50.13","14.55","1.85","16.98","14.74","292.41","507.06","173.4"
"207","2018","12","Uttar Pradesh","Etawah","446.4","40.42","13.36","50.25","14.55","1.85","14.29","14.32","292.8","507.51","173.33"
"207","2019","12","Uttar Pradesh","Etawah","446.4","40.42","13.22","52.15","14.33","1.85","9.74","10.98","299.2","514.51","171.96"
"207","2020","12","Uttar Pradesh","Etawah","-1.0","-1.0","-1.0","-1.0","-1.0","-1.0","-1.0","-1.0","-1.0","-1.0","-1.0"
"208","2000","12","Uttar Pradesh","Kanpur","614.57","11.82","46.46","53.38","18.63","3.98","26.13","37.6","408.32","586.04","143.52"
"208","2001","12","Uttar Pradesh","Kanpur","614.57","11.82","41.03","55.52","17.83","4.16","24.81","34.69","418.19","603.36","144.28"
"208","2002","12","Uttar Pradesh","Kanpur","614.42","11.82","38.83","55.41","17.43","4.38","24.83","38.72","415.85","565.42","135.97"
"208","2003","12","Uttar Pradesh","Kanpur","614.42","11.55","38.47","57.37","15.14","3.98","24.71","46.35","408.47","574.14","140.56"
"208","2004","12","Uttar Pradesh","Kanpur","614.42","15.61","35.37","59.27","14.44","3.27","23.81","48.26","408.51","584.78","143.15"
"208","2005","12","Uttar Pradesh","Kanpur","614.42","11.46","35.0","62.91","13.77","4.07","22.81","46.88","409.79","584.95","142.74"
"208","2006","12","Uttar Pradesh","Kanpur","616.31","11.46","34.27","65.87","13.97","4.04","22.02","43.2","413.84","589.22","142.38"
"208","2007","12","Uttar Pradesh","Kanpur","616.31","11.46","34.44","68.3","13.69","4.06","22.5","46.17","408.67","577.4","141.29"
"208","2008","12","Uttar Pradesh","Kanpur","616.31","11.46","33.15","69.04","13.03","4.04","22.36","47.07","410.37","578.17","140.89"
"208","2009","12","Uttar Pradesh","Kanpur","616.31","11.46","32.74","69.46","12.33","4.06","23.14","50.15","407.16","548.7","134.76"
"208","2010","12","Uttar Pradesh","Kanpur","616.31","11.43","32.04","71.28","12.27","4.06","22.7","46.75","409.97","557.82","136.06"
"208","2011","12","Uttar Pradesh","Kanpur","616.31","11.43","30.95","72.26","13.31","4.06","21.1","46.54","410.84","559.4","136.16"
"208","2012","12","Uttar Pradesh","Kanpur","616.31","11.43","31.7","75.3","12.17","4.06","22.67","45.12","408.11","555.06","136.01"
"208","2013","12","Uttar Pradesh","Kanpur","616.31","11.43","29.04","75.41","12.22","4.05","24.69","44.01","409.64","554.74","135.42"
"208","2014","12","Uttar Pradesh","Kanpur","616.31","11.43","29.0","75.78","12.22","4.06","15.86","57.44","404.72","556.66","137.54"
"208","2015","12","Uttar Pradesh","Kanpur","616.31","11.43","28.97","77.98","12.2","4.04","15.86","52.03","408.04","575.16","140.96"
"208","2016","12","Uttar Pradesh","Kanpur","616.31","11.42","28.51","78.46","12.05","4.04","16.01","51.31","409.27","590.15","144.2"
"208","2017","12","Uttar Pradesh","Kanpur","616.31","11.41","28.5","78.91","13.94","4.19","13.08","52.49","409.49","579.07","141.41"
"208","2018","12","Uttar Pradesh","Kanpur","616.31","12.26","28.5","79.13","11.67","4.19","14.3","52.6","409.37","585.46","143.01"
"208","2019","12","Uttar Pradesh","Kanpur","616.31","12.26","27.77","81.22","11.68","4.19","15.84","45.23","413.91","664.45","160.53"
"208","2020","12","Uttar Pradesh","Kanpur","-1.0","-1.0","-1.0","-1.0","-1.0","-1.0","-1.0","-1.0","-1.0","-1.0","-1.0"
"209","2000","12","Uttar Pradesh","Fatehpur","421.64","6.1","11.24","46.22","11.15","2.2","15.88","29.85","293.32","411.38","140.25"
"209","2001","12","Uttar Pradesh","Fatehpur","421.64","6.1","11.52","46.18","11.06","2.19","15.27","28.19","295.3","417.92","141.52"
"209","2002","12","Uttar Pradesh","Fatehpur","421.64","6.1","11.61","46.25","10.8","2.29","15.1","35.5","288.06","381.71","132.51"
"209","2003","12","Uttar Pradesh","Fatehpur","421.15","5.21","11.44","46.62","11.19","2.29","15.13","30.42","293.05","404.77","138.12"
"209","2004","12","Uttar Pradesh","Fatehpur","421.48","5.21","10.95","47.42","10.63","2.3","15.45","33.27","290.36","406.69","140.06"
"209","2005","12","Uttar Pradesh","Fatehpur","421.48","5.21","10.76","47.74","10.48","2.39","15.42","30.66","292.92","417.49","142.53"
"209","2006","12","Uttar Pradesh","Fatehpur","422.13","5.21","10.75","47.99","10.78","2.51","15.24","30.35","292.97","407.69","139.16"
"209","2007","12","Uttar Pradesh","Fatehpur","422.13","5.21","10.95","48.62","11.26","2.57","15.11","33.43","288.74","403.89","139.88"
"209","2008","12","Uttar Pradesh","Fatehpur","422.13","7.62","10.45","48.73","10.28","2.68","14.32","33.68","288.56","400.13","138.66"
"209","2009","12","Uttar Pradesh","Fatehpur","422.13","7.62","10.52","48.97","9.86","2.68","14.33","36.28","286.03","388.51","135.83"
"209","2010","12","Uttar Pradesh","Fatehpur","422.13","7.62","10.32","49.1","9.7","2.78","14.39","34.87","287.43","405.23","140.98"
"209","2011","12","Uttar Pradesh","Fatehpur","422.13","7.62","10.15","49.71","10.19","2.79","14.43","32.82","288.97","411.95","142.56"
"209","2012","12","Uttar Pradesh","Fatehpur","422.13","7.62","10.22","48.53","9.62","2.78","14.37","33.65","289.5","417.48","144.21"
"209","2013","12","Uttar Pradesh","Fatehpur","422.13","7.62","10.2","50.14","10.82","2.81","14.68","30.3","289.41","421.25","145.55"
"209","2014","12","Uttar Pradesh","Fatehpur","422.13","7.6","10.03","50.54","11.37","2.81","12.83","31.8","288.7","430.11","148.98"
"209","2015","12","Uttar Pradesh","Fatehpur","422.13","7.6","10.01","54.14","11.87","2.8","18.55","21.01","288.62","427.5","148.12"
"209","2016","12","Uttar Pradesh","Fatehpur","422.13","7.6","10.01","54.48","11.24","2.8","16.56","25.5","288.48","427.71","148.26"
"209","2017","12","Uttar Pradesh","Fatehpur","422.13","7.59","10.01","54.55","11.2","3.01","20.02","20.78","288.1","427.24","148.29"
"209","2018","12","Uttar Pradesh","Fatehpur","422.13","7.59","10.01","54.59","11.21","3.01","20.79","21.54","286.52","423.73","147.89"
"209","2019","12","Uttar Pradesh","Fatehpur","422.13","7.59","10.0","55.76","11.21","3.01","20.8","9.36","297.58","458.9","154.21"
"209","2020","12","Uttar Pradesh","Fatehpur","-1.0","-1.0","-1.0","-1.0","-1.0","-1.0","-1.0","-1.0","-1.0","-1.0","-1.0"
"210","2000","12","Uttar Pradesh","Allahabad","740.82","20.82","28.39","90.03","18.75","2.18","30.73","43.57","493.8","748.48","151.58"
"210","2001","12","Uttar Pradesh","Allahabad","740.82","20.82","26.92","95.38","18.59","2.18","34.19","55.99","474.22","708.35","149.37"
"210","2002","12","Uttar Pradesh","Allahabad","740.82","20.82","26.74","95.56","17.57","2.18","31.76","57.71","475.99","666.64","140.05"
"210","2003","12","Uttar Pradesh","Allahabad","741.26","20.82","25.86","96.22","17.64","2.18","30.8","52.58","482.68","697.24","144.45"
"210","2004","12","Uttar Pradesh","Allahabad","740.91","20.82","25.84","97.86","17.5","2.18","32.1","74.64","457.86","663.92","145.01"
"210","2005","12","Uttar Pradesh","Allahabad","740.91","21.68","25.09","98.47","16.87","2.18","31.07","75.44","457.25","674.34","147.48"
"210","2006","12","Uttar Pradesh","Allahabad","742.51","21.69","25.06","100.05","16.35","2.18","30.24","83.19","449.43","675.89","150.39"
"210","2007","12","Uttar Pradesh","Allahabad","742.51","22.16","24.78","100.4","17.22","2.17","30.24","83.4","448.39","677.75","151.15"
"210","2008","12","Uttar Pradesh","Allahabad","742.51","22.16","24.25","101.65","17.35","2.16","30.34","68.25","463.53","686.64","148.13"
"210","2009","12","Uttar Pradesh","Allahabad","742.51","22.16","23.85","102.6","17.3","2.16","30.47","82.12","449.73","632.6","140.66"
"210","2010","12","Uttar Pradesh","Allahabad","742.57","21.66","24.25","104.21","18.28","2.66","37.94","75.55","444.93","654.51","147.1"
"210","2011","12","Uttar Pradesh","Allahabad","742.57","21.66","23.81","104.78","17.23","2.16","34.18","82.43","442.42","657.34","148.58"
"210","2012","12","Uttar Pradesh","Allahabad","742.57","21.66","24.0","115.74","18.13","2.66","37.9","72.91","436.66","659.75","151.09"
"210","2013","12","Uttar Pradesh","Allahabad","742.57","21.66","23.22","115.94","16.3","2.16","35.34","86.38","429.49","654.97","152.5"
"210","2014","12","Uttar Pradesh","Allahabad","742.57","21.66","23.28","116.72","16.3","2.16","29.99","58.16","462.49","698.64","151.06"
"210","2015","12","Uttar Pradesh","Allahabad","742.57","21.68","23.28","118.44","15.6","2.14","26.68","47.03","475.98","697.05","146.45"
"210","2016","12","Uttar Pradesh","Allahabad","742.57","21.68","23.04","119.03","14.76","2.15","25.67","51.42","475.54","773.91","162.74"
"210","2017","12","Uttar Pradesh","Allahabad","742.58","21.67","22.97","119.28","14.74","2.17","28.46","47.4","476.55","775.76","162.79"
"210","2018","12","Uttar Pradesh","Allahabad","742.58","21.67","22.97","119.43","15.11","2.17","29.12","47.86","475.92","774.18","162.67"
"210","2019","12","Uttar Pradesh","Allahabad","742.58","21.67","22.5","130.15","15.11","2.17","28.41","57.41","456.84","793.16","173.62"
"210","2020","12","Uttar Pradesh","Allahabad","-1.0","-1.0","-1.0","-1.0","-1.0","-1.0","-1.0","-1.0","-1.0","-1.0","-1.0"
"211","2000","12","Uttar Pradesh","Jhansi","1008.83","109.8","49.49","74.05","96.61","4.1","31.6","57.65","583.15","757.69","129.93"
"211","2001","12","Uttar Pradesh","Jhansi","1008.83","109.8","49.02","74.46","95.78","4.08","31.64","42.97","598.43","755.47","126.24"
"211","2002","12","Uttar Pradesh","Jhansi","1008.83","109.8","47.82","78.6","94.81","4.14","30.8","77.03","563.56","696.82","123.65"
"211","2003","12","Uttar Pradesh","Jhansi","1008.83","110.54","48.23","78.79","80.64","4.15","24.0","48.08","612.13","850.67","138.97"
"211","2004","12","Uttar Pradesh","Jhansi","1008.83","110.54","46.68","80.88","76.19","3.49","22.79","47.0","619.37","838.87","135.44"
"211","2005","12","Uttar Pradesh","Jhansi","1008.83","110.54","46.7","81.29","75.8","3.48","23.41","71.06","594.66","780.86","131.31"
"211","2006","12","Uttar Pradesh","Jhansi","1011.12","110.54","46.63","83.02","77.48","3.46","22.37","89.85","576.12","809.78","140.56"
"211","2007","12","Uttar Pradesh","Jhansi","1011.12","110.56","46.63","84.63","77.54","3.99","21.53","106.19","558.3","782.25","140.11"
"211","2008","12","Uttar Pradesh","Jhansi","1011.12","110.56","46.51","85.11","77.41","3.99","21.13","73.51","591.0","835.18","141.32"
"211","2009","12","Uttar Pradesh","Jhansi","1011.12","110.56","46.42","85.48","76.29","3.58","21.57","48.52","617.01","1029.32","166.82"
"211","2010","12","Uttar Pradesh","Jhansi","1011.12","110.56","45.6","85.69","74.29","3.37","19.26","46.05","624.58","993.45","159.06"
"211","2011","12","Uttar Pradesh","Jhansi","1011.12","110.58","46.64","85.78","63.85","3.63","21.89","43.13","633.39","1024.52","161.75"
"211","2012","12","Uttar Pradesh","Jhansi","1011.12","110.58","45.13","76.88","73.7","3.37","19.24","44.45","636.08","1035.55","162.8"
"211","2013","12","Uttar Pradesh","Jhansi","1011.12","110.62","46.17","86.1","60.4","3.58","21.91","39.38","641.31","1092.12","170.3"
"211","2014","12","Uttar Pradesh","Jhansi","1011.12","110.62","46.16","86.42","60.75","3.58","18.12","37.41","646.08","1111.41","172.02"
"211","2015","12","Uttar Pradesh","Jhansi","1011.12","110.56","46.23","91.67","62.24","3.57","22.51","66.26","605.63","921.04","152.08"
"211","2016","12","Uttar Pradesh","Jhansi","1011.12","110.56","46.2","92.33","61.25","3.57","25.24","62.75","607.27","982.64","161.81"
"211","2017","12","Uttar Pradesh","Jhansi","1011.12","110.56","46.19","92.61","51.49","3.86","27.83","68.3","608.31","989.27","162.63"
"211","2018","12","Uttar Pradesh","Jhansi","1011.12","111.45","46.18","92.68","47.63","3.86","34.02","62.3","606.16","986.74","162.78"
"211","2019","12","Uttar Pradesh","Jhansi","1011.12","111.45","45.1","96.95","47.81","3.86","34.99","56.63","607.48","761.86","125.41"
"211","2020","12","Uttar Pradesh","Jhansi","-1.0","-1.0","-1.0","-1.0","-1.0","-1.0","-1.0","-1.0","-1.0","-1.0","-1.0"
"213","2000","12","Uttar Pradesh","Jalaun","454.43","25.64","12.69","34.32","3.95","0.12","7.0","22.66","344.94","386.34","112.0"
"213","2001","12","Uttar Pradesh","Jalaun","454.43","25.64","12.58","34.79","3.53","0.1","7.06","18.18","348.34","390.1","111.99"
"213","2002","12","Uttar Pradesh","Jalaun","454.43","25.64","12.49","35.85","3.47","0.09","6.32","21.02","345.13","380.2","110.16"
"213","2003","12","Uttar Pradesh","Jalaun","454.43","25.64","12.21","36.3","2.24","0.1","6.54","19.1","348.45","437.21","125.47"
"213","2004","12","Uttar Pradesh","Jalaun","454.43","25.64","12.21","36.6","1.87","0.1","6.18","17.69","350.3","416.28","118.84"
"213","2005","12","Uttar Pradesh","Jalaun","454.43","28.18","11.97","37.36","1.77","0.13","6.08","18.56","348.62","412.27","118.26"
"213","2006","12","Uttar Pradesh","Jalaun","454.43","28.18","11.57","37.53","1.83","0.14","6.39","24.49","342.68","436.92","127.5"
"213","2007","12","Uttar Pradesh","Jalaun","454.43","28.18","11.87","38.55","1.85","0.14","6.08","48.59","317.65","428.5","134.9"
"213","2008","12","Uttar Pradesh","Jalaun","454.43","28.18","11.33","38.68","1.97","0.15","6.26","25.27","341.11","405.21","118.79"
"213","2009","12","Uttar Pradesh","Jalaun","454.43","28.18","11.25","38.84","1.93","0.14","6.3","17.7","348.56","426.97","122.5"
"213","2010","12","Uttar Pradesh","Jalaun","454.43","28.18","11.3","38.95","2.15","0.15","6.31","22.19","343.57","421.04","122.55"
"213","2011","12","Uttar Pradesh","Jalaun","454.43","28.18","9.8","39.02","1.48","0.16","6.84","20.66","346.7","409.54","118.13"
"213","2012","12","Uttar Pradesh","Jalaun","454.43","28.18","11.18","38.38","2.13","0.15","6.3","21.42","345.09","417.66","121.03"
"213","2013","12","Uttar Pradesh","Jalaun","454.43","28.18","9.03","39.05","1.65","0.15","5.68","17.99","351.16","412.04","117.34"
"213","2014","12","Uttar Pradesh","Jalaun","454.43","28.18","8.54","39.2","1.63","0.15","5.59","17.39","351.9","441.14","125.36"
"213","2015","12","Uttar Pradesh","Jalaun","454.43","28.18","8.54","40.7","1.63","0.15","6.57","23.79","343.05","457.04","133.23"
"213","2016","12","Uttar Pradesh","Jalaun","454.43","28.18","8.54","41.0","1.63","0.15","5.44","23.18","344.37","487.7","141.62"
"213","2017","12","Uttar Pradesh","Jalaun","454.43","28.18","8.54","41.15","1.63","0.1","5.93","22.09","344.62","480.55","139.44"
"213","2018","12","Uttar Pradesh","Jalaun","454.43","28.18","8.54","41.16","5.35","0.08","5.93","17.17","345.57","484.31","140.15"
"213","2019","12","Uttar Pradesh","Jalaun","454.43","28.18","8.54","43.3","5.07","0.08","6.11","17.94","342.77","485.78","141.72"
"213","2020","12","Uttar Pradesh","Jalaun","-1.0","-1.0","-1.0","-1.0","-1.0","-1.0","-1.0","-1.0","-1.0","-1.0","-1.0"
"214","2000","12","Uttar Pradesh","Hamirpur","715.9","38.97","19.54","56.26","17.83","0.71","12.2","25.14","543.49","609.18","112.09"
"214","2001","12","Uttar Pradesh","Hamirpur","715.9","38.97","18.94","65.19","17.17","0.81","10.97","26.83","535.34","597.04","111.53"
"214","2002","12","Uttar Pradesh","Hamirpur","715.9","38.97","18.45","65.44","16.19","0.82","10.7","26.95","536.44","589.55","109.9"
"214","2003","12","Uttar Pradesh","Hamirpur","717.06","39.51","17.45","65.98","15.99","0.89","8.45","20.51","547.09","644.55","117.81"
"214","2004","12","Uttar Pradesh","Hamirpur","717.61","39.51","17.67","67.45","15.23","0.82","8.21","28.81","539.02","649.28","120.46"
"214","2005","12","Uttar Pradesh","Hamirpur","717.61","39.73","17.62","68.33","15.15","0.83","8.08","30.24","536.71","610.12","113.68"
"214","2006","12","Uttar Pradesh","Hamirpur","717.61","39.73","17.96","68.82","15.27","0.92","7.87","38.09","527.89","601.9","114.02"
"214","2007","12","Uttar Pradesh","Hamirpur","718.3","40.19","17.46","70.1","15.85","0.95","8.41","120.1","443.97","515.03","116.01"
"214","2008","12","Uttar Pradesh","Hamirpur","718.3","40.68","17.36","70.29","15.55","0.96","8.17","53.72","510.15","599.73","117.56"
"214","2009","12","Uttar Pradesh","Hamirpur","718.3","40.68","17.35","70.82","15.47","0.96","8.65","36.3","526.77","707.76","134.36"
"214","2010","12","Uttar Pradesh","Hamirpur","718.3","40.68","17.49","71.54","14.61","0.97","8.33","36.34","526.91","667.29","126.64"
"214","2011","12","Uttar Pradesh","Hamirpur","718.3","40.69","14.97","71.72","18.84","0.98","11.23","28.54","529.86","664.85","125.48"
"214","2012","12","Uttar Pradesh","Hamirpur","718.3","40.22","17.32","71.68","14.5","0.97","8.32","35.07","528.84","663.13","125.39"
"214","2013","12","Uttar Pradesh","Hamirpur","718.3","40.22","15.78","71.9","15.54","0.98","11.24","29.28","531.83","690.54","129.84"
"214","2014","12","Uttar Pradesh","Hamirpur","718.3","40.15","15.78","72.03","15.52","1.05","8.85","31.54","532.04","715.49","134.48"
"214","2015","12","Uttar Pradesh","Hamirpur","718.3","40.16","15.77","72.7","15.52","1.04","11.95","116.33","443.53","550.32","124.08"
"214","2016","12","Uttar Pradesh","Hamirpur","718.3","40.16","15.74","73.18","15.51","1.04","9.14","59.08","503.08","662.35","131.66"
"214","2017","12","Uttar Pradesh","Hamirpur","718.29","40.95","15.74","73.4","12.32","1.05","12.44","66.82","494.11","661.82","133.94"
"214","2018","12","Uttar Pradesh","Hamirpur","718.29","40.93","15.74","73.49","12.25","1.05","16.8","64.99","491.82","665.66","135.35"
"214","2019","12","Uttar Pradesh","Hamirpur","718.29","40.93","16.06","75.44","12.25","1.05","14.88","34.1","522.36","758.07","145.12"
"214","2020","12","Uttar Pradesh","Hamirpur","-1.0","-1.0","-1.0","-1.0","-1.0","-1.0","-1.0","-1.0","-1.0","-1.0","-1.0"
"215","2000","12","Uttar Pradesh","Banda","779.38","94.26","33.74","46.07","23.76","0.46","23.41","40.47","513.73","620.75","120.83"
"215","2001","12","Uttar Pradesh","Banda","779.38","94.26","33.88","55.91","22.25","0.49","22.52","18.44","522.06","617.89","118.36"
"215","2002","12","Uttar Pradesh","Banda","779.38","94.26","33.22","56.18","22.01","0.47","21.12","28.5","514.11","596.1","115.95"
"215","2003","12","Uttar Pradesh","Banda","778.21","60.98","35.99","57.23","22.17","0.43","20.57","27.73","520.65","615.86","118.29"
"215","2004","12","Uttar Pradesh","Banda","777.67","60.98","35.57","57.74","22.0","0.4","21.25","24.78","525.32","623.5","118.69"
"215","2005","12","Uttar Pradesh","Banda","777.67","64.95","33.55","57.77","21.84","0.39","20.94","35.9","513.74","595.28","115.87"
"215","2006","12","Uttar Pradesh","Banda","777.85","65.15","33.57","58.77","21.94","0.44","20.08","30.37","519.96","597.28","114.87"
"215","2007","12","Uttar Pradesh","Banda","777.85","65.15","33.29","59.93","22.22","0.39","19.54","41.64","507.35","587.95","115.89"
"215","2008","12","Uttar Pradesh","Banda","777.85","65.16","33.26","60.6","22.41","0.39","19.49","31.92","516.62","608.27","117.74"
"215","2009","12","Uttar Pradesh","Banda","777.85","65.19","32.46","61.26","22.46","0.38","19.46","27.87","520.51","613.37","117.84"
"215","2010","12","Uttar Pradesh","Banda","777.85","65.19","32.06","62.49","22.33","0.43","19.27","27.93","520.53","620.47","119.2"
"215","2011","12","Uttar Pradesh","Banda","777.85","65.2","30.63","63.28","25.43","0.43","22.32","27.34","517.96","618.1","119.33"
"215","2012","12","Uttar Pradesh","Banda","777.85","65.2","31.74","70.67","22.15","0.43","19.25","26.95","514.2","611.89","119.0"
"215","2013","12","Uttar Pradesh","Banda","777.85","65.2","30.47","73.2","24.5","0.4","17.49","24.41","518.78","622.2","119.94"
"215","2014","12","Uttar Pradesh","Banda","777.85","64.96","30.47","73.31","23.43","0.56","11.96","21.88","527.95","655.68","124.19"
"215","2015","12","Uttar Pradesh","Banda","777.85","64.96","30.5","75.57","23.42","0.54","12.96","69.14","477.52","622.62","130.39"
"215","2016","12","Uttar Pradesh","Banda","777.85","64.96","30.19","76.0","23.17","0.54","11.21","44.84","503.91","660.03","130.98"
"215","2017","12","Uttar Pradesh","Banda","777.85","64.96","30.38","76.23","23.17","0.51","15.75","42.61","501.19","657.08","131.1"
"215","2018","12","Uttar Pradesh","Banda","777.85","86.56","28.57","76.33","23.13","0.47","25.23","36.95","498.61","646.45","129.65"
"215","2019","12","Uttar Pradesh","Banda","777.85","86.56","28.57","79.1","22.62","0.47","23.82","29.97","504.75","652.36","129.25"
"215","2020","12","Uttar Pradesh","Banda","-1.0","-1.0","-1.0","-1.0","-1.0","-1.0","-1.0","-1.0","-1.0","-1.0","-1.0"
"216","2000","12","Uttar Pradesh","Varanasi","508.75","78.16","9.44","59.86","4.67","0.48","12.29","14.93","323.44","503.16","155.57"
"216","2001","12","Uttar Pradesh","Varanasi","508.79","78.16","9.63","60.27","4.67","0.53","12.75","16.28","321.12","494.08","153.86"
"216","2002","12","Uttar Pradesh","Varanasi","508.78","78.16","9.55","60.0","4.53","0.55","10.38","19.68","320.44","501.01","156.35"
"216","2003","12","Uttar Pradesh","Varanasi","508.79","80.91","9.46","60.43","4.58","0.36","10.06","18.91","318.78","498.62","156.42"
"216","2004","12","Uttar Pradesh","Varanasi","508.8","80.44","8.5","63.91","4.73","0.32","9.1","35.06","301.64","492.95","163.42"
"216","2005","12","Uttar Pradesh","Varanasi","508.81","77.46","7.53","66.78","4.83","0.32","8.92","38.0","299.86","497.51","165.91"
"216","2006","12","Uttar Pradesh","Varanasi","509.07","77.46","7.51","67.52","4.63","0.34","8.55","37.01","301.17","517.43","171.81"
"216","2007","12","Uttar Pradesh","Varanasi","509.09","77.46","7.52","68.11","4.49","0.35","9.12","38.31","298.88","507.75","169.88"
"216","2008","12","Uttar Pradesh","Varanasi","509.09","77.46","7.22","68.83","3.92","0.36","9.15","38.6","298.71","502.4","168.19"
"216","2009","12","Uttar Pradesh","Varanasi","509.14","77.58","7.18","69.91","3.92","0.36","8.47","40.39","296.85","471.72","158.91"
"216","2010","12","Uttar Pradesh","Varanasi","509.15","77.56","7.16","70.52","3.84","0.35","8.44","39.46","297.53","492.75","165.61"
"216","2011","12","Uttar Pradesh","Varanasi","509.15","77.65","5.29","72.48","4.53","0.35","10.24","38.05","296.36","488.21","164.74"
"216","2012","12","Uttar Pradesh","Varanasi","509.15","77.56","7.09","69.73","3.8","0.35","8.43","38.09","299.87","500.43","166.88"
"216","2013","12","Uttar Pradesh","Varanasi","509.15","77.56","6.14","73.88","4.32","0.35","9.74","30.84","301.75","493.77","163.64"
"216","2014","12","Uttar Pradesh","Varanasi","509.15","77.56","6.17","74.8","4.18","0.33","8.87","28.89","303.77","503.6","165.78"
"216","2015","12","Uttar Pradesh","Varanasi","509.15","77.53","6.12","79.98","4.11","0.31","12.79","26.11","297.69","498.17","167.35"
"216","2016","12","Uttar Pradesh","Varanasi","509.15","77.53","6.1","80.82","4.14","0.33","12.21","27.19","296.45","498.11","168.02"
"216","2017","12","Uttar Pradesh","Varanasi","509.15","77.53","6.08","81.3","4.36","0.33","14.88","24.04","296.39","499.95","168.68"
"216","2018","12","Uttar Pradesh","Varanasi","509.15","77.53","6.08","81.47","4.36","0.33","15.02","23.75","296.36","499.88","168.67"
"216","2019","12","Uttar Pradesh","Varanasi","509.15","77.53","6.02","81.74","4.31","0.33","14.21","19.39","301.31","520.53","172.76"
"216","2020","12","Uttar Pradesh","Varanasi","-1.0","-1.0","-1.0","-1.0","-1.0","-1.0","-1.0","-1.0","-1.0","-1.0","-1.0"
"217","2000","12","Uttar Pradesh","Mirzapur","1133.47","471.35","26.58","86.89","28.32","1.12","29.99","23.89","410.45","583.29","142.11"
"217","2001","12","Uttar Pradesh","Mirzapur","1133.47","471.35","24.24","89.84","28.14","0.93","22.97","28.38","412.67","589.8","142.92"
"217","2002","12","Uttar Pradesh","Mirzapur","1133.47","471.35","22.14","91.12","27.37","1.11","22.86","44.68","397.45","549.33","138.21"
"217","2003","12","Uttar Pradesh","Mirzapur","1133.47","473.51","20.81","92.64","26.14","1.01","22.79","51.18","392.24","596.5","152.08"
"217","2004","12","Uttar Pradesh","Mirzapur","1133.47","473.51","19.68","93.18","26.34","0.75","22.68","75.15","368.86","498.42","135.12"
"217","2005","12","Uttar Pradesh","Mirzapur","1133.47","442.85","19.05","95.82","24.71","0.75","22.86","112.9","331.2","434.11","131.07"
"217","2006","12","Uttar Pradesh","Mirzapur","1133.47","442.85","19.08","97.32","24.7","0.75","23.17","99.11","343.08","474.82","138.4"
"217","2007","12","Uttar Pradesh","Mirzapur","1133.47","442.25","20.09","99.43","25.24","0.75","25.91","104.01","330.2","448.46","135.81"
"217","2008","12","Uttar Pradesh","Mirzapur","1133.47","434.98","20.08","100.74","27.26","0.75","28.07","83.96","350.21","460.78","131.57"
"217","2009","12","Uttar Pradesh","Mirzapur","1133.47","434.98","18.78","101.76","27.06","0.75","28.51","90.17","343.77","418.31","121.68"
"217","2010","12","Uttar Pradesh","Mirzapur","1133.47","434.98","18.28","102.78","27.06","0.75","30.32","84.77","346.14","435.15","125.72"
"217","2011","12","Uttar Pradesh","Mirzapur","1133.47","434.98","18.16","104.01","24.11","0.75","31.2","73.81","357.17","452.75","126.76"
"217","2012","12","Uttar Pradesh","Mirzapur","1133.47","434.96","18.08","115.72","26.85","0.75","30.29","81.81","337.8","435.05","128.79"
"217","2013","12","Uttar Pradesh","Mirzapur","1133.47","434.96","21.22","115.92","24.84","0.75","32.42","92.72","337.04","430.27","127.66"
"217","2014","12","Uttar Pradesh","Mirzapur","1133.47","435.1","21.22","116.1","23.84","0.72","31.09","73.43","371.67","502.07","135.08"
"217","2015","12","Uttar Pradesh","Mirzapur","1133.47","435.05","21.21","117.2","20.28","0.71","22.17","65.27","400.85","555.31","138.53"
"217","2016","12","Uttar Pradesh","Mirzapur","1133.47","435.05","21.19","117.79","20.46","0.71","21.49","65.78","400.43","624.73","156.01"
"217","2017","12","Uttar Pradesh","Mirzapur","1133.47","435.17","21.13","118.04","22.44","0.65","18.84","62.92","403.35","622.28","154.28"
"217","2018","12","Uttar Pradesh","Mirzapur","1133.47","464.54","21.13","118.16","22.4","0.65","17.16","39.52","403.44","623.74","154.61"
"217","2019","12","Uttar Pradesh","Mirzapur","1133.47","518.9","20.19","98.8","22.5","0.65","15.98","32.82","396.86","647.52","163.16"
"217","2020","12","Uttar Pradesh","Mirzapur","-1.0","-1.0","-1.0","-1.0","-1.0","-1.0","-1.0","-1.0","-1.0","-1.0","-1.0"
"218","2000","12","Uttar Pradesh","Jaunpur","399.71","0.06","7.07","44.22","8.09","1.5","16.83","25.21","291.3","446.09","153.14"
"218","2001","12","Uttar Pradesh","Jaunpur","399.71","0.06","7.04","44.25","7.31","1.5","14.54","22.04","297.91","450.6","151.25"
"218","2002","12","Uttar Pradesh","Jaunpur","399.71","0.06","7.24","45.26","7.8","1.41","21.97","34.64","276.34","427.99","154.88"
"218","2003","12","Uttar Pradesh","Jaunpur","399.71","0.06","7.09","45.31","7.5","1.44","21.12","37.7","274.66","441.98","160.92"
"218","2004","12","Uttar Pradesh","Jaunpur","399.71","0.06","7.06","45.34","7.98","1.37","20.95","33.04","279.07","443.4","158.88"
"218","2005","12","Uttar Pradesh","Jaunpur","399.71","0.06","6.98","45.42","7.99","1.36","20.54","33.68","278.88","452.53","162.27"
"218","2006","12","Uttar Pradesh","Jaunpur","399.71","0.06","6.97","45.45","7.99","1.36","20.51","33.48","279.09","454.94","163.01"
"218","2007","12","Uttar Pradesh","Jaunpur","399.71","0.06","6.94","45.51","7.96","1.34","20.5","33.52","279.05","464.32","166.39"
"218","2008","12","Uttar Pradesh","Jaunpur","399.71","0.06","6.93","45.63","7.93","1.34","20.29","34.41","278.38","469.2","168.55"
"218","2009","12","Uttar Pradesh","Jaunpur","399.71","0.1","6.91","45.94","7.59","1.34","20.2","34.37","278.53","461.3","165.62"
"218","2010","12","Uttar Pradesh","Jaunpur","399.71","0.06","6.81","46.09","7.87","1.34","20.13","34.23","278.54","470.18","168.8"
"218","2011","12","Uttar Pradesh","Jaunpur","399.71","0.0","6.9","47.87","7.85","1.34","18.61","33.84","278.66","470.76","168.94"
"218","2012","12","Uttar Pradesh","Jaunpur","399.71","0.26","6.74","47.05","7.81","1.34","20.11","33.04","278.78","470.81","168.88"
"218","2013","12","Uttar Pradesh","Jaunpur","399.71","0.26","6.87","47.9","7.81","1.34","19.01","32.9","278.95","471.03","168.86"
"218","2014","12","Uttar Pradesh","Jaunpur","399.71","0.26","6.86","47.91","7.79","1.34","21.04","32.66","277.19","468.85","169.14"
"218","2015","12","Uttar Pradesh","Jaunpur","399.71","0.43","6.84","50.05","8.78","1.33","23.87","26.41","276.38","469.68","169.94"
"218","2016","12","Uttar Pradesh","Jaunpur","399.71","0.43","6.84","50.38","8.78","1.33","23.67","26.46","276.23","499.47","180.82"
"218","2017","12","Uttar Pradesh","Jaunpur","399.71","0.43","6.84","50.52","10.0","1.43","24.89","26.53","276.22","499.48","180.83"
"218","2018","12","Uttar Pradesh","Jaunpur","399.71","0.43","6.84","50.59","10.0","1.43","24.84","26.53","276.21","499.46","180.83"
"218","2019","12","Uttar Pradesh","Jaunpur","399.71","0.43","6.89","52.57","10.04","1.43","24.19","26.53","274.78","496.91","180.84"
"218","2020","12","Uttar Pradesh","Jaunpur","-1.0","-1.0","-1.0","-1.0","-1.0","-1.0","-1.0","-1.0","-1.0","-1.0","-1.0"
"219","2000","12","Uttar Pradesh","Ghazipur","333.21","0.0","4.77","39.46","4.34","0.9","4.96","11.81","263.38","404.25","153.49"
"219","2001","12","Uttar Pradesh","Ghazipur","333.21","0.0","4.8","44.16","3.61","0.84","4.96","14.22","257.1","414.87","161.37"
"219","2002","12","Uttar Pradesh","Ghazipur","333.21","0.0","4.0","43.54","3.66","0.82","4.8","16.45","256.47","410.82","160.18"
"219","2003","12","Uttar Pradesh","Ghazipur","333.21","4.25","3.51","43.55","3.7","0.87","3.55","14.58","254.79","414.58","162.71"
"219","2004","12","Uttar Pradesh","Ghazipur","333.22","4.32","3.06","45.53","3.83","0.81","3.48","15.64","253.21","412.68","162.98"
"219","2005","12","Uttar Pradesh","Ghazipur","333.21","0.12","3.0","48.55","3.64","0.81","3.74","15.7","254.26","415.08","163.25"
"219","2006","12","Uttar Pradesh","Ghazipur","333.21","0.12","3.04","48.66","3.6","0.82","3.62","15.67","254.31","415.44","163.36"
"219","2007","12","Uttar Pradesh","Ghazipur","333.21","0.12","3.02","48.67","3.54","0.8","3.64","15.34","254.71","411.73","161.65"
"219","2008","12","Uttar Pradesh","Ghazipur","333.21","0.12","3.01","48.8","3.56","0.81","3.45","15.56","254.51","412.12","161.93"
"219","2009","12","Uttar Pradesh","Ghazipur","333.21","0.12","2.98","49.12","3.54","0.81","3.2","15.74","254.3","406.87","160.0"
"219","2010","12","Uttar Pradesh","Ghazipur","333.21","0.12","2.79","49.54","3.44","0.81","3.12","16.33","253.68","409.99","161.62"
"219","2011","12","Uttar Pradesh","Ghazipur","333.21","0.12","2.32","49.66","3.28","0.8","3.19","16.54","253.85","409.18","161.19"
"219","2012","12","Uttar Pradesh","Ghazipur","333.21","0.12","2.76","49.9","3.41","0.81","3.11","15.76","254.0","409.18","161.09"
"219","2013","12","Uttar Pradesh","Ghazipur","333.21","0.12","2.99","50.03","3.14","0.81","3.65","15.23","254.01","405.06","159.47"
"219","2014","12","Uttar Pradesh","Ghazipur","333.21","0.12","2.99","50.05","3.11","0.63","3.6","13.59","255.72","420.18","164.31"
"219","2015","12","Uttar Pradesh","Ghazipur","333.21","0.12","2.96","50.75","3.09","0.62","2.83","9.69","259.78","410.11","157.87"
"219","2016","12","Uttar Pradesh","Ghazipur","333.21","0.11","2.95","50.98","3.09","0.63","4.86","8.35","258.88","442.29","170.85"
"219","2017","12","Uttar Pradesh","Ghazipur","333.21","0.11","2.95","51.12","3.35","0.63","2.5","9.2","258.88","445.44","172.06"
"219","2018","12","Uttar Pradesh","Ghazipur","333.21","0.11","2.95","51.2","3.16","1.39","2.5","7.86","259.57","449.39","173.13"
"219","2019","12","Uttar Pradesh","Ghazipur","333.21","0.11","2.95","50.72","3.11","1.39","2.2","7.77","260.49","446.23","171.3"
"219","2020","12","Uttar Pradesh","Ghazipur","-1.0","-1.0","-1.0","-1.0","-1.0","-1.0","-1.0","-1.0","-1.0","-1.0","-1.0"
"220","2000","12","Uttar Pradesh","Ballia","299.27","0.0","11.8","40.84","1.22","0.13","5.78","14.21","219.63","348.56","158.7"
"220","2001","12","Uttar Pradesh","Ballia","299.27","0.0","11.23","42.99","1.25","0.09","4.76","17.66","215.49","346.08","160.6"
"220","2002","12","Uttar Pradesh","Ballia","299.27","0.0","10.74","42.64","1.57","0.1","4.97","15.15","217.84","348.01","159.75"
"220","2003","12","Uttar Pradesh","Ballia","299.27","0.0","9.79","43.36","1.52","0.09","4.4","15.07","218.74","356.34","162.91"
"220","2004","12","Uttar Pradesh","Ballia","299.27","0.0","9.2","44.14","1.59","0.14","4.55","11.14","222.54","360.75","162.11"
"220","2005","12","Uttar Pradesh","Ballia","299.27","0.0","8.9","44.21","1.46","0.14","4.51","11.85","222.07","348.19","156.79"
"220","2006","12","Uttar Pradesh","Ballia","299.27","0.0","8.92","44.36","1.5","0.14","4.33","12.78","221.17","351.68","159.01"
"220","2007","12","Uttar Pradesh","Ballia","299.27","0.03","9.04","44.39","1.52","0.14","4.48","10.25","223.7","354.57","158.5"
"220","2008","12","Uttar Pradesh","Ballia","299.27","0.03","9.04","44.66","1.41","0.16","4.5","16.37","217.44","326.05","149.95"
"220","2009","12","Uttar Pradesh","Ballia","299.27","0.03","9.33","45.01","1.42","0.11","4.41","11.98","221.99","344.79","155.32"
"220","2010","12","Uttar Pradesh","Ballia","299.27","0.03","9.31","45.57","1.34","0.11","4.07","13.38","220.53","349.5","158.48"
"220","2011","12","Uttar Pradesh","Ballia","299.27","0.07","6.67","45.82","1.31","0.11","4.53","15.71","220.15","349.49","158.75"
"220","2012","12","Uttar Pradesh","Ballia","299.27","0.07","9.22","47.1","1.33","0.11","4.07","12.92","219.6","348.34","158.62"
"220","2013","12","Uttar Pradesh","Ballia","299.27","0.08","9.49","47.12","1.2","0.1","3.23","16.33","216.98","341.38","157.33"
"220","2014","12","Uttar Pradesh","Ballia","299.27","0.08","9.35","47.15","1.19","0.1","4.91","18.33","213.64","340.66","159.46"
"220","2015","12","Uttar Pradesh","Ballia","299.27","0.08","4.35","47.15","1.18","0.09","13.89","22.19","208.86","354.57","169.76"
"220","2016","12","Uttar Pradesh","Ballia","299.27","0.08","4.35","47.59","1.15","0.09","4.81","19.84","216.86","354.6","163.52"
"220","2017","12","Uttar Pradesh","Ballia","299.26","0.08","4.32","47.71","1.18","0.09","10.12","13.13","216.84","353.84","163.18"
"220","2018","12","Uttar Pradesh","Ballia","299.26","0.08","4.32","47.75","1.15","0.65","10.49","12.19","216.84","353.84","163.18"
"220","2019","12","Uttar Pradesh","Ballia","299.26","0.08","4.32","47.84","1.15","0.65","10.4","12.19","216.84","353.84","163.18"
"220","2020","12","Uttar Pradesh","Ballia","-1.0","-1.0","-1.0","-1.0","-1.0","-1.0","-1.0","-1.0","-1.0","-1.0","-1.0"
"221","2000","12","Uttar Pradesh","Gorakhpur","626.13","51.22","6.24","70.14","5.17","0.32","11.79","12.32","464.88","738.7","158.9"
"221","2001","12","Uttar Pradesh","Gorakhpur","625.89","51.22","6.79","71.54","5.02","0.36","11.83","17.09","457.22","749.18","163.86"
"221","2002","12","Uttar Pradesh","Gorakhpur","625.89","51.22","6.41","72.79","5.03","0.36","10.61","19.49","455.1","744.18","163.52"
"221","2003","12","Uttar Pradesh","Gorakhpur","625.87","51.12","6.84","73.76","5.28","0.42","9.84","19.74","453.83","747.62","164.74"
"221","2004","12","Uttar Pradesh","Gorakhpur","625.71","50.96","6.52","74.18","4.24","0.42","9.53","20.25","454.76","749.36","164.78"
"221","2005","12","Uttar Pradesh","Gorakhpur","625.71","50.65","6.34","74.78","4.08","0.42","9.65","20.7","454.23","748.39","164.76"
"221","2006","12","Uttar Pradesh","Gorakhpur","625.71","56.02","5.26","75.5","2.89","0.4","7.92","22.33","452.27","745.61","164.86"
"221","2007","12","Uttar Pradesh","Gorakhpur","625.87","56.02","5.32","76.7","2.82","0.4","7.97","22.51","450.98","741.17","164.35"
"221","2008","12","Uttar Pradesh","Gorakhpur","625.77","56.02","5.32","77.19","2.71","0.38","7.85","23.45","449.85","735.72","163.55"
"221","2009","12","Uttar Pradesh","Gorakhpur","625.77","56.37","5.4","77.71","2.6","0.41","7.64","22.3","450.34","742.61","164.9"
"221","2010","12","Uttar Pradesh","Gorakhpur","625.77","56.37","5.19","78.0","2.48","0.42","7.58","27.4","445.38","737.53","165.6"
"221","2011","12","Uttar Pradesh","Gorakhpur","625.77","56.37","4.74","78.54","2.52","0.38","9.45","24.28","446.44","742.92","166.41"
"221","2012","12","Uttar Pradesh","Gorakhpur","625.77","56.24","5.14","76.81","2.46","0.42","7.58","26.45","447.79","740.44","165.35"
"221","2013","12","Uttar Pradesh","Gorakhpur","625.77","56.24","5.55","79.05","5.72","0.39","8.94","19.74","447.19","740.2","165.52"
"221","2014","12","Uttar Pradesh","Gorakhpur","625.77","56.11","5.55","79.12","5.88","0.38","8.67","25.18","441.83","740.76","167.66"
"221","2015","12","Uttar Pradesh","Gorakhpur","625.77","56.11","5.55","82.22","5.85","0.35","13.07","22.27","437.35","771.38","176.38"
"221","2016","12","Uttar Pradesh","Gorakhpur","625.77","56.11","5.41","82.95","5.76","0.37","12.87","22.12","437.21","771.15","176.38"
"221","2017","12","Uttar Pradesh","Gorakhpur","625.76","56.11","5.38","83.28","6.79","0.46","14.83","17.87","437.2","757.83","173.34"
"221","2018","12","Uttar Pradesh","Gorakhpur","625.76","56.11","5.38","83.52","6.76","0.46","14.61","16.78","437.14","757.64","173.32"
"221","2019","12","Uttar Pradesh","Gorakhpur","625.76","56.11","5.38","89.78","6.76","0.46","15.58","18.25","428.43","772.3","180.27"
"221","2020","12","Uttar Pradesh","Gorakhpur","-1.0","-1.0","-1.0","-1.0","-1.0","-1.0","-1.0","-1.0","-1.0","-1.0","-1.0"
"222","2000","12","Uttar Pradesh","Deoria","540.51","1.08","9.35","73.18","4.03","0.23","5.85","15.32","422.92","649.12","153.49"
"222","2001","12","Uttar Pradesh","Deoria","540.51","1.08","9.46","75.73","3.94","0.35","5.82","17.11","418.68","653.06","155.98"
"222","2002","12","Uttar Pradesh","Deoria","540.51","1.08","9.4","76.76","3.96","0.37","5.13","16.28","419.45","654.19","155.96"
"222","2003","12","Uttar Pradesh","Deoria","540.69","1.08","7.4","78.31","3.61","0.57","4.63","15.08","422.93","668.26","158.01"
"222","2004","12","Uttar Pradesh","Deoria","540.85","1.08","6.21","82.47","3.31","0.41","3.9","14.34","421.72","670.36","158.96"
"222","2005","12","Uttar Pradesh","Deoria","540.85","1.08","6.35","82.64","3.54","0.48","3.64","12.58","422.99","662.05","156.52"
"222","2006","12","Uttar Pradesh","Deoria","540.85","1.08","6.12","83.03","3.63","0.41","3.74","15.15","420.59","661.36","157.25"
"222","2007","12","Uttar Pradesh","Deoria","540.85","1.08","6.17","83.61","3.68","0.42","3.68","20.08","415.16","653.76","157.47"
"222","2008","12","Uttar Pradesh","Deoria","540.85","1.08","6.0","83.79","3.68","0.42","3.6","21.94","413.33","656.26","158.77"
"222","2009","12","Uttar Pradesh","Deoria","540.85","1.08","5.6","84.14","3.7","0.42","3.67","14.49","420.76","661.36","157.18"
"222","2010","12","Uttar Pradesh","Deoria","540.85","1.08","5.61","84.33","3.72","0.43","3.53","11.88","423.38","659.88","155.86"
"222","2011","12","Uttar Pradesh","Deoria","543.55","1.08","4.58","84.42","4.2","0.76","6.43","13.22","421.64","671.53","159.27"
"222","2012","12","Uttar Pradesh","Deoria","540.85","1.08","5.56","85.51","3.68","0.43","3.53","11.47","422.8","667.02","157.76"
"222","2013","12","Uttar Pradesh","Deoria","540.85","1.08","4.56","85.63","4.23","0.76","3.25","13.12","421.05","671.18","159.41"
"222","2014","12","Uttar Pradesh","Deoria","540.85","1.08","4.56","85.72","4.2","0.38","3.52","13.57","420.33","656.71","156.24"
"222","2015","12","Uttar Pradesh","Deoria","540.85","1.08","4.55","87.17","4.18","0.38","9.58","12.66","413.34","669.37","161.94"
"222","2016","12","Uttar Pradesh","Deoria","540.85","1.08","4.46","87.52","4.13","0.38","8.87","13.69","413.34","669.38","161.94"
"222","2017","12","Uttar Pradesh","Deoria","540.85","1.08","4.39","87.8","4.28","0.45","10.82","12.46","413.33","669.38","161.95"
"222","2018","12","Uttar Pradesh","Deoria","540.85","1.08","4.38","88.03","4.28","0.45","11.92","11.17","413.33","669.39","161.95"
"222","2019","12","Uttar Pradesh","Deoria","540.85","1.09","4.38","93.78","4.28","0.45","14.99","14.3","401.37","708.59","176.54"
"222","2020","12","Uttar Pradesh","Deoria","-1.0","-1.0","-1.0","-1.0","-1.0","-1.0","-1.0","-1.0","-1.0","-1.0","-1.0"
"223","2000","12","Uttar Pradesh","Basti","749.57","9.17","9.36","89.95","10.19","1.76","9.37","19.71","586.11","823.15","140.44"
"223","2001","12","Uttar Pradesh","Basti","749.65","9.17","9.47","94.15","10.5","1.78","10.07","27.48","572.52","832.36","145.39"
"223","2002","12","Uttar Pradesh","Basti","749.66","9.17","9.85","95.78","10.13","1.63","9.71","37.42","561.95","863.51","153.66"
"223","2003","12","Uttar Pradesh","Basti","749.66","12.16","9.36","98.26","10.29","1.64","9.23","28.69","562.52","860.82","153.03"
"223","2004","12","Uttar Pradesh","Basti","749.66","12.16","8.65","98.65","10.14","1.44","9.99","26.2","566.32","865.62","152.85"
"223","2005","12","Uttar Pradesh","Basti","749.66","12.16","8.43","98.99","9.87","1.5","9.79","26.96","565.78","889.73","157.26"
"223","2006","12","Uttar Pradesh","Basti","749.66","12.16","8.54","101.11","9.95","1.15","9.29","25.23","567.26","903.17","159.22"
"223","2007","12","Uttar Pradesh","Basti","749.66","12.16","8.51","102.24","9.82","1.22","9.27","20.83","570.66","863.39","151.3"
"223","2008","12","Uttar Pradesh","Basti","749.66","12.19","8.26","102.83","9.72","1.22","9.42","22.04","569.47","864.22","151.76"
"223","2009","12","Uttar Pradesh","Basti","749.66","12.17","8.45","103.43","9.62","1.2","9.92","25.15","565.97","846.45","149.56"
"223","2010","12","Uttar Pradesh","Basti","749.66","12.44","8.25","104.29","9.67","1.45","8.94","25.19","565.91","846.51","149.58"
"223","2011","12","Uttar Pradesh","Basti","749.66","12.44","8.09","107.43","9.71","1.44","7.87","22.77","565.88","832.76","147.16"
"223","2012","12","Uttar Pradesh","Basti","749.66","12.44","8.17","106.55","9.6","1.45","8.92","24.31","564.85","850.12","150.5"
"223","2013","12","Uttar Pradesh","Basti","749.66","12.44","8.06","108.16","9.1","1.44","9.66","22.74","565.87","845.81","149.47"
"223","2014","12","Uttar Pradesh","Basti","749.66","12.45","7.93","108.24","8.28","1.44","9.02","23.4","568.64","827.47","145.52"
"223","2015","12","Uttar Pradesh","Basti","749.66","12.44","7.9","110.34","8.76","1.42","20.3","35.93","541.4","878.18","162.21"
"223","2016","12","Uttar Pradesh","Basti","749.66","12.44","7.56","111.42","8.13","1.42","19.8","37.14","540.86","938.44","173.51"
"223","2017","12","Uttar Pradesh","Basti","749.66","12.43","7.53","111.66","9.15","1.53","15.84","36.64","540.77","933.33","172.59"
"223","2018","12","Uttar Pradesh","Basti","749.66","12.16","7.53","111.84","9.15","2.3","15.85","33.76","541.03","932.94","172.44"
"223","2019","12","Uttar Pradesh","Basti","749.66","12.16","7.53","116.44","9.15","2.3","14.77","30.76","540.5","996.39","184.34"
"223","2020","12","Uttar Pradesh","Basti","-1.0","-1.0","-1.0","-1.0","-1.0","-1.0","-1.0","-1.0","-1.0","-1.0","-1.0"
"224","2000","12","Uttar Pradesh","Azamgarh","595.62","0.67","9.62","75.19","8.3","1.55","13.21","41.88","432.28","718.08","166.11"
"224","2001","12","Uttar Pradesh","Azamgarh","595.61","0.67","9.77","78.0","8.45","1.62","13.93","45.79","425.38","711.04","167.15"
"224","2002","12","Uttar Pradesh","Azamgarh","595.64","0.67","9.61","78.69","8.31","1.67","14.3","49.43","422.84","683.18","161.57"
"224","2003","12","Uttar Pradesh","Azamgarh","595.64","0.67","7.93","79.84","8.14","1.59","13.11","48.28","426.09","714.33","167.65"
"224","2004","12","Uttar Pradesh","Azamgarh","595.64","0.67","8.42","80.29","8.61","1.53","13.08","44.32","428.61","714.49","166.7"
"224","2005","12","Uttar Pradesh","Azamgarh","595.64","0.67","8.4","81.53","8.59","1.52","11.45","47.22","426.06","722.53","169.58"
"224","2006","12","Uttar Pradesh","Azamgarh","595.68","0.67","8.64","82.11","8.67","1.59","10.34","46.03","427.37","722.7","169.1"
"224","2007","12","Uttar Pradesh","Azamgarh","595.68","0.67","8.39","82.59","8.37","1.59","10.48","45.28","428.14","732.78","171.15"
"224","2008","12","Uttar Pradesh","Azamgarh","595.68","0.67","8.61","83.02","8.52","1.58","10.23","45.56","427.99","730.67","170.72"
"224","2009","12","Uttar Pradesh","Azamgarh","595.68","0.67","8.6","83.7","8.68","1.55","10.26","47.6","425.27","701.56","164.97"
"224","2010","12","Uttar Pradesh","Azamgarh","595.68","0.67","8.51","84.29","8.57","1.56","9.85","47.95","425.05","713.09","167.77"
"224","2011","12","Uttar Pradesh","Azamgarh","595.68","0.67","8.58","86.37","9.25","1.54","9.59","44.65","425.78","709.51","166.64"
"224","2012","12","Uttar Pradesh","Azamgarh","595.68","0.67","8.42","84.7","8.5","1.56","9.84","46.27","426.59","713.02","167.14"
"224","2013","12","Uttar Pradesh","Azamgarh","595.68","0.67","8.76","86.82","8.77","1.55","11.01","46.65","422.14","721.17","170.84"
"224","2014","12","Uttar Pradesh","Azamgarh","595.68","0.67","8.74","86.96","8.88","1.54","14.89","48.07","416.3","698.11","167.69"
"224","2015","12","Uttar Pradesh","Azamgarh","595.68","0.68","8.72","88.76","9.35","1.53","15.87","53.74","406.96","704.13","173.02"
"224","2016","12","Uttar Pradesh","Azamgarh","595.68","0.68","8.52","89.35","8.81","1.53","20.0","50.39","406.96","704.58","173.13"
"224","2017","12","Uttar Pradesh","Azamgarh","595.68","0.68","8.47","89.74","8.81","1.6","21.45","49.26","406.63","704.34","173.22"
"224","2018","12","Uttar Pradesh","Azamgarh","595.68","0.68","8.47","89.97","8.79","1.6","22.16","48.56","406.77","705.18","173.36"
"224","2019","12","Uttar Pradesh","Azamgarh","595.68","0.68","8.48","90.83","8.79","1.6","22.14","47.81","406.79","714.25","175.59"
"224","2020","12","Uttar Pradesh","Azamgarh","-1.0","-1.0","-1.0","-1.0","-1.0","-1.0","-1.0","-1.0","-1.0","-1.0","-1.0"
"225","2000","12","Uttar Pradesh","Lucknow","251.85","20.97","9.04","23.9","7.19","3.13","14.97","29.54","142.19","223.73","157.35"
"225","2001","12","Uttar Pradesh","Lucknow","251.85","20.97","8.96","27.28","7.73","3.1","14.16","26.74","139.77","215.81","154.4"
"225","2002","12","Uttar Pradesh","Lucknow","251.85","20.97","8.98","27.2","7.32","3.1","25.44","22.27","133.61","199.73","149.49"
"225","2003","12","Uttar Pradesh","Lucknow","252.1","11.61","8.84","37.47","7.23","3.1","25.43","17.09","138.11","208.43","150.92"
"225","2004","12","Uttar Pradesh","Lucknow","251.85","11.73","8.63","40.61","7.58","3.15","24.73","15.1","138.15","218.22","157.96"
"225","2005","12","Uttar Pradesh","Lucknow","251.85","13.08","7.32","44.64","6.42","3.15","21.96","12.73","140.48","215.65","153.51"
"225","2006","12","Uttar Pradesh","Lucknow","253.3","13.08","7.67","46.16","6.57","3.21","21.46","7.68","145.41","217.52","149.59"
"225","2007","12","Uttar Pradesh","Lucknow","251.59","13.08","13.65","48.2","6.21","3.04","20.78","11.43","139.66","215.95","154.63"
"225","2008","12","Uttar Pradesh","Lucknow","251.59","13.08","6.88","49.03","6.11","3.07","20.08","14.69","136.46","208.98","153.14"
"225","2009","12","Uttar Pradesh","Lucknow","251.6","13.08","6.74","50.09","5.62","3.09","19.98","14.4","136.6","205.16","150.19"
"225","2010","12","Uttar Pradesh","Lucknow","251.6","13.09","6.68","51.01","5.59","3.07","19.19","14.92","136.08","211.23","155.22"
"225","2011","12","Uttar Pradesh","Lucknow","251.6","12.0","6.78","55.01","5.5","3.05","15.36","16.22","135.74","209.65","154.45"
"225","2012","12","Uttar Pradesh","Lucknow","251.6","12.0","6.61","50.5","5.55","3.07","19.17","14.4","138.36","207.68","150.1"
"225","2013","12","Uttar Pradesh","Lucknow","251.6","12.0","6.55","55.13","4.92","3.07","18.06","12.15","137.8","203.26","147.5"
"225","2014","12","Uttar Pradesh","Lucknow","251.6","12.0","6.55","55.99","4.92","3.08","18.11","13.54","135.41","202.44","149.5"
"225","2015","12","Uttar Pradesh","Lucknow","251.6","12.0","6.51","58.35","4.91","3.07","18.08","12.34","134.34","205.44","152.93"
"225","2016","12","Uttar Pradesh","Lucknow","251.6","12.0","6.35","58.78","4.81","3.08","17.92","12.35","134.34","205.49","152.96"
"225","2017","12","Uttar Pradesh","Lucknow","251.6","12.0","6.34","59.21","4.81","3.1","17.88","12.31","133.88","198.97","148.62"
"225","2018","12","Uttar Pradesh","Lucknow","251.6","12.0","6.34","59.44","4.81","3.1","18.6","12.33","132.91","197.76","148.79"
"225","2019","12","Uttar Pradesh","Lucknow","251.6","12.0","6.34","70.17","4.81","3.1","18.65","12.75","121.71","198.49","163.08"
"225","2020","12","Uttar Pradesh","Lucknow","-1.0","-1.0","-1.0","-1.0","-1.0","-1.0","-1.0","-1.0","-1.0","-1.0","-1.0"
"226","2000","12","Uttar Pradesh","Unnao","454.68","16.7","15.13","36.77","14.66","3.43","31.86","33.37","298.49","438.16","146.79"
"226","2001","12","Uttar Pradesh","Unnao","454.68","16.7","13.51","39.88","15.16","3.42","33.49","31.7","296.63","455.46","153.54"
"226","2002","12","Uttar Pradesh","Unnao","454.68","16.7","13.13","43.09","14.99","3.34","31.27","36.17","291.3","405.82","139.31"
"226","2003","12","Uttar Pradesh","Unnao","454.63","16.93","12.98","47.63","13.18","3.45","29.27","31.31","296.71","455.75","153.6"
"226","2004","12","Uttar Pradesh","Unnao","459.18","17.15","12.22","48.36","12.86","3.41","28.44","29.14","304.25","473.09","155.49"
"226","2005","12","Uttar Pradesh","Unnao","459.18","16.93","12.05","51.53","11.63","3.39","26.64","33.39","300.24","469.85","156.49"
"226","2006","12","Uttar Pradesh","Unnao","460.28","16.93","12.08","52.79","11.97","3.29","26.63","31.25","302.17","468.99","155.21"
"226","2007","12","Uttar Pradesh","Unnao","460.28","16.93","1.05","53.67","12.01","3.31","26.44","28.06","304.56","476.81","156.56"
"226","2008","12","Uttar Pradesh","Unnao","460.28","16.98","12.27","53.8","12.48","3.33","26.49","26.22","305.72","479.65","156.89"
"226","2009","12","Uttar Pradesh","Unnao","460.28","16.98","12.1","54.01","11.72","3.34","27.15","27.14","305.1","451.39","147.95"
"226","2010","12","Uttar Pradesh","Unnao","460.22","16.98","12.01","54.68","11.52","3.39","27.05","26.67","305.44","478.65","156.71"
"226","2011","12","Uttar Pradesh","Unnao","460.22","16.98","11.66","55.36","11.02","3.44","23.05","27.02","308.98","493.61","159.75"
"226","2012","12","Uttar Pradesh","Unnao","460.22","16.98","11.89","49.05","11.43","3.39","27.02","25.74","312.28","495.46","158.66"
"226","2013","12","Uttar Pradesh","Unnao","460.22","17.0","11.54","55.46","10.48","3.45","22.65","23.18","313.83","499.97","159.31"
"226","2014","12","Uttar Pradesh","Unnao","460.22","17.0","11.54","55.68","10.17","3.47","22.39","24.98","312.21","492.25","157.67"
"226","2015","12","Uttar Pradesh","Unnao","460.22","16.98","11.52","56.48","10.16","3.47","22.37","22.29","314.19","499.63","159.02"
"226","2016","12","Uttar Pradesh","Unnao","460.22","16.98","11.42","56.72","10.43","3.47","20.14","23.5","314.84","503.26","159.85"
"226","2017","12","Uttar Pradesh","Unnao","460.22","16.98","11.4","57.08","10.63","3.51","19.07","24.5","314.83","507.61","161.23"
"226","2018","12","Uttar Pradesh","Unnao","460.22","16.98","11.4","57.18","10.63","3.51","18.92","24.5","314.88","507.81","161.27"
"226","2019","12","Uttar Pradesh","Unnao","460.22","16.79","11.4","60.47","10.63","3.51","19.4","25.44","310.38","511.52","164.81"
"226","2020","12","Uttar Pradesh","Unnao","-1.0","-1.0","-1.0","-1.0","-1.0","-1.0","-1.0","-1.0","-1.0","-1.0","-1.0"
"227","2000","12","Uttar Pradesh","Rae-Bareily","456.27","4.49","20.51","46.84","19.04","3.52","26.77","18.21","291.21","417.35","143.32"
"227","2001","12","Uttar Pradesh","Rae-Bareily","456.27","4.49","18.94","51.63","19.4","3.35","26.83","32.03","273.7","421.39","153.96"
"227","2002","12","Uttar Pradesh","Rae-Bareily","456.27","4.49","16.63","52.3","17.68","3.51","26.59","46.2","263.0","387.99","147.53"
"227","2003","12","Uttar Pradesh","Rae-Bareily","456.07","5.29","14.98","52.3","16.86","3.58","26.98","41.72","268.37","417.8","155.68"
"227","2004","12","Uttar Pradesh","Rae-Bareily","455.91","5.29","14.66","56.68","16.94","3.49","27.15","34.38","271.41","419.52","154.57"
"227","2005","12","Uttar Pradesh","Rae-Bareily","455.91","5.29","14.48","60.37","15.39","3.54","25.07","41.46","264.34","418.05","158.15"
"227","2006","12","Uttar Pradesh","Rae-Bareily","455.99","5.29","14.82","60.46","15.61","3.52","25.11","34.27","271.3","408.97","150.75"
"227","2007","12","Uttar Pradesh","Rae-Bareily","455.98","5.32","14.64","62.64","16.44","3.48","24.14","35.87","268.09","417.23","155.63"
"227","2008","12","Uttar Pradesh","Rae-Bareily","455.98","5.32","14.39","62.92","16.42","3.47","24.16","38.88","265.07","412.53","155.63"
"227","2009","12","Uttar Pradesh","Rae-Bareily","455.98","5.32","14.37","64.0","16.43","3.45","24.25","43.57","260.53","408.94","156.97"
"227","2010","12","Uttar Pradesh","Rae-Bareily","456.48","5.96","14.7","56.22","15.11","3.88","27.97","49.33","267.03","411.93","154.27"
"227","2011","12","Uttar Pradesh","Rae-Bareily","456.48","4.62","13.95","57.08","16.97","3.86","26.05","49.17","268.71","415.49","154.62"
"227","2012","12","Uttar Pradesh","Rae-Bareily","456.48","4.63","14.55","58.03","14.99","3.88","27.94","47.61","268.79","416.14","154.82"
"227","2013","12","Uttar Pradesh","Rae-Bareily","495.43","4.63","16.81","53.85","18.94","4.21","34.18","56.99","288.3","464.4","161.08"
"227","2014","12","Uttar Pradesh","Rae-Bareily","495.43","5.72","16.81","53.94","18.9","4.22","36.62","59.4","287.33","468.15","162.93"
"227","2015","12","Uttar Pradesh","Rae-Bareily","495.43","5.72","16.79","55.57","19.88","4.21","42.31","44.87","291.13","473.67","162.7"
"227","2016","12","Uttar Pradesh","Rae-Bareily","495.43","5.72","16.65","55.99","18.86","4.22","38.56","54.24","288.74","473.44","163.97"
"227","2017","12","Uttar Pradesh","Rae-Bareily","495.42","5.72","16.77","56.33","18.83","4.16","42.16","51.74","287.2","475.83","165.68"
"227","2018","12","Uttar Pradesh","Rae-Bareily","495.42","5.72","16.77","53.38","18.81","4.16","42.4","50.81","287.93","477.22","165.74"
"227","2019","12","Uttar Pradesh","Rae-Bareily","495.42","5.72","16.7","56.53","18.81","4.16","42.02","49.45","289.8","488.56","168.58"
"227","2020","12","Uttar Pradesh","Rae-Bareily","-1.0","-1.0","-1.0","-1.0","-1.0","-1.0","-1.0","-1.0","-1.0","-1.0","-1.0"
"228","2000","12","Uttar Pradesh","Sitapur","572.7","5.81","7.73","57.0","7.8","0.63","12.69","44.26","431.27","621.83","144.19"
"228","2001","12","Uttar Pradesh","Sitapur","572.7","5.81","7.07","59.66","7.64","0.66","12.74","40.22","432.88","628.29","145.14"
"228","2002","12","Uttar Pradesh","Sitapur","572.7","5.81","6.95","59.18","7.16","0.64","12.93","43.64","429.52","598.89","139.43"
"228","2003","12","Uttar Pradesh","Sitapur","572.7","5.81","6.6","59.49","7.79","0.68","12.54","37.83","435.99","640.48","146.9"
"228","2004","12","Uttar Pradesh","Sitapur","573.83","5.81","6.17","60.94","7.95","0.66","12.8","38.21","435.97","655.42","150.34"
"228","2005","12","Uttar Pradesh","Sitapur","573.83","5.81","5.76","63.53","6.43","0.64","12.05","38.87","435.4","640.45","147.09"
"228","2006","12","Uttar Pradesh","Sitapur","573.85","5.81","5.79","63.66","6.34","0.63","12.03","36.29","438.05","646.37","147.56"
"228","2007","12","Uttar Pradesh","Sitapur","573.89","5.81","4.36","63.98","6.26","0.64","12.07","34.18","439.87","655.01","148.91"
"228","2008","12","Uttar Pradesh","Sitapur","573.89","5.81","5.84","64.03","6.36","0.67","12.28","39.49","434.2","643.34","148.17"
"228","2009","12","Uttar Pradesh","Sitapur","573.89","5.81","5.75","64.58","6.36","0.67","12.25","42.12","431.59","648.24","150.2"
"228","2010","12","Uttar Pradesh","Sitapur","573.89","5.77","5.53","64.96","6.4","0.67","12.06","41.19","432.43","653.51","151.13"
"228","2011","12","Uttar Pradesh","Sitapur","573.89","5.77","5.22","66.06","6.24","0.67","11.77","37.51","435.98","663.05","152.08"
"228","2012","12","Uttar Pradesh","Sitapur","573.89","5.77","5.47","53.58","6.35","0.67","12.05","39.76","445.43","689.41","154.77"
"228","2013","12","Uttar Pradesh","Sitapur","573.89","5.77","5.77","66.1","6.09","0.67","11.54","27.92","445.42","676.41","151.86"
"228","2014","12","Uttar Pradesh","Sitapur","573.89","5.77","5.77","66.15","6.17","0.69","11.76","28.53","444.42","658.8","148.24"
"228","2015","12","Uttar Pradesh","Sitapur","573.89","5.77","5.73","66.95","6.16","0.68","13.56","30.44","439.99","672.01","152.73"
"228","2016","12","Uttar Pradesh","Sitapur","573.89","5.77","5.62","67.26","6.13","0.68","13.19","30.14","440.55","670.94","152.3"
"228","2017","12","Uttar Pradesh","Sitapur","573.89","5.77","5.62","67.49","6.95","0.71","12.29","29.41","440.69","672.18","152.53"
"228","2018","12","Uttar Pradesh","Sitapur","573.89","5.77","5.62","67.66","6.88","0.78","12.38","28.1","441.77","670.43","151.76"
"228","2019","12","Uttar Pradesh","Sitapur","573.89","5.77","5.62","68.2","6.87","0.78","12.25","27.99","441.48","665.28","150.69"
"228","2020","12","Uttar Pradesh","Sitapur","-1.0","-1.0","-1.0","-1.0","-1.0","-1.0","-1.0","-1.0","-1.0","-1.0","-1.0"
"229","2000","12","Uttar Pradesh","Hardoi","598.98","10.45","17.38","45.6","22.68","5.16","28.09","28.24","427.72","653.55","152.8"
"229","2001","12","Uttar Pradesh","Hardoi","598.98","10.45","16.69","46.93","21.66","5.18","28.73","33.31","422.54","668.86","158.3"
"229","2002","12","Uttar Pradesh","Hardoi","598.98","10.45","20.41","48.83","15.74","4.69","28.92","48.08","409.37","573.43","140.08"
"229","2003","12","Uttar Pradesh","Hardoi","598.98","10.76","16.25","48.05","15.17","4.65","28.85","41.12","421.72","640.73","151.93"
"229","2004","12","Uttar Pradesh","Hardoi","598.7","8.95","16.39","48.18","15.97","4.73","26.4","45.11","420.02","653.53","155.59"
"229","2005","12","Uttar Pradesh","Hardoi","598.7","8.95","14.74","51.35","13.99","4.76","25.5","45.47","420.64","657.06","156.2"
"229","2006","12","Uttar Pradesh","Hardoi","598.78","8.95","14.62","51.57","14.06","4.81","25.47","44.67","421.53","669.52","158.83"
"229","2007","12","Uttar Pradesh","Hardoi","598.88","8.95","5.02","52.39","14.08","4.75","25.48","32.06","433.35","701.43","161.86"
"229","2008","12","Uttar Pradesh","Hardoi","598.88","13.13","14.7","52.58","13.22","4.65","23.77","32.21","433.19","704.37","162.6"
"229","2009","12","Uttar Pradesh","Hardoi","598.88","13.13","15.16","53.08","13.72","4.84","22.87","33.48","431.63","674.19","156.2"
"229","2010","12","Uttar Pradesh","Hardoi","598.88","12.27","14.91","53.78","13.21","4.81","23.24","37.75","428.07","665.02","155.35"
"229","2011","12","Uttar Pradesh","Hardoi","598.88","12.27","13.01","54.61","11.24","4.82","19.81","39.1","433.25","670.61","154.79"
"229","2012","12","Uttar Pradesh","Hardoi","598.88","12.27","14.76","51.63","13.1","4.81","23.22","36.44","431.96","649.34","150.32"
"229","2013","12","Uttar Pradesh","Hardoi","598.88","12.27","14.29","54.64","11.95","4.6","18.72","38.43","433.83","664.2","153.1"
"229","2014","12","Uttar Pradesh","Hardoi","598.88","12.27","14.29","54.69","10.08","4.6","18.76","40.36","433.73","673.32","155.24"
"229","2015","12","Uttar Pradesh","Hardoi","598.88","12.27","14.27","55.59","10.08","4.59","18.07","51.62","422.31","675.01","159.84"
"229","2016","12","Uttar Pradesh","Hardoi","598.88","12.27","14.15","55.86","10.01","4.6","18.68","51.29","421.97","676.32","160.28"
"229","2017","12","Uttar Pradesh","Hardoi","598.88","12.27","14.15","56.08","10.62","4.6","20.28","48.9","421.69","675.88","160.28"
"229","2018","12","Uttar Pradesh","Hardoi","598.88","12.27","14.14","56.18","10.6","4.6","23.67","45.42","421.69","675.79","160.26"
"229","2019","12","Uttar Pradesh","Hardoi","598.88","12.27","14.14","57.86","10.6","4.6","23.93","45.98","419.2","667.38","159.2"
"229","2020","12","Uttar Pradesh","Hardoi","-1.0","-1.0","-1.0","-1.0","-1.0","-1.0","-1.0","-1.0","-1.0","-1.0","-1.0"
"230","2000","12","Uttar Pradesh","Kheri","776.05","163.98","3.67","73.92","3.93","0.99","5.15","34.77","481.68","702.84","145.91"
"230","2001","12","Uttar Pradesh","Kheri","776.05","163.98","3.94","75.06","3.58","0.96","5.49","35.77","479.22","718.48","149.93"
"230","2002","12","Uttar Pradesh","Kheri","776.05","163.98","3.23","74.79","3.25","0.9","4.95","35.84","483.37","707.14","146.29"
"230","2003","12","Uttar Pradesh","Kheri","776.05","164.85","3.15","75.75","3.35","0.89","4.48","31.5","485.85","710.13","146.16"
"230","2004","12","Uttar Pradesh","Kheri","771.06","164.85","3.47","75.8","3.18","0.95","4.19","26.82","486.38","718.54","147.73"
"230","2005","12","Uttar Pradesh","Kheri","771.06","164.85","3.54","75.85","3.11","0.94","4.18","28.9","484.3","714.19","147.47"
"230","2006","12","Uttar Pradesh","Kheri","772.34","164.85","3.52","77.22","2.96","0.94","4.19","27.24","485.94","705.75","145.23"
"230","2007","12","Uttar Pradesh","Kheri","772.45","164.85","3.23","77.75","3.14","0.97","3.67","27.52","485.16","709.4","146.22"
"230","2008","12","Uttar Pradesh","Kheri","772.79","165.21","3.8","77.81","3.1","0.93","3.74","27.51","485.17","712.76","146.91"
"230","2009","12","Uttar Pradesh","Kheri","772.79","165.21","3.85","78.0","3.0","0.93","3.85","28.63","484.08","706.04","145.85"
"230","2010","12","Uttar Pradesh","Kheri","772.79","164.74","3.9","78.14","3.05","0.96","3.72","26.77","486.0","716.34","147.4"
"230","2011","12","Uttar Pradesh","Kheri","772.79","164.79","3.59","78.67","3.22","0.93","4.14","31.75","479.71","714.99","149.05"
"230","2012","12","Uttar Pradesh","Kheri","772.79","164.79","3.86","89.53","3.03","0.96","3.72","25.84","475.64","709.33","149.13"
"230","2013","12","Uttar Pradesh","Kheri","772.79","164.79","3.59","89.53","3.69","0.96","4.91","19.2","480.27","702.85","146.34"
"230","2014","12","Uttar Pradesh","Kheri","772.79","164.79","3.59","89.58","3.85","0.9","4.8","16.35","483.58","692.8","143.26"
"230","2015","12","Uttar Pradesh","Kheri","772.79","165.55","3.58","90.38","2.84","0.89","1.75","18.39","486.08","705.29","145.1"
"230","2016","12","Uttar Pradesh","Kheri","772.79","165.49","3.51","90.69","2.76","0.89","2.03","18.58","485.58","709.04","146.02"
"230","2017","12","Uttar Pradesh","Kheri","772.79","165.49","3.49","90.81","5.34","0.93","8.19","15.2","478.13","707.55","147.98"
"230","2018","12","Uttar Pradesh","Kheri","772.79","165.39","3.49","90.95","5.32","0.92","8.3","13.89","479.32","704.51","146.98"
"230","2019","12","Uttar Pradesh","Kheri","772.79","165.39","3.49","87.57","5.32","0.92","7.92","13.03","483.94","691.76","142.94"
"230","2020","12","Uttar Pradesh","Kheri","-1.0","-1.0","-1.0","-1.0","-1.0","-1.0","-1.0","-1.0","-1.0","-1.0","-1.0"
"231","2000","12","Uttar Pradesh","Faizabad","499.12","4.14","8.66","70.75","8.72","2.56","17.78","32.77","340.63","545.59","160.17"
"231","2001","12","Uttar Pradesh","Faizabad","499.0","4.14","8.68","72.01","8.86","2.58","17.75","35.54","335.99","559.21","166.44"
"231","2002","12","Uttar Pradesh","Faizabad","498.98","4.14","8.68","71.04","8.91","2.59","26.04","30.64","334.11","534.28","159.91"
"231","2003","12","Uttar Pradesh","Faizabad","441.3","3.31","6.2","63.49","8.09","2.26","21.81","25.67","298.54","478.88","160.41"
"231","2004","12","Uttar Pradesh","Faizabad","442.19","3.31","6.02","64.57","7.99","2.25","20.25","24.54","301.93","483.41","160.11"
"231","2005","12","Uttar Pradesh","Faizabad","442.19","3.31","5.81","69.78","7.95","2.25","15.16","26.93","299.57","489.02","163.24"
"231","2006","12","Uttar Pradesh","Faizabad","442.19","1.39","6.06","69.82","7.58","2.27","15.26","26.18","300.37","495.62","165.0"
"231","2007","12","Uttar Pradesh","Faizabad","496.37","1.39","7.3","77.65","8.41","2.57","15.02","34.74","335.05","546.05","162.98"
"231","2008","12","Uttar Pradesh","Faizabad","477.29","8.94","10.27","64.31","7.41","1.19","13.24","21.6","345.0","572.66","165.99"
"231","2009","12","Uttar Pradesh","Faizabad","477.41","8.98","10.21","64.59","7.11","1.15","13.09","18.48","348.11","571.85","164.27"
"231","2010","12","Uttar Pradesh","Faizabad","496.47","3.63","7.38","78.66","8.44","2.53","14.79","29.55","339.75","554.24","163.13"
"231","2011","12","Uttar Pradesh","Faizabad","496.47","3.63","6.91","80.96","8.36","2.53","13.1","30.02","339.95","556.77","163.78"
"231","2012","12","Uttar Pradesh","Faizabad","496.47","3.63","7.31","80.06","8.38","2.53","14.79","28.53","339.69","558.34","164.37"
"231","2013","12","Uttar Pradesh","Faizabad","496.47","3.63","7.04","81.13","8.3","2.53","13.83","28.32","340.08","557.97","164.07"
"231","2014","12","Uttar Pradesh","Faizabad","496.47","3.63","7.04","81.23","8.56","2.69","12.59","27.36","341.87","556.57","162.8"
"231","2015","12","Uttar Pradesh","Faizabad","496.47","3.63","7.02","82.23","8.55","2.68","10.29","17.14","353.48","581.98","164.64"
"231","2016","12","Uttar Pradesh","Faizabad","496.47","3.63","6.87","82.82","8.5","2.69","9.92","17.3","353.43","582.35","164.77"
"231","2017","12","Uttar Pradesh","Faizabad","496.47","3.63","6.87","83.11","9.07","2.38","11.19","18.1","353.41","582.74","164.89"
"231","2018","12","Uttar Pradesh","Faizabad","496.47","3.63","6.87","83.42","9.07","2.38","11.05","17.97","353.38","582.95","164.97"
"231","2019","12","Uttar Pradesh","Faizabad","496.47","3.63","6.87","92.75","9.07","2.38","11.21","28.59","333.25","581.4","174.46"
"231","2020","12","Uttar Pradesh","Faizabad","-1.0","-1.0","-1.0","-1.0","-1.0","-1.0","-1.0","-1.0","-1.0","-1.0","-1.0"
"232","2000","12","Uttar Pradesh","Gonda","734.59","71.86","8.38","82.26","11.81","1.8","12.47","49.04","482.35","779.53","161.61"
"232","2001","12","Uttar Pradesh","Gonda","725.72","71.86","8.55","81.53","11.12","1.96","11.08","21.94","503.23","782.26","155.45"
"232","2002","12","Uttar Pradesh","Gonda","725.72","71.86","7.61","82.08","9.81","1.93","10.47","38.79","488.24","755.49","154.74"
"232","2003","12","Uttar Pradesh","Gonda","725.64","71.87","6.6","82.1","10.04","1.68","9.49","15.26","513.15","753.07","146.75"
"232","2004","12","Uttar Pradesh","Gonda","725.63","71.87","6.89","84.52","9.86","1.67","8.95","15.61","511.98","777.65","151.89"
"232","2005","12","Uttar Pradesh","Gonda","725.63","71.87","6.68","84.85","9.79","1.67","9.1","13.23","514.24","758.71","147.54"
"232","2006","12","Uttar Pradesh","Gonda","725.72","71.87","6.79","85.08","10.02","1.55","9.03","20.99","506.56","754.97","149.04"
"232","2007","12","Uttar Pradesh","Gonda","725.72","71.87","6.95","85.91","10.0","1.53","9.13","21.97","504.91","756.76","149.88"
"232","2008","12","Uttar Pradesh","Gonda","725.72","71.87","7.03","86.61","9.38","1.47","8.88","25.43","501.57","753.88","150.3"
"232","2009","12","Uttar Pradesh","Gonda","725.74","71.81","7.29","86.99","9.36","1.52","8.64","21.77","505.03","764.15","151.31"
"232","2010","12","Uttar Pradesh","Gonda","725.74","71.54","7.27","87.67","9.31","1.54","8.38","22.36","504.42","770.1","152.67"
"232","2011","12","Uttar Pradesh","Gonda","725.74","71.54","6.87","88.29","10.05","1.52","10.17","19.7","504.97","779.65","154.4"
"232","2012","12","Uttar Pradesh","Gonda","725.74","71.54","7.21","83.78","9.24","1.54","8.38","21.58","509.42","766.77","150.52"
"232","2013","12","Uttar Pradesh","Gonda","725.74","71.54","7.22","88.59","7.32","1.5","12.39","24.61","499.49","773.33","154.82"
"232","2014","12","Uttar Pradesh","Gonda","725.74","71.15","7.12","88.83","7.22","1.5","12.47","31.14","493.37","743.47","150.69"
"232","2015","12","Uttar Pradesh","Gonda","725.74","71.15","7.12","91.83","7.22","1.5","14.06","20.45","499.73","803.4","160.77"
"232","2016","12","Uttar Pradesh","Gonda","725.74","71.15","6.96","92.52","7.1","1.5","13.85","22.38","497.73","803.49","161.43"
"232","2017","12","Uttar Pradesh","Gonda","725.74","71.14","6.96","92.79","7.84","1.56","12.34","21.88","497.73","803.89","161.51"
"232","2018","12","Uttar Pradesh","Gonda","725.74","71.81","6.95","92.73","7.8","2.16","16.17","15.67","497.7","806.47","162.04"
"232","2019","12","Uttar Pradesh","Gonda","725.74","71.81","6.95","112.03","7.8","2.16","25.57","40.42","444.5","796.87","179.27"
"232","2020","12","Uttar Pradesh","Gonda","-1.0","-1.0","-1.0","-1.0","-1.0","-1.0","-1.0","-1.0","-1.0","-1.0","-1.0"
"233","2000","12","Uttar Pradesh","Bahraich","670.14","102.08","5.37","70.01","5.02","0.55","7.49","17.4","453.45","693.21","152.87"
"233","2001","12","Uttar Pradesh","Bahraich","679.21","102.08","4.65","73.77","4.86","0.48","8.75","14.8","458.9","719.98","156.89"
"233","2002","12","Uttar Pradesh","Bahraich","679.21","102.08","4.36","76.83","4.29","0.65","9.49","11.29","461.72","705.46","152.79"
"233","2003","12","Uttar Pradesh","Bahraich","678.94","102.07","4.07","76.29","4.96","0.41","8.67","16.14","457.93","677.83","148.02"
"233","2004","12","Uttar Pradesh","Bahraich","678.95","102.08","4.1","76.21","3.79","0.45","7.7","20.35","455.5","690.04","151.49"
"233","2005","12","Uttar Pradesh","Bahraich","678.95","102.08","4.05","76.85","2.85","0.48","7.0","13.25","464.88","693.25","149.12"
"233","2006","12","Uttar Pradesh","Bahraich","678.95","102.08","4.11","76.98","2.6","0.58","6.81","21.56","456.74","687.86","150.6"
"233","2007","12","Uttar Pradesh","Bahraich","678.95","102.28","4.09","77.42","2.63","0.58","6.7","17.16","460.77","679.36","147.44"
"233","2008","12","Uttar Pradesh","Bahraich","678.95","102.28","4.01","77.9","2.57","0.57","6.36","17.83","460.13","674.65","146.62"
"233","2009","12","Uttar Pradesh","Bahraich","678.95","102.28","4.15","78.11","2.65","0.58","6.23","13.53","464.29","687.6","148.1"
"233","2010","12","Uttar Pradesh","Bahraich","678.95","102.28","4.04","78.49","2.81","0.58","6.06","16.88","460.68","690.36","149.86"
"233","2011","12","Uttar Pradesh","Bahraich","678.95","102.29","4.23","78.73","2.82","0.61","6.38","15.5","460.64","682.11","148.08"
"233","2012","12","Uttar Pradesh","Bahraich","678.95","102.83","3.99","81.89","2.79","0.58","6.05","16.3","457.47","698.56","152.7"
"233","2013","12","Uttar Pradesh","Bahraich","678.95","102.83","3.62","82.09","2.5","0.55","5.49","15.05","460.53","706.07","153.32"
"233","2014","12","Uttar Pradesh","Bahraich","678.95","102.83","3.49","82.2","2.39","0.68","8.91","19.45","453.06","733.64","161.93"
"233","2015","12","Uttar Pradesh","Bahraich","678.95","102.83","3.48","83.1","2.37","0.67","8.78","16.99","454.83","719.85","158.27"
"233","2016","12","Uttar Pradesh","Bahraich","678.95","102.83","3.42","83.48","2.31","0.67","10.56","14.84","454.96","755.46","166.05"
"233","2017","12","Uttar Pradesh","Bahraich","678.95","102.84","3.43","83.69","2.31","0.66","9.63","14.54","455.82","752.47","165.08"
"233","2018","12","Uttar Pradesh","Bahraich","678.95","97.49","3.43","83.92","2.31","1.56","12.39","14.54","455.35","752.73","165.31"
"233","2019","12","Uttar Pradesh","Bahraich","678.95","97.46","3.43","83.72","2.31","1.56","19.2","27.15","436.05","722.4","165.67"
"233","2020","12","Uttar Pradesh","Bahraich","-1.0","-1.0","-1.0","-1.0","-1.0","-1.0","-1.0","-1.0","-1.0","-1.0","-1.0"
"234","2000","12","Uttar Pradesh","Sultanpur","439.1","1.51","14.56","47.24","12.1","3.84","18.47","42.22","287.47","441.47","153.57"
"234","2001","12","Uttar Pradesh","Sultanpur","439.09","1.51","14.35","47.25","11.82","3.88","19.1","43.02","285.61","438.96","153.69"
"234","2002","12","Uttar Pradesh","Sultanpur","439.11","1.51","14.26","48.49","11.74","3.88","19.42","47.28","279.66","401.54","143.58"
"234","2003","12","Uttar Pradesh","Sultanpur","439.01","1.41","14.07","49.48","11.4","1.9","19.89","46.6","283.1","437.2","154.43"
"234","2004","12","Uttar Pradesh","Sultanpur","439.03","1.41","14.05","50.52","9.84","1.84","20.14","46.81","283.39","431.58","152.29"
"234","2005","12","Uttar Pradesh","Sultanpur","439.03","1.41","13.75","52.42","9.75","1.84","18.38","46.57","283.58","433.08","152.72"
"234","2006","12","Uttar Pradesh","Sultanpur","439.11","1.49","14.05","52.52","9.16","1.85","18.4","47.28","283.08","433.32","153.07"
"234","2007","12","Uttar Pradesh","Sultanpur","439.15","1.49","14.03","53.45","9.02","1.86","18.52","40.47","288.99","435.99","150.87"
"234","2008","12","Uttar Pradesh","Sultanpur","439.15","1.49","14.03","53.75","8.74","1.86","18.51","40.05","289.28","435.68","150.61"
"234","2009","12","Uttar Pradesh","Sultanpur","439.15","1.49","13.93","53.95","8.65","1.86","18.47","39.52","289.83","437.53","150.96"
"234","2010","12","Uttar Pradesh","Sultanpur","439.65","1.44","14.33","62.74","10.4","2.45","20.69","31.95","288.47","440.54","152.71"
"234","2011","12","Uttar Pradesh","Sultanpur","439.65","0.94","13.99","63.41","10.33","2.47","18.22","34.85","287.6","441.91","153.66"
"234","2012","12","Uttar Pradesh","Sultanpur","439.65","1.44","14.18","65.14","10.31","2.45","20.67","30.84","287.53","441.73","153.63"
"234","2013","12","Uttar Pradesh","Sultanpur","400.7","1.44","12.16","59.23","10.37","2.23","18.17","29.47","261.08","402.69","154.24"
"234","2014","12","Uttar Pradesh","Sultanpur","400.7","1.83","12.12","59.34","10.32","2.24","18.66","34.32","255.35","411.97","161.33"
"234","2015","12","Uttar Pradesh","Sultanpur","400.7","1.83","12.12","60.01","10.3","2.22","19.61","25.69","262.43","407.39","155.24"
"234","2016","12","Uttar Pradesh","Sultanpur","400.7","1.83","11.91","60.48","10.25","2.22","20.41","24.91","262.27","428.0","163.19"
"234","2017","12","Uttar Pradesh","Sultanpur","400.7","1.83","12.19","60.73","11.15","2.36","20.91","24.58","260.7","428.29","164.28"
"234","2018","12","Uttar Pradesh","Sultanpur","400.7","1.83","12.19","60.89","11.14","2.36","20.39","24.19","262.18","429.48","163.81"
"234","2019","12","Uttar Pradesh","Sultanpur","400.7","1.83","12.19","62.07","11.14","2.36","20.02","23.3","262.31","440.5","167.93"
"234","2020","12","Uttar Pradesh","Sultanpur","-1.0","-1.0","-1.0","-1.0","-1.0","-1.0","-1.0","-1.0","-1.0","-1.0","-1.0"
"235","2000","12","Uttar Pradesh","Pratapgarh","361.44","0.57","9.37","39.0","7.57","0.58","15.64","51.51","221.11","338.69","153.18"
"235","2001","12","Uttar Pradesh","Pratapgarh","361.6","0.57","9.25","38.91","7.38","0.67","14.49","39.42","234.57","344.9","147.04"
"235","2002","12","Uttar Pradesh","Pratapgarh","361.51","0.57","9.24","38.81","7.06","0.72","14.29","65.95","208.08","313.71","150.76"
"235","2003","12","Uttar Pradesh","Pratapgarh","361.55","0.57","9.24","38.81","7.05","0.72","15.98","60.98","212.16","325.09","153.23"
"235","2004","12","Uttar Pradesh","Pratapgarh","361.58","0.57","9.26","38.82","7.53","0.67","14.06","59.05","215.67","308.71","143.14"
"235","2005","12","Uttar Pradesh","Pratapgarh","361.58","0.57","9.24","39.55","7.5","0.65","13.68","50.15","224.49","313.87","139.81"
"235","2006","12","Uttar Pradesh","Pratapgarh","361.58","0.57","9.24","39.75","7.4","0.65","13.41","52.5","222.36","298.13","134.08"
"235","2007","12","Uttar Pradesh","Pratapgarh","361.6","0.57","9.55","40.27","7.66","0.68","14.11","55.02","217.84","298.28","136.93"
"235","2008","12","Uttar Pradesh","Pratapgarh","361.62","0.57","9.34","40.37","7.65","0.62","14.87","52.63","220.23","302.31","137.27"
"235","2009","12","Uttar Pradesh","Pratapgarh","361.62","0.57","9.34","40.57","7.41","0.61","14.92","57.87","214.99","301.09","140.05"
"235","2010","12","Uttar Pradesh","Pratapgarh","361.63","0.57","9.29","40.92","7.59","0.62","14.54","55.75","217.0","303.67","139.94"
"235","2011","12","Uttar Pradesh","Pratapgarh","361.63","0.57","7.02","40.99","7.52","0.62","13.65","56.04","219.85","303.58","138.09"
"235","2012","12","Uttar Pradesh","Pratapgarh","361.63","0.57","9.19","70.1","7.53","0.62","14.53","53.81","190.15","301.67","158.65"
"235","2013","12","Uttar Pradesh","Pratapgarh","361.63","0.57","9.15","70.21","6.77","0.52","14.74","60.39","183.79","294.09","160.01"
"235","2014","12","Uttar Pradesh","Pratapgarh","361.63","0.57","9.15","70.71","6.73","0.52","6.63","45.38","206.54","345.48","167.27"
"235","2015","12","Uttar Pradesh","Pratapgarh","361.63","0.57","9.13","71.11","5.88","0.52","3.4","27.09","228.59","339.79","148.65"
"235","2016","12","Uttar Pradesh","Pratapgarh","361.63","0.57","9.03","71.39","5.57","0.52","3.81","27.11","228.51","370.38","162.08"
"235","2017","12","Uttar Pradesh","Pratapgarh","361.63","0.57","9.01","71.52","4.7","0.52","3.89","32.05","228.97","372.35","162.62"
"235","2018","12","Uttar Pradesh","Pratapgarh","361.63","0.57","9.01","71.55","4.7","0.52","4.52","32.05","228.31","370.09","162.1"
"235","2019","12","Uttar Pradesh","Pratapgarh","361.63","0.57","9.38","72.75","4.7","0.52","8.09","28.69","226.54","377.31","166.56"
"235","2020","12","Uttar Pradesh","Pratapgarh","-1.0","-1.0","-1.0","-1.0","-1.0","-1.0","-1.0","-1.0","-1.0","-1.0","-1.0"
"236","2000","12","Uttar Pradesh","Barabanki","386.0","6.3","7.06","47.56","10.01","2.32","20.6","29.37","252.97","440.86","174.27"
"236","2001","12","Uttar Pradesh","Barabanki","386.0","6.3","5.29","53.47","10.02","2.61","20.12","27.58","251.04","450.48","179.45"
"236","2002","12","Uttar Pradesh","Barabanki","386.0","6.3","5.04","53.69","9.21","1.54","19.15","29.3","253.48","441.23","174.07"
"236","2003","12","Uttar Pradesh","Barabanki","443.67","6.3","5.52","57.89","9.05","1.9","19.69","48.15","286.06","513.17","179.39"
"236","2004","12","Uttar Pradesh","Barabanki","442.76","6.3","4.94","56.73","8.92","1.87","18.53","45.7","290.14","529.16","182.38"
"236","2005","12","Uttar Pradesh","Barabanki","442.76","6.3","4.74","60.85","9.22","1.89","14.12","43.77","292.07","539.22","184.62"
"236","2006","12","Uttar Pradesh","Barabanki","442.76","6.3","4.25","60.94","9.53","1.9","14.28","43.72","292.1","533.26","182.56"
"236","2007","12","Uttar Pradesh","Barabanki","388.59","6.3","3.01","54.13","8.61","1.59","14.52","37.21","254.45","484.66","190.47"
"236","2008","12","Uttar Pradesh","Barabanki","388.59","5.57","3.14","54.47","8.69","1.6","14.86","34.62","257.02","485.21","188.78"
"236","2009","12","Uttar Pradesh","Barabanki","388.59","5.57","3.35","54.82","8.31","1.56","14.9","32.37","259.28","495.24","191.01"
"236","2010","12","Uttar Pradesh","Barabanki","388.59","5.91","3.45","55.34","8.06","1.57","14.53","31.79","259.66","498.44","191.96"
"236","2011","12","Uttar Pradesh","Barabanki","388.59","5.91","3.07","56.26","7.89","1.58","15.93","31.44","258.44","509.05","196.97"
"236","2012","12","Uttar Pradesh","Barabanki","388.59","5.91","3.41","60.14","7.99","1.57","14.52","30.68","256.19","517.81","202.12"
"236","2013","12","Uttar Pradesh","Barabanki","386.59","5.91","3.72","60.15","5.82","1.57","13.11","29.4","258.86","535.36","206.81"
"236","2014","12","Uttar Pradesh","Barabanki","388.59","5.97","3.7","60.35","7.82","1.57","20.2","35.85","245.21","525.75","214.41"
"236","2015","12","Uttar Pradesh","Barabanki","388.59","5.97","3.69","60.85","7.81","1.57","13.08","23.53","264.19","539.39","204.17"
"236","2016","12","Uttar Pradesh","Barabanki","388.59","5.97","3.61","61.19","7.79","1.57","12.91","23.5","264.19","539.39","204.17"
"236","2017","12","Uttar Pradesh","Barabanki","388.59","5.97","3.61","61.33","8.07","1.54","12.4","23.6","264.48","539.87","204.12"
"236","2018","12","Uttar Pradesh","Barabanki","388.59","5.97","3.61","61.48","8.07","1.54","12.14","23.58","264.6","539.97","204.07"
"236","2019","12","Uttar Pradesh","Barabanki","388.59","5.97","3.61","62.95","8.07","1.54","11.54","25.12","262.23","755.89","288.25"
"236","2020","12","Uttar Pradesh","Barabanki","-1.0","-1.0","-1.0","-1.0","-1.0","-1.0","-1.0","-1.0","-1.0","-1.0","-1.0"
"237","2000","16","Uttarakhand","Nainital","685.91","392.08","2.58","33.73","30.52","0.03","5.4","4.54","197.63","327.13","165.53"
"237","2001","16","Uttarakhand","Nainital","685.87","392.08","2.26","33.72","30.36","0.03","4.95","3.76","199.77","331.99","166.19"
"237","2002","16","Uttarakhand","Nainital","685.89","392.08","2.36","34.3","30.34","0.02","5.11","5.39","197.02","329.35","167.17"
"237","2003","16","Uttarakhand","Nainital","685.55","392.08","2.25","34.33","30.18","0.02","5.95","3.78","197.49","336.96","170.62"
"237","2004","16","Uttarakhand","Nainital","687.5","392.08","2.24","34.56","30.09","0.05","5.91","5.85","197.65","338.89","171.46"
"237","2005","16","Uttarakhand","Nainital","685.71","392.08","2.27","36.02","29.65","0.03","5.24","3.49","197.59","342.4","173.29"
"237","2006","16","Uttarakhand","Nainital","686.79","392.08","3.71","37.99","26.74","0.15","5.02","5.16","193.92","340.15","175.41"
"237","2007","16","Uttarakhand","Nainital","692.81","398.74","3.44","39.51","25.37","0.15","4.45","5.72","192.89","345.39","179.06"
"237","2008","16","Uttarakhand","Nainital","692.81","398.89","3.14","39.76","25.34","0.15","5.44","4.62","193.06","343.96","178.16"
"237","2009","16","Uttarakhand","Nainital","692.62","399.17","2.67","40.56","25.53","0.17","4.85","6.57","190.37","347.65","182.62"
"237","2010","16","Uttarakhand","Nainital","692.88","399.17","2.8","41.08","25.54","0.26","7.28","6.9","187.04","347.95","186.03"
"237","2011","16","Uttarakhand","Nainital","692.88","399.17","2.81","41.21","25.81","0.26","7.72","7.01","186.08","339.88","182.65"
"237","2012","16","Uttarakhand","Nainital","692.88","399.17","2.35","41.7","26.74","0.41","7.79","8.12","184.23","338.32","183.64"
"237","2013","16","Uttarakhand","Nainital","689.82","392.08","2.31","42.31","28.81","0.35","8.63","9.18","183.37","335.18","182.79"
"237","2014","16","Uttarakhand","Nainital","689.82","392.08","2.34","42.32","28.79","0.35","8.65","9.7","182.82","327.3","179.03"
"237","2015","16","Uttarakhand","Nainital","689.82","392.08","2.15","43.18","29.18","0.35","8.22","8.74","183.13","325.44","177.71"
"237","2016","16","Uttarakhand","Nainital","689.82","392.08","2.14","43.83","29.13","0.36","7.95","8.89","183.05","329.1","179.79"
"237","2017","16","Uttarakhand","Nainital","689.82","392.08","1.83","45.73","28.01","0.36","7.6","10.49","181.18","329.83","182.05"
"237","2018","16","Uttarakhand","Nainital","688.34","392.07","1.71","43.73","29.38","0.34","8.14","10.05","179.24","331.71","185.06"
"237","2019","16","Uttarakhand","Nainital","687.86","392.07","1.83","45.11","29.65","0.32","8.5","12.28","174.46","332.39","190.53"
"237","2020","16","Uttarakhand","Nainital","687.93","392.07","1.77","44.05","30.42","0.32","12.61","8.93","172.89","327.8","189.6"
"238","2000","16","Uttarakhand","Almorah","679.4","346.34","33.04","17.89","59.28","58.52","10.98","3.45","100.86","165.94","164.53"
"238","2001","16","Uttarakhand","Almorah","679.4","346.34","32.51","17.36","59.28","58.0","9.94","1.88","106.1","169.84","160.08"
"238","2002","16","Uttarakhand","Almorah","679.4","346.34","32.37","17.22","59.28","57.73","9.52","1.73","107.49","176.03","163.76"
"238","2003","16","Uttarakhand","Almorah","679.4","346.34","32.47","17.67","59.58","58.15","8.9","3.62","104.53","172.02","164.57"
"238","2004","16","Uttarakhand","Almorah","679.4","346.34","32.47","17.35","59.28","57.95","10.91","2.9","104.33","170.44","163.37"
"238","2005","16","Uttarakhand","Almorah","679.4","346.34","32.43","17.36","59.23","57.86","8.93","1.88","107.52","172.4","160.34"
"238","2006","16","Uttarakhand","Almorah","679.4","346.34","31.89","17.79","53.79","53.82","8.42","2.97","106.87","173.36","162.22"
"238","2007","16","Uttarakhand","Almorah","672.84","346.34","31.49","17.66","51.81","48.13","8.12","3.49","107.27","174.16","162.36"
"238","2008","16","Uttarakhand","Almorah","672.84","346.34","31.51","17.66","52.29","48.12","8.48","3.43","106.39","164.37","154.5"
"238","2009","16","Uttarakhand","Almorah","672.84","346.34","31.56","17.66","53.09","48.13","9.14","4.43","103.47","167.3","161.69"
"238","2010","16","Uttarakhand","Almorah","672.84","346.34","31.58","17.67","52.5","48.13","8.88","4.42","104.15","168.45","161.74"
"238","2011","16","Uttarakhand","Almorah","672.84","346.34","31.58","17.7","52.54","48.13","10.2","5.63","101.53","159.46","157.06"
"238","2012","16","Uttarakhand","Almorah","672.84","346.34","30.55","17.02","49.05","50.65","8.05","2.84","101.63","160.72","158.14"
"238","2013","16","Uttarakhand","Almorah","672.84","346.34","30.55","17.02","49.05","50.65","8.06","3.41","101.03","155.52","153.93"
"238","2014","16","Uttarakhand","Almorah","672.84","346.34","30.55","17.03","49.07","50.65","8.07","3.67","100.76","156.99","155.81"
"238","2015","16","Uttarakhand","Almorah","672.84","346.34","30.55","17.04","49.07","50.65","7.68","2.24","102.58","155.51","151.6"
"238","2016","16","Uttarakhand","Almorah","672.84","346.34","30.55","17.12","49.16","50.65","8.11","3.33","100.89","152.28","150.94"
"238","2017","16","Uttarakhand","Almorah","672.84","346.34","31.13","17.52","52.52","48.39","7.41","3.28","97.82","148.58","151.89"
"238","2018","16","Uttarakhand","Almorah","672.84","346.34","31.13","17.04","52.99","48.39","7.55","9.55","90.93","137.02","150.68"
"238","2019","16","Uttarakhand","Almorah","672.84","346.34","31.12","17.18","53.05","48.39","7.53","10.21","90.23","137.11","151.96"
"238","2020","16","Uttarakhand","Almorah","672.84","346.34","31.12","17.19","54.43","48.39","9.87","10.98","85.74","129.82","151.41"
"239","2000","16","Uttarakhand","Pithorgarh","649.28","337.58","25.76","14.65","56.1","72.04","13.45","4.47","71.63","123.07","171.81"
"239","2001","16","Uttarakhand","Pithorgarh","649.28","337.58","25.7","14.52","56.17","71.89","13.18","3.93","72.99","124.88","171.09"
"239","2002","16","Uttarakhand","Pithorgarh","649.28","337.58","26.36","15.18","56.17","72.56","14.69","5.95","66.14","116.88","176.72"
"239","2003","16","Uttarakhand","Pithorgarh","649.35","337.58","26.19","15.05","56.41","72.56","16.13","9.68","61.22","108.99","178.03"
"239","2004","16","Uttarakhand","Pithorgarh","649.07","337.58","26.28","14.78","55.8","72.41","11.13","4.2","73.47","129.35","176.06"
"239","2005","16","Uttarakhand","Pithorgarh","646.03","337.58","26.12","14.55","55.81","71.41","8.91","8.75","69.87","119.29","170.73"
"239","2006","16","Uttarakhand","Pithorgarh","646.03","337.58","25.75","15.6","54.96","70.3","10.85","7.43","70.18","117.07","166.81"
"239","2007","16","Uttarakhand","Pithorgarh","645.11","337.64","26.73","15.6","53.1","63.05","14.34","4.96","66.24","102.42","154.62"
"239","2008","16","Uttarakhand","Pithorgarh","645.11","337.64","26.74","15.61","53.11","63.07","14.56","5.12","65.8","109.87","166.98"
"239","2009","16","Uttarakhand","Pithorgarh","645.11","337.64","27.11","15.63","52.96","62.97","16.73","7.56","61.15","103.52","169.29"
"239","2010","16","Uttarakhand","Pithorgarh","645.11","337.64","27.27","15.63","54.82","62.97","15.24","6.44","61.7","108.21","175.38"
"239","2011","16","Uttarakhand","Pithorgarh","645.11","337.64","27.29","15.65","55.06","62.97","14.95","4.51","63.64","106.82","167.85"
"239","2012","16","Uttarakhand","Pithorgarh","645.11","337.64","28.3","15.88","51.06","62.63","15.58","8.85","59.2","100.76","170.2"
"239","2013","16","Uttarakhand","Pithorgarh","645.11","337.64","28.3","15.91","51.08","62.63","15.71","9.73","58.15","98.29","169.03"
"239","2014","16","Uttarakhand","Pithorgarh","645.11","337.64","28.3","15.91","51.1","62.63","15.71","8.45","59.41","97.76","164.55"
"239","2015","16","Uttarakhand","Pithorgarh","645.11","337.64","28.3","16.01","51.11","62.63","15.91","8.71","58.81","97.55","165.87"
"239","2016","16","Uttarakhand","Pithorgarh","979.96","672.49","28.3","16.03","51.17","62.63","15.92","8.71","58.74","96.93","165.02"
"239","2017","16","Uttarakhand","Pithorgarh","979.96","672.49","28.62","16.11","52.25","62.87","16.14","9.82","57.3","94.67","165.22"
"239","2018","16","Uttarakhand","Pithorgarh","979.96","672.49","28.61","16.0","52.6","62.88","16.58","13.21","53.1","90.4","170.24"
"239","2019","16","Uttarakhand","Pithorgarh","979.96","672.49","28.61","16.07","52.85","62.88","16.88","13.66","52.5","89.19","169.88"
"239","2020","16","Uttarakhand","Pithorgarh","979.96","672.49","28.61","16.08","54.71","62.87","17.28","14.94","48.95","83.28","170.16"
"240","2000","16","Uttarakhand","Chamoli","1083.31","686.0","165.78","11.0","56.14","53.89","1.75","1.0","55.42","85.55","154.37"
"240","2001","16","Uttarakhand","Chamoli","1083.0","686.0","166.63","11.53","56.62","54.73","2.35","1.66","50.08","77.21","154.17"
"240","2002","16","Uttarakhand","Chamoli","1083.0","686.0","166.42","11.37","56.58","54.52","2.41","1.73","50.66","79.02","155.98"
"240","2003","16","Uttarakhand","Chamoli","1083.0","686.0","165.82","11.03","56.08","53.93","1.9","1.02","54.6","83.27","152.51"
"240","2004","16","Uttarakhand","Chamoli","1083.0","686.0","165.84","11.02","56.13","54.12","1.78","1.18","54.85","84.21","153.53"
"240","2005","16","Uttarakhand","Chamoli","1083.0","686.0","166.2","11.3","54.19","56.78","1.79","2.48","52.08","73.46","141.05"
"240","2006","16","Uttarakhand","Chamoli","1083.0","686.0","165.75","11.67","53.88","53.74","1.85","2.36","52.03","79.28","152.37"
"240","2007","16","Uttarakhand","Chamoli","1014.8","686.47","148.42","13.77","63.79","32.51","1.38","0.82","52.59","81.72","155.39"
"240","2008","16","Uttarakhand","Chamoli","1014.8","686.47","148.38","13.76","63.79","32.49","1.07","0.51","53.33","80.59","151.12"
"240","2009","16","Uttarakhand","Chamoli","944.8","686.47","77.99","64.67","12.95","32.48","0.98","1.18","52.65","79.42","150.85"
"240","2010","16","Uttarakhand","Chamoli","944.8","686.47","78.0","64.68","11.75","32.49","0.23","0.25","55.4","85.69","154.68"
"240","2011","16","Uttarakhand","Chamoli","991.8","686.47","78.0","64.69","11.8","32.49","0.39","4.41","50.98","77.67","152.35"
"240","2012","16","Uttarakhand","Chamoli","946.8","686.47","80.88","66.17","13.82","29.9","1.89","0.63","52.81","82.16","155.58"
"240","2013","16","Uttarakhand","Chamoli","946.8","686.47","80.88","66.17","13.82","29.9","1.99","1.07","52.28","78.73","150.59"
"240","2014","16","Uttarakhand","Chamoli","946.8","686.47","80.88","66.2","13.81","29.9","1.99","1.18","52.16","78.16","149.85"
"240","2015","16","Uttarakhand","Chamoli","946.8","686.47","80.88","66.2","13.61","29.9","1.12","0.16","54.25","78.82","145.29"
"240","2016","16","Uttarakhand","Chamoli","1086.56","686.47","80.87","66.22","13.63","29.9","1.1","0.48","53.92","80.32","148.96"
"240","2017","16","Uttarakhand","Chamoli","1087.18","686.47","99.24","22.27","14.19","50.26","1.09","0.85","54.11","80.47","148.72"
"240","2018","16","Uttarakhand","Chamoli","1086.56","686.47","99.24","66.2","14.25","50.26","1.16","3.64","50.58","78.53","155.26"
"240","2019","16","Uttarakhand","Chamoli","1086.56","686.47","99.24","66.53","14.82","50.26","0.88","4.66","49.22","76.4","155.2"
"240","2020","16","Uttarakhand","Chamoli","1086.56","686.47","99.24","66.58","14.8","50.26","1.74","4.09","49.66","76.66","154.37"
"241","2000","16","Uttarakhand","Uttar Kashi","812.41","721.66","37.59","5.21","2.17","8.18","2.75","1.24","29.11","45.01","154.62"
"241","2001","16","Uttarakhand","Uttar Kashi","812.42","721.66","37.12","4.95","2.07","8.03","2.23","0.67","31.71","48.22","152.07"
"241","2002","16","Uttarakhand","Uttar Kashi","812.42","721.66","37.76","5.38","2.28","8.46","3.1","1.54","27.39","42.97","156.88"
"241","2003","16","Uttarakhand","Uttar Kashi","812.41","721.66","37.67","5.29","2.28","8.27","2.72","1.08","28.95","44.9","155.09"
"241","2004","16","Uttarakhand","Uttar Kashi","812.42","721.66","37.57","5.23","2.34","8.28","3.24","2.35","27.36","41.74","152.56"
"241","2005","16","Uttarakhand","Uttar Kashi","812.41","721.66","37.57","5.19","2.28","8.27","1.62","0.56","30.82","47.49","154.09"
"241","2006","16","Uttarakhand","Uttar Kashi","812.41","721.66","37.99","5.37","2.77","6.11","1.47","0.75","31.95","48.37","151.39"
"241","2007","16","Uttarakhand","Uttar Kashi","812.69","721.66","39.45","5.47","2.86","5.31","2.04","0.75","30.64","46.64","152.22"
"241","2008","16","Uttarakhand","Uttar Kashi","812.69","721.66","39.45","5.47","2.86","5.31","1.94","0.73","30.76","44.72","145.38"
"241","2009","16","Uttarakhand","Uttar Kashi","812.69","721.66","39.47","5.48","2.93","5.31","2.56","1.08","29.69","44.55","150.05"
"241","2010","16","Uttarakhand","Uttar Kashi","812.69","721.66","39.46","5.48","2.92","5.31","2.24","0.79","30.32","44.88","148.02"
"241","2011","16","Uttarakhand","Uttar Kashi","812.69","721.66","39.46","5.49","2.94","5.31","2.79","1.19","29.33","42.15","143.71"
"241","2012","16","Uttarakhand","Uttar Kashi","812.69","721.66","40.4","5.92","2.33","4.55","2.79","1.29","29.28","41.52","141.8"
"241","2013","16","Uttarakhand","Uttar Kashi","812.69","721.66","40.4","5.93","2.37","4.55","2.86","1.84","28.62","39.62","138.43"
"241","2014","16","Uttarakhand","Uttar Kashi","812.69","721.66","40.4","5.93","2.37","4.55","2.87","1.94","28.51","40.45","141.88"
"241","2015","16","Uttarakhand","Uttar Kashi","812.69","721.66","40.4","5.93","2.38","4.55","2.47","0.57","30.25","42.18","139.44"
"241","2016","16","Uttarakhand","Uttar Kashi","812.69","721.66","40.4","5.94","2.42","4.55","2.51","0.83","29.93","41.1","137.32"
"241","2017","16","Uttarakhand","Uttar Kashi","812.69","721.66","40.95","5.98","2.41","4.35","1.8","0.56","30.6","42.28","138.17"
"241","2018","16","Uttarakhand","Uttar Kashi","812.69","721.66","40.95","5.92","2.51","4.34","1.95","2.01","28.89","41.01","141.95"
"241","2019","16","Uttarakhand","Uttar Kashi","812.69","721.66","40.95","5.93","2.53","4.34","1.9","2.19","28.73","40.76","141.86"
"241","2020","16","Uttarakhand","Uttar Kashi","812.69","721.66","40.94","5.93","2.75","4.34","1.64","2.12","28.85","40.91","141.81"
"242","2000","16","Uttarakhand","Tehri Garhwal","485.77","322.05","4.79","4.89","77.06","0.58","5.69","6.6","63.84","102.13","159.98"
"242","2001","16","Uttarakhand","Tehri Garhwal","485.76","322.05","5.77","5.6","78.85","0.65","6.53","8.19","57.49","89.73","156.08"
"242","2002","16","Uttarakhand","Tehri Garhwal","485.77","322.05","5.84","5.68","78.37","0.54","6.97","8.74","56.21","87.61","155.86"
"242","2003","16","Uttarakhand","Tehri Garhwal","485.77","322.05","5.27","5.28","77.86","0.59","6.62","7.44","60.44","95.47","157.96"
"242","2004","16","Uttarakhand","Tehri Garhwal","485.77","322.05","5.47","5.3","78.12","0.59","5.78","7.06","61.26","99.24","162.0"
"242","2005","16","Uttarakhand","Tehri Garhwal","485.77","322.05","6.01","5.35","78.17","0.59","6.28","8.06","59.12","90.96","153.86"
"242","2006","16","Uttarakhand","Tehri Garhwal","485.77","322.05","6.07","6.2","77.84","0.6","4.85","7.85","58.47","89.05","152.3"
"242","2007","16","Uttarakhand","Tehri Garhwal","485.52","321.56","5.57","7.18","78.19","0.48","7.67","4.04","58.82","90.6","154.03"
"242","2008","16","Uttarakhand","Tehri Garhwal","485.52","321.56","5.57","7.18","78.01","0.48","5.67","3.54","61.54","96.93","157.51"
"242","2009","16","Uttarakhand","Tehri Garhwal","485.52","321.56","5.58","7.38","78.52","0.48","7.27","3.99","58.57","81.07","138.42"
"242","2010","16","Uttarakhand","Tehri Garhwal","485.52","321.56","5.6","7.59","78.85","0.48","8.67","7.09","53.48","79.16","148.02"
"242","2011","16","Uttarakhand","Tehri Garhwal","485.52","321.56","5.6","7.61","78.87","0.48","7.58","7.09","54.53","82.2","150.74"
"242","2012","16","Uttarakhand","Tehri Garhwal","485.52","321.56","5.89","7.07","73.98","0.22","8.56","9.31","54.41","82.91","152.38"
"242","2013","16","Uttarakhand","Tehri Garhwal","485.52","321.56","5.89","7.07","73.98","0.22","8.57","9.43","54.28","77.67","143.09"
"242","2014","16","Uttarakhand","Tehri Garhwal","485.52","321.56","5.89","7.07","73.99","0.22","8.57","9.1","54.6","82.22","150.59"
"242","2015","16","Uttarakhand","Tehri Garhwal","485.52","321.56","5.89","7.08","74.0","0.22","8.71","9.74","53.81","81.1","150.72"
"242","2016","16","Uttarakhand","Tehri Garhwal","485.52","321.56","5.88","7.09","74.08","0.22","8.86","10.31","52.99","78.92","148.93"
"242","2017","16","Uttarakhand","Tehri Garhwal","485.52","321.56","5.79","7.14","74.17","0.03","8.95","11.42","51.63","76.99","149.12"
"242","2018","16","Uttarakhand","Tehri Garhwal","485.52","321.56","5.79","7.07","74.86","0.03","8.97","11.65","50.66","73.29","144.68"
"242","2019","16","Uttarakhand","Tehri Garhwal","485.52","321.56","5.79","7.07","74.98","0.03","9.01","12.01","50.15","71.56","142.69"
"242","2020","16","Uttarakhand","Tehri Garhwal","485.52","321.56","5.79","7.07","76.92","0.03","9.64","12.51","47.07","66.77","141.86"
"243","2000","16","Uttarakhand","Garhwal","672.76","385.1","36.75","16.04","37.83","35.94","19.05","7.89","76.8","118.36","154.11"
"243","2001","16","Uttarakhand","Garhwal","672.77","385.1","36.03","15.42","37.86","35.25","17.75","5.78","83.59","127.15","152.11"
"243","2002","16","Uttarakhand","Garhwal","672.77","385.1","35.53","15.4","37.83","35.24","17.66","6.87","83.66","127.67","152.61"
"243","2003","16","Uttarakhand","Garhwal","672.85","385.1","35.51","15.3","38.0","35.18","17.98","7.02","82.88","127.71","154.09"
"243","2004","16","Uttarakhand","Garhwal","672.85","385.1","35.84","15.47","38.45","35.18","18.25","7.83","80.68","123.52","153.1"
"243","2005","16","Uttarakhand","Garhwal","673.43","385.1","36.01","15.79","38.13","35.13","18.3","7.72","81.49","124.67","152.99"
"243","2006","16","Uttarakhand","Garhwal","673.43","385.1","34.68","15.9","34.72","35.13","20.07","6.08","83.15","124.17","149.33"
"243","2007","16","Uttarakhand","Garhwal","669.06","385.09","33.31","15.91","31.98","34.31","21.95","6.18","80.96","116.37","143.74"
"243","2008","16","Uttarakhand","Garhwal","669.06","385.09","33.33","15.93","32.08","34.31","21.95","8.68","78.22","110.81","141.66"
"243","2009","16","Uttarakhand","Garhwal","669.06","385.09","33.4","15.97","35.9","34.31","27.07","2.03","76.28","105.58","138.41"
"243","2010","16","Uttarakhand","Garhwal","669.06","385.09","33.43","16.08","35.99","34.31","23.67","10.6","69.95","103.45","147.89"
"243","2011","16","Uttarakhand","Garhwal","669.06","385.09","33.44","16.1","36.08","34.31","23.11","13.38","67.57","98.11","145.2"
"243","2012","16","Uttarakhand","Garhwal","669.06","385.09","34.12","16.97","42.47","33.96","25.31","12.06","65.33","95.71","146.5"
"243","2013","16","Uttarakhand","Garhwal","669.06","385.09","34.12","16.98","42.48","33.96","25.31","12.55","64.83","91.33","140.88"
"243","2014","16","Uttarakhand","Garhwal","669.06","385.09","34.11","17.0","42.51","33.96","25.43","14.6","62.62","93.29","148.98"
"243","2015","16","Uttarakhand","Garhwal","669.06","385.09","34.11","17.05","42.53","33.96","25.51","14.98","62.09","82.36","132.65"
"243","2016","16","Uttarakhand","Garhwal","669.06","385.09","34.12","17.23","42.89","33.95","26.97","17.49","57.57","83.72","145.42"
"243","2017","16","Uttarakhand","Garhwal","669.06","385.09","36.64","17.26","43.55","32.37","26.5","23.79","49.73","71.27","143.31"
"243","2018","16","Uttarakhand","Garhwal","669.05","385.09","36.64","16.97","45.75","32.37","26.3","26.57","44.95","64.74","144.02"
"243","2019","16","Uttarakhand","Garhwal","669.05","385.09","36.64","16.98","45.86","32.37","26.51","26.93","44.24","62.67","141.67"
"243","2020","16","Uttarakhand","Garhwal","669.05","385.09","36.63","17.0","48.99","32.37","28.91","25.28","40.33","57.15","141.69"
"244","2000","16","Uttarakhand","Dehradun","371.62","201.83","2.13","22.51","63.64","0.26","5.77","6.38","53.73","79.22","147.44"
"244","2001","16","Uttarakhand","Dehradun","371.96","201.83","2.0","22.96","62.8","0.28","5.86","7.09","53.02","78.01","147.13"
"244","2002","16","Uttarakhand","Dehradun","372.11","204.69","3.62","21.4","63.44","0.2","8.3","5.76","49.98","77.64","155.34"
"244","2003","16","Uttarakhand","Dehradun","369.04","201.83","3.5","21.47","63.52","0.16","7.7","5.57","50.62","78.96","155.99"
"244","2004","16","Uttarakhand","Dehradun","368.99","201.83","3.64","21.82","64.03","0.33","7.53","7.72","46.97","73.52","156.53"
"244","2005","16","Uttarakhand","Dehradun","368.94","201.83","3.56","21.59","64.14","0.29","7.02","6.63","48.51","73.55","151.62"
"244","2006","16","Uttarakhand","Dehradun","368.94","201.83","3.64","22.81","60.39","0.38","7.99","8.99","48.24","70.97","147.12"
"244","2007","16","Uttarakhand","Dehradun","364.83","201.83","3.96","23.12","44.36","0.38","8.58","6.33","47.36","69.14","145.99"
"244","2008","16","Uttarakhand","Dehradun","364.83","203.66","3.98","22.87","44.87","0.36","8.09","5.77","46.25","66.36","143.48"
"244","2009","16","Uttarakhand","Dehradun","364.83","202.33","3.93","21.53","45.98","14.51","9.52","6.99","45.46","66.24","145.71"
"244","2010","16","Uttarakhand","Dehradun","364.83","202.33","3.93","21.61","46.14","14.5","14.52","4.08","43.14","64.98","150.63"
"244","2011","16","Uttarakhand","Dehradun","364.83","202.33","3.93","21.63","46.17","14.5","15.71","3.36","42.62","63.44","148.85"
"244","2012","16","Uttarakhand","Dehradun","364.83","202.33","2.48","21.76","53.43","9.76","11.81","5.03","41.97","62.31","148.46"
"244","2013","16","Uttarakhand","Dehradun","363.2","201.83","2.33","21.76","53.61","9.77","11.7","5.56","41.67","59.53","142.86"
"244","2014","16","Uttarakhand","Dehradun","363.37","201.83","2.34","22.82","53.63","9.74","11.71","3.97","43.22","58.98","136.46"
"244","2015","16","Uttarakhand","Dehradun","363.37","201.83","2.44","22.85","54.13","9.74","12.8","6.19","39.44","57.13","144.85"
"244","2016","16","Uttarakhand","Dehradun","363.37","201.83","2.43","22.91","54.18","9.74","12.83","6.23","39.32","57.32","145.78"
"244","2017","16","Uttarakhand","Dehradun","363.37","201.83","2.01","23.11","55.01","9.12","12.93","8.73","36.66","55.35","150.98"
"244","2018","16","Uttarakhand","Dehradun","362.96","201.83","2.0","21.76","54.29","9.12","14.28","7.07","35.36","51.83","146.59"
"244","2019","16","Uttarakhand","Dehradun","363.02","201.83","2.05","21.76","54.21","9.12","14.5","6.91","34.38","51.85","150.8"
"244","2020","16","Uttarakhand","Dehradun","363.02","201.83","2.05","22.82","54.28","9.12","14.47","7.4","33.69","50.53","149.98"
"601","2000","17","Assam","Cachar","691.1","254.42","59.68","82.27","4.42","6.24","11.79","10.51","228.97","299.35","130.74"
"601","2001","17","Assam","Cachar","691.1","254.42","59.68","82.27","4.42","6.24","11.26","9.81","230.2","307.37","133.52"
"601","2002","17","Assam","Cachar","692.2","254.42","59.68","82.27","4.42","6.24","10.58","11.86","228.84","315.23","137.75"
"601","2003","17","Assam","Cachar","692.2","264.88","59.68","71.82","4.42","6.24","10.36","11.09","229.82","315.4","137.24"
"601","2004","17","Assam","Cachar","692.2","264.88","59.68","71.82","4.42","6.24","10.16","11.58","229.53","325.14","141.65"
"601","2005","17","Assam","Cachar","691.1","264.88","59.68","71.82","4.42","6.24","10.16","11.58","229.53","339.28","147.82"
"601","2006","17","Assam","Cachar","691.1","264.88","59.68","71.82","4.42","6.24","10.16","11.58","229.53","326.35","142.18"
"601","2007","17","Assam","Cachar","691.1","256.83","38.24","103.82","4.42","6.24","10.16","11.58","229.53","327.23","142.57"
"601","2008","17","Assam","Cachar","691.1","256.83","38.24","103.82","4.42","6.24","6.65","6.95","241.67","340.66","140.96"
"601","2009","17","Assam","Cachar","691.1","256.83","38.24","103.82","4.42","6.24","6.65","6.9","241.72","343.71","142.19"
"601","2010","17","Assam","Cachar","691.1","256.83","38.24","103.82","4.42","6.24","6.65","6.9","241.72","337.45","139.6"
"601","2011","17","Assam","Cachar","691.1","256.83","38.24","103.82","4.42","6.24","6.65","6.9","241.72","344.47","142.51"
"601","2012","17","Assam","Cachar","692.2","247.96","12.5","86.42","19.08","13.36","4.91","4.66","270.82","332.65","122.83"
"601","2013","17","Assam","Cachar","692.2","245.48","13.09","90.98","19.07","13.34","4.91","4.74","268.31","317.32","118.27"
"601","2014","17","Assam","Cachar","692.2","245.48","13.09","90.98","19.07","13.34","4.91","4.74","268.31","326.72","121.77"
"601","2015","17","Assam","Cachar","692.2","245.54","16.57","89.92","19.07","13.34","4.91","4.67","265.9","322.17","121.16"
"601","2016","17","Assam","Cachar","692.2","245.54","18.95","86.17","21.46","14.13","5.06","6.0","261.67","352.06","134.54"
"601","2017","17","Assam","Cachar","692.2","245.54","20.36","98.97","23.59","14.13","6.3","8.59","240.88","335.39","139.24"
"601","2018","17","Assam","Cachar","692.2","245.54","19.98","99.1","24.97","14.02","6.58","8.02","240.57","335.65","139.53"
"601","2019","17","Assam","Cachar","692.2","245.54","19.93","87.69","25.41","14.0","7.65","7.75","238.82","334.27","139.97"
"601","2020","17","Assam","Cachar","692.2","245.54","19.02","88.75","24.91","13.47","7.24","6.78","245.32","342.17","139.48"
"602","2000","17","Assam","Darrang","878.5","180.41","55.62","195.46","5.69","17.82","7.05","9.41","370.17","576.65","155.78"
"602","2001","17","Assam","Darrang","878.5","180.41","55.62","195.46","5.69","17.82","7.05","10.61","368.97","536.33","145.36"
"602","2002","17","Assam","Darrang","878.5","180.41","55.62","195.46","5.69","17.82","6.46","18.15","362.02","532.79","147.17"
"602","2003","17","Assam","Darrang","878.5","181.52","55.62","194.37","5.69","17.82","6.16","18.7","361.77","535.74","148.09"
"602","2004","17","Assam","Darrang","878.5","181.52","55.62","194.37","5.69","17.82","6.16","18.41","362.06","539.65","149.05"
"602","2005","17","Assam","Darrang","878.5","181.52","55.62","194.37","5.69","17.82","6.16","18.41","362.06","551.77","152.4"
"602","2006","17","Assam","Darrang","878.5","181.52","55.62","194.37","5.69","17.82","6.16","18.41","362.06","491.87","135.85"
"602","2007","17","Assam","Darrang","878.5","168.53","54.66","209.61","5.69","17.82","6.16","18.41","362.06","517.13","142.83"
"602","2008","17","Assam","Darrang","879.4","169.52","47.47","218.66","6.69","18.88","4.28","17.5","367.86","561.93","152.76"
"602","2009","17","Assam","Darrang","879.4","169.52","47.47","218.66","6.69","18.88","4.28","17.44","367.92","559.89","152.18"
"602","2010","17","Assam","Darrang","879.4","169.52","47.47","218.66","6.69","18.88","4.28","17.44","367.92","577.85","157.06"
"602","2011","17","Assam","Darrang","879.4","169.52","47.47","218.66","6.69","18.88","4.28","17.44","367.92","574.27","156.09"
"602","2012","17","Assam","Darrang","879.1","191.91","48.77","198.45","10.61","21.22","4.37","7.75","365.16","538.92","147.58"
"602","2013","17","Assam","Darrang","879.1","191.91","48.67","200.47","11.4","21.34","4.38","10.27","360.22","542.51","150.61"
"602","2014","17","Assam","Darrang","879.1","191.91","49.1","199.59","10.78","21.34","4.38","10.27","362.5","561.79","154.98"
"602","2015","17","Assam","Darrang","879.1","192.84","49.1","199.47","9.78","21.34","4.38","10.17","362.81","558.24","153.87"
"602","2016","17","Assam","Darrang","879.1","191.91","49.1","200.47","6.42","19.83","4.41","9.1","370.61","546.78","147.54"
"602","2017","17","Assam","Darrang","879.1","191.91","49.09","200.46","6.37","19.84","4.41","8.36","371.42","543.22","146.25"
"602","2018","17","Assam","Darrang","879.1","191.91","49.12","203.82","7.58","20.01","4.74","10.2","364.46","532.85","146.2"
"602","2019","17","Assam","Darrang","879.1","191.91","51.12","199.64","7.58","20.01","6.31","11.34","356.74","517.55","145.08"
"602","2020","17","Assam","Darrang","880.1","192.91","52.4","257.61","8.44","22.25","7.41","15.68","345.14","516.65","149.69"
"603","2000","17","Assam","Dibrugarh","717.78","163.1","50.36","197.53","8.72","9.73","2.17","2.89","245.3","321.84","131.2"
"603","2001","17","Assam","Dibrugarh","717.78","163.1","50.36","197.53","8.72","9.73","2.62","10.32","237.43","319.34","134.5"
"603","2002","17","Assam","Dibrugarh","717.1","163.1","50.36","197.53","8.72","9.73","2.49","11.15","236.73","318.67","134.61"
"603","2003","17","Assam","Dibrugarh","717.1","163.18","50.36","197.46","8.72","9.73","2.59","12.03","235.76","317.83","134.81"
"603","2004","17","Assam","Dibrugarh","717.1","163.18","50.36","197.46","8.72","9.73","2.59","12.6","235.17","318.58","135.47"
"603","2005","17","Assam","Dibrugarh","717.78","163.18","50.36","197.46","8.72","9.73","2.59","12.6","235.17","310.28","131.94"
"603","2006","17","Assam","Dibrugarh","717.78","163.18","50.36","197.46","8.72","9.73","2.59","12.6","235.17","305.8","130.03"
"603","2007","17","Assam","Dibrugarh","717.78","154.94","50.3","207.08","8.72","9.73","2.59","12.6","235.17","286.54","121.84"
"603","2008","17","Assam","Dibrugarh","717.78","154.94","50.3","207.08","8.72","9.73","2.59","3.6","244.17","298.96","122.44"
"603","2009","17","Assam","Dibrugarh","717.78","154.94","50.3","207.08","8.72","9.73","2.59","3.56","244.21","306.86","125.65"
"603","2010","17","Assam","Dibrugarh","717.78","154.94","50.3","207.08","8.72","9.73","2.59","3.56","244.21","307.95","126.1"
"603","2011","17","Assam","Dibrugarh","717.78","154.94","50.3","207.08","8.72","9.73","2.59","3.56","244.21","309.63","126.79"
"603","2012","17","Assam","Dibrugarh","717.1","148.26","73.4","153.95","14.52","15.0","11.76","7.19","261.91","307.0","117.22"
"603","2013","17","Assam","Dibrugarh","717.1","148.26","69.02","153.95","12.49","10.52","10.66","5.62","280.03","321.38","114.77"
"603","2014","17","Assam","Dibrugarh","717.1","148.26","69.02","154.65","12.49","10.52","12.47","8.8","274.33","318.03","115.93"
"603","2015","17","Assam","Dibrugarh","717.1","148.26","69.02","154.65","12.49","10.52","12.47","8.8","274.33","322.21","117.45"
"603","2016","17","Assam","Dibrugarh","717.1","148.26","68.52","149.82","12.41","10.47","14.3","9.35","277.73","309.85","111.57"
"603","2017","17","Assam","Dibrugarh","717.1","148.26","74.6","135.87","14.75","10.71","13.67","8.77","283.32","308.61","108.93"
"603","2018","17","Assam","Dibrugarh","717.1","148.26","74.56","135.6","14.74","10.71","13.64","8.99","283.47","311.5","109.89"
"603","2019","17","Assam","Dibrugarh","717.1","148.26","74.56","150.93","14.74","10.71","13.64","11.58","280.87","309.97","110.36"
"603","2020","17","Assam","Dibrugarh","717.1","148.26","74.56","150.93","14.74","10.71","13.64","11.08","281.38","309.85","110.12"
"604","2000","17","Assam","Goalpara","1024.15","294.18","100.28","136.28","10.05","25.62","9.49","20.57","399.3","624.61","156.43"
"604","2001","17","Assam","Goalpara","1024.15","294.18","100.28","136.29","10.05","25.62","9.61","18.51","401.25","619.27","154.34"
"604","2002","17","Assam","Goalpara","1028.5","294.18","100.28","136.29","10.05","25.62","8.8","22.2","398.37","613.1","153.9"
"604","2003","17","Assam","Goalpara","1028.5","292.41","100.28","138.07","10.05","25.62","8.8","22.66","397.91","609.0","153.05"
"604","2004","17","Assam","Goalpara","1028.5","292.41","100.28","138.07","10.05","25.62","8.69","22.66","398.02","599.44","150.61"
"604","2005","17","Assam","Goalpara","1024.15","292.41","100.28","138.07","10.05","25.62","8.69","22.66","398.02","639.01","160.55"
"604","2006","17","Assam","Goalpara","1024.15","292.41","100.28","138.07","10.05","25.62","8.69","22.66","398.02","611.85","153.72"
"604","2007","17","Assam","Goalpara","1024.15","273.14","99.28","161.1","10.05","25.62","8.69","22.66","398.02","633.81","159.24"
"604","2008","17","Assam","Goalpara","980.75","243.7","94.39","163.33","10.2","25.67","7.16","18.95","396.36","601.06","151.64"
"604","2009","17","Assam","Goalpara","980.75","243.7","94.39","163.33","10.2","25.67","7.16","18.95","396.36","630.3","159.02"
"604","2010","17","Assam","Goalpara","980.75","243.7","94.39","163.33","10.2","25.67","7.16","18.95","396.36","641.82","161.93"
"604","2011","17","Assam","Goalpara","996.92","262.27","94.55","161.01","10.14","25.49","7.16","18.95","396.36","628.59","158.59"
"604","2012","17","Assam","Goalpara","953.28","294.87","73.85","124.01","17.32","26.61","9.88","14.36","369.39","628.48","170.14"
"604","2013","17","Assam","Goalpara","953.28","294.87","73.32","129.08","17.61","26.26","10.07","14.07","364.84","617.03","169.12"
"604","2014","17","Assam","Goalpara","953.28","294.87","73.8","129.47","17.54","26.28","10.05","13.07","365.09","611.3","167.44"
"604","2015","17","Assam","Goalpara","953.28","297.58","73.8","129.47","14.83","26.28","10.9","13.31","364.0","611.75","168.07"
"604","2016","17","Assam","Goalpara","953.28","294.87","57.18","136.88","16.37","16.72","10.84","13.27","380.37","612.89","161.13"
"604","2017","17","Assam","Goalpara","953.28","294.87","70.87","141.64","18.07","25.78","12.1","13.18","352.15","591.64","168.01"
"604","2018","17","Assam","Goalpara","953.28","294.86","70.05","142.47","17.37","23.91","11.36","13.67","354.12","585.94","165.47"
"604","2019","17","Assam","Goalpara","953.28","294.86","71.13","135.14","17.72","24.01","11.74","14.07","351.59","588.36","167.34"
"604","2020","17","Assam","Goalpara","954.28","270.15","76.09","146.96","18.2","26.23","11.23","14.98","357.76","564.95","157.92"
"605","2000","17","Assam","Kamrup","982.7","217.57","39.36","113.78","4.3","40.47","4.22","10.19","513.31","766.01","149.23"
"605","2001","17","Assam","Kamrup","982.7","217.57","39.36","113.78","4.3","40.47","4.13","12.02","511.57","737.55","144.17"
"605","2002","17","Assam","Kamrup","982.7","217.57","39.36","113.78","4.3","40.47","4.49","17.81","505.42","722.55","142.96"
"605","2003","17","Assam","Kamrup","982.7","218.55","39.36","112.8","4.3","40.47","4.29","17.34","506.09","724.97","143.25"
"605","2004","17","Assam","Kamrup","982.7","218.55","39.36","112.8","4.3","40.47","4.24","17.05","506.42","671.68","132.63"
"605","2005","17","Assam","Kamrup","982.7","218.55","39.36","112.8","4.3","40.47","4.24","17.05","506.42","672.27","132.75"
"605","2006","17","Assam","Kamrup","982.7","218.55","39.36","112.8","4.3","40.47","4.24","17.05","506.42","646.78","127.72"
"605","2007","17","Assam","Kamrup","982.7","208.44","37.54","126.93","4.3","40.47","4.24","17.05","506.42","656.69","129.67"
"605","2008","17","Assam","Kamrup","983.8","223.06","51.73","110.58","5.3","41.4","4.67","0.04","512.7","727.68","141.93"
"605","2009","17","Assam","Kamrup","983.8","223.06","51.73","110.58","5.3","41.4","4.67","0.04","512.7","731.34","142.64"
"605","2010","17","Assam","Kamrup","984.8","224.06","52.73","111.58","6.3","42.41","5.67","1.04","513.7","746.19","145.26"
"605","2011","17","Assam","Kamrup","957.86","193.12","52.8","110.02","7.8","42.41","7.67","3.04","513.7","745.92","145.21"
"605","2012","17","Assam","Kamrup","985.1","165.55","50.14","181.9","27.42","37.8","19.5","16.54","447.9","691.83","154.46"
"605","2013","17","Assam","Kamrup","985.1","165.55","48.23","182.15","27.15","37.24","19.09","15.02","452.2","707.53","156.46"
"605","2014","17","Assam","Kamrup","985.1","165.55","48.23","182.15","27.15","37.24","19.09","15.02","452.2","697.39","154.22"
"605","2015","17","Assam","Kamrup","985.1","161.84","54.55","193.96","25.76","37.07","19.89","20.72","430.96","678.33","157.4"
"605","2016","17","Assam","Kamrup","985.1","163.55","52.27","198.65","24.62","37.19","20.05","19.78","425.66","676.86","159.01"
"605","2017","17","Assam","Kamrup","985.1","165.55","56.03","199.44","25.94","38.57","19.7","20.16","418.98","664.48","158.59"
"605","2018","17","Assam","Kamrup","985.1","163.55","56.04","199.72","25.94","38.26","19.61","20.04","419.09","663.05","158.21"
"605","2019","17","Assam","Kamrup","985.1","165.55","56.02","188.13","25.94","38.24","19.65","20.0","419.13","662.71","158.12"
"605","2020","17","Assam","Kamrup","981.37","165.55","54.02","190.6","25.84","35.6","18.66","19.33","421.56","657.4","155.94"
"606","2000","17","Assam","Karbi Anglong","1032.4","312.66","592.4","-1.0","-1.0","-1.0","-1.0","-1.0","125.34","194.6","155.26"
"606","2001","17","Assam","Karbi Anglong","1032.4","312.66","592.53","-1.0","-1.0","-1.0","-1.0","-1.0","125.21","193.32","154.4"
"606","2002","17","Assam","Karbi Anglong","1042.4","312.66","592.48","-1.0","-1.0","-1.0","-1.0","-1.0","125.26","194.04","154.91"
"606","2003","17","Assam","Karbi Anglong","1042.4","318.29","586.22","-1.0","-1.0","-1.0","-1.0","-1.0","125.89","200.96","159.63"
"606","2004","17","Assam","Karbi Anglong","1042.4","318.29","586.71","-1.0","-1.0","-1.0","-1.0","-1.0","125.4","197.77","157.71"
"606","2005","17","Assam","Karbi Anglong","1032.4","318.29","586.71","-1.0","-1.0","-1.0","-1.0","-1.0","125.4","198.17","158.03"
"606","2006","17","Assam","Karbi Anglong","1032.4","318.29","586.71","-1.0","-1.0","-1.0","-1.0","-1.0","125.4","199.65","159.21"
"606","2007","17","Assam","Karbi Anglong","1032.4","318.29","586.71","-1.0","-1.0","-1.0","-1.0","-1.0","125.4","196.18","156.44"
"606","2008","17","Assam","Karbi Anglong","1032.4","318.29","586.71","-1.0","-1.0","-1.0","-1.0","-1.0","125.4","200.14","159.6"
"606","2009","17","Assam","Karbi Anglong","1032.4","318.29","586.71","-1.0","-1.0","-1.0","-1.0","-1.0","125.4","199.65","159.21"
"606","2010","17","Assam","Karbi Anglong","1032.4","318.29","586.71","-1.0","-1.0","-1.0","-1.0","-1.0","125.4","201.56","160.73"
"606","2011","17","Assam","Karbi Anglong","1032.4","318.29","586.71","-1.0","-1.0","-1.0","-1.0","-1.0","125.4","200.72","160.06"
"606","2012","17","Assam","Karbi Anglong","1042.4","319.84","459.23","133.85","-1.0","-1.0","-1.0","-1.0","126.48","209.31","165.49"
"606","2013","17","Assam","Karbi Anglong","1042.4","319.84","459.23","133.85","-1.0","-1.0","-1.0","-1.0","126.48","207.57","164.11"
"606","2014","17","Assam","Karbi Anglong","1042.4","319.84","459.23","133.85","-1.0","-1.0","-1.0","-1.0","126.48","205.38","162.38"
"606","2015","17","Assam","Karbi Anglong","1042.4","319.84","459.23","133.85","-1.0","-1.0","-1.0","-1.0","126.48","208.43","164.79"
"606","2016","17","Assam","Karbi Anglong","1042.4","319.84","459.23","133.85","-2.0","-2.0","-2.0","-2.0","126.48","218.71","172.92"
"606","2017","17","Assam","Karbi Anglong","1042.4","319.84","459.23","133.85","-1.0","-1.0","-1.0","-1.0","126.48","220.9","174.65"
"606","2018","17","Assam","Karbi Anglong","1042.4","319.84","459.23","133.85","-2.0","-2.0","-2.0","-2.0","126.48","208.92","165.19"
"606","2019","17","Assam","Karbi Anglong","1042.4","319.84","459.23","133.85","-1.0","-1.0","-1.0","-1.0","126.48","208.07","164.52"
"606","2020","17","Assam","Karbi Anglong","1043.4","320.84","454.79","44.6","0.0","0.0","0.0","0.0","127.48","207.62","162.87"
"607","2000","17","Assam","Lakhimpur","558.72","99.23","87.16","132.95","19.09","20.15","8.9","8.67","162.78","285.68","175.5"
"607","2001","17","Assam","Lakhimpur","558.72","99.23","87.16","132.95","19.09","20.15","8.9","8.46","162.98","274.03","168.14"
"607","2002","17","Assam","Lakhimpur","551.4","99.23","87.16","132.95","19.09","20.15","8.16","10.13","162.05","272.65","168.25"
"607","2003","17","Assam","Lakhimpur","551.4","99.81","87.16","132.37","19.09","20.15","7.54","10.64","162.17","272.41","167.98"
"607","2004","17","Assam","Lakhimpur","551.4","99.81","87.16","132.37","19.09","23.15","7.54","10.13","162.68","281.54","173.06"
"607","2005","17","Assam","Lakhimpur","558.72","99.81","87.16","132.37","19.09","20.15","7.54","10.13","162.68","296.27","182.12"
"607","2006","17","Assam","Lakhimpur","558.72","99.81","87.16","132.37","19.09","20.15","7.54","10.13","162.68","295.27","181.5"
"607","2007","17","Assam","Lakhimpur","558.72","88.74","86.47","144.86","19.09","20.15","7.54","10.13","162.68","300.04","184.44"
"607","2008","17","Assam","Lakhimpur","558.72","88.74","86.47","144.86","19.09","20.15","7.54","5.13","167.68","305.48","182.18"
"607","2009","17","Assam","Lakhimpur","558.72","88.74","86.47","144.86","19.09","20.15","7.56","5.11","167.68","312.03","186.09"
"607","2010","17","Assam","Lakhimpur","558.72","88.74","86.47","144.86","19.09","20.15","7.56","5.11","167.68","326.74","194.86"
"607","2011","17","Assam","Lakhimpur","558.72","88.74","86.47","144.86","19.09","20.15","7.56","5.11","167.68","344.44","205.42"
"607","2012","17","Assam","Lakhimpur","551.4","90.47","49.51","134.17","25.16","19.18","15.4","6.17","183.57","340.32","185.39"
"607","2013","17","Assam","Lakhimpur","551.4","90.47","49.51","134.17","25.16","19.18","15.4","6.17","183.57","327.19","178.24"
"607","2014","17","Assam","Lakhimpur","551.4","90.47","49.51","134.17","25.16","19.18","15.4","6.17","183.57","314.19","171.16"
"607","2015","17","Assam","Lakhimpur","551.4","90.47","49.51","134.17","25.16","19.18","15.4","6.17","183.57","312.89","170.45"
"607","2016","17","Assam","Lakhimpur","551.4","90.42","49.5","157.99","24.73","18.94","10.86","8.97","164.16","296.98","180.91"
"607","2017","17","Assam","Lakhimpur","551.4","90.42","49.5","156.74","25.78","19.03","10.82","9.07","165.66","306.83","185.22"
"607","2018","17","Assam","Lakhimpur","551.4","90.42","49.5","156.74","25.78","19.03","10.81","9.08","165.66","312.29","188.51"
"607","2019","17","Assam","Lakhimpur","551.4","90.42","49.5","134.17","25.78","19.03","10.81","9.08","165.66","295.53","178.4"
"607","2020","17","Assam","Lakhimpur","551.4","90.42","49.5","134.17","23.83","18.93","8.95","9.04","169.5","278.09","164.06"
"608","2000","17","Assam","North Cachar Hil / Dima hasao","488.8","67.49","393.06","0.0","0.0","0.0","0.0","0.0","28.25","35.78","126.65"
"608","2001","17","Assam","North Cachar Hil / Dima hasao","488.8","67.49","393.0","0.0","0.0","0.0","0.0","0.0","28.32","36.1","127.47"
"608","2002","17","Assam","North Cachar Hil / Dima hasao","488.8","67.49","393.11","0.0","0.0","0.0","0.0","0.0","28.2","36.47","129.33"
"608","2003","17","Assam","North Cachar Hil / Dima hasao","488.8","67.28","393.6","0.0","0.0","0.0","0.0","0.0","27.92","34.87","124.89"
"608","2004","17","Assam","North Cachar Hil / Dima hasao","488.8","67.28","393.35","0.0","0.0","0.0","0.0","0.0","28.17","38.7","137.38"
"608","2005","17","Assam","North Cachar Hil / Dima hasao","488.8","67.28","393.35","0.0","0.0","0.0","0.0","0.0","28.17","41.88","148.67"
"608","2006","17","Assam","North Cachar Hil / Dima hasao","488.8","67.28","393.35","0.0","0.0","0.0","0.0","0.0","28.17","41.43","147.07"
"608","2007","17","Assam","North Cachar Hil / Dima hasao","488.8","67.28","393.35","0.0","0.0","0.0","0.0","0.0","28.17","42.41","150.55"
"608","2008","17","Assam","North Cachar Hil / Dima hasao","488.8","67.28","393.35","0.0","0.0","0.0","0.0","0.0","28.17","42.35","150.34"
"608","2009","17","Assam","North Cachar Hil / Dima hasao","488.8","67.28","393.35","0.0","0.0","0.0","0.0","0.0","28.17","54.74","194.32"
"608","2010","17","Assam","North Cachar Hil / Dima hasao","488.8","67.28","393.35","0.0","0.0","0.0","0.0","0.0","28.17","56.48","200.5"
"608","2011","17","Assam","North Cachar Hil / Dima hasao","488.8","67.28","393.35","0.0","0.0","0.0","0.0","0.0","28.17","54.22","192.47"
"608","2012","17","Assam","North Cachar Hil / Dima hasao","488.8","67.28","379.32","0.0","0.0","0.0","0.0","0.0","42.2","54.27","128.6"
"608","2013","17","Assam","North Cachar Hil / Dima hasao","488.8","67.28","379.32","0.0","0.0","0.0","0.0","0.0","42.2","55.96","132.61"
"608","2014","17","Assam","North Cachar Hil / Dima hasao","488.8","67.28","379.32","0.0","0.0","0.0","0.0","0.0","42.2","54.37","128.84"
"608","2015","17","Assam","North Cachar Hil / Dima hasao","488.8","67.28","379.32","0.0","0.0","0.0","0.0","0.0","42.2","54.84","129.95"
"608","2016","17","Assam","North Cachar Hil / Dima hasao","488.8","67.28","379.3","-1.0","-1.0","-1.0","-1.0","-1.0","42.22","54.71","129.58"
"608","2017","17","Assam","North Cachar Hil / Dima hasao","488.8","67.28","379.3","0.0","0.0","0.0","0.0","0.0","42.22","54.46","128.99"
"608","2018","17","Assam","North Cachar Hil / Dima hasao","488.8","67.28","379.3","-1.0","-1.0","-1.0","-1.0","-1.0","42.22","55.99","132.63"
"608","2019","17","Assam","North Cachar Hil / Dima hasao","488.8","67.28","379.3","-1.0","0.0","0.0","0.0","0.0","42.22","56.74","134.41"
"608","2020","17","Assam","North Cachar Hil / Dima hasao","488.8","67.28","379.3","-1.0","0.0","0.0","0.0","0.0","42.22","55.52","131.51"
"609","2000","17","Assam","Nagaon","568.8","114.56","26.65","50.73","3.21","13.3","1.89","2.3","335.13","507.66","151.48"
"609","2001","17","Assam","Nagaon","568.8","114.56","26.65","51.83","3.48","13.3","2.59","9.3","326.05","478.15","146.65"
"609","2002","17","Assam","Nagaon","552.5","114.56","26.65","51.83","3.48","13.3","2.59","9.75","325.62","496.04","152.34"
"609","2003","17","Assam","Nagaon","552.5","118.45","26.65","47.94","3.48","13.3","2.59","10.47","324.88","486.6","149.78"
"609","2004","17","Assam","Nagaon","552.5","118.45","26.65","47.94","3.48","13.3","2.52","10.26","325.18","455.54","140.09"
"609","2005","17","Assam","Nagaon","568.8","118.45","26.65","47.94","3.48","13.3","2.52","10.26","325.18","422.32","129.87"
"609","2006","17","Assam","Nagaon","568.8","118.45","26.65","47.94","3.48","13.3","2.52","10.26","325.18","396.52","121.94"
"609","2007","17","Assam","Nagaon","568.8","100.23","24.2","69.49","3.48","13.3","2.52","10.26","325.18","414.6","127.5"
"609","2008","17","Assam","Nagaon","568.8","100.23","24.2","70.05","3.48","13.3","1.96","8.79","326.64","407.49","124.75"
"609","2009","17","Assam","Nagaon","568.8","100.23","24.2","70.05","3.48","13.3","1.96","8.79","326.64","412.25","126.21"
"609","2010","17","Assam","Nagaon","568.8","100.23","24.2","70.05","3.48","13.3","1.96","8.79","326.64","414.63","126.94"
"609","2011","17","Assam","Nagaon","568.8","100.23","24.2","70.05","3.48","13.3","1.96","8.79","326.64","426.13","130.46"
"609","2012","17","Assam","Nagaon","551.4","83.19","16.28","94.58","10.3","17.8","4.63","7.27","290.99","423.75","145.62"
"609","2013","17","Assam","Nagaon","551.4","83.19","16.28","94.58","10.3","17.8","4.63","7.27","290.99","441.05","151.57"
"609","2014","17","Assam","Nagaon","551.4","83.19","16.28","94.58","10.3","17.8","4.63","7.27","290.99","446.86","153.57"
"609","2015","17","Assam","Nagaon","551.4","83.19","16.28","94.58","10.3","17.8","4.63","7.27","290.99","445.08","152.95"
"609","2016","17","Assam","Nagaon","551.4","83.19","19.89","96.17","12.98","16.93","5.9","8.94","277.68","469.86","169.21"
"609","2017","17","Assam","Nagaon","551.4","83.19","20.91","87.84","19.95","15.96","6.68","9.15","277.68","479.17","172.56"
"609","2018","17","Assam","Nagaon","551.4","83.19","20.8","89.4","18.66","16.93","5.9","8.93","277.68","463.29","166.84"
"609","2019","17","Assam","Nagaon","551.4","83.19","20.8","95.49","18.66","16.93","5.9","8.93","277.68","460.67","165.9"
"609","2020","17","Assam","Nagaon","543.36","86.14","17.47","101.01","12.55","21.34","5.61","5.99","294.66","439.15","149.04"
"610","2000","17","Assam","Sivasagar","897.46","219.49","38.51","161.86","12.31","18.05","12.93","6.71","375.13","469.94","125.27"
"610","2001","17","Assam","Sivasagar","897.46","219.49","38.51","161.86","12.31","18.05","10.88","10.99","372.9","472.6","126.74"
"610","2002","17","Assam","Sivasagar","900.1","219.49","38.51","161.86","12.31","18.05","10.14","13.73","370.91","446.95","120.5"
"610","2003","17","Assam","Sivasagar","900.1","220.05","38.51","161.3","12.31","18.05","8.96","15.0","370.82","449.46","121.21"
"610","2004","17","Assam","Sivasagar","900.1","220.05","38.51","161.3","12.31","18.05","8.9","15.1","370.78","458.71","123.71"
"610","2005","17","Assam","Sivasagar","897.46","220.05","38.51","161.3","12.31","18.05","8.9","15.1","370.78","468.18","126.27"
"610","2006","17","Assam","Sivasagar","897.46","220.05","38.51","161.3","12.31","18.05","8.9","15.1","370.78","438.17","118.18"
"610","2007","17","Assam","Sivasagar","897.46","207.28","27.73","186.04","12.31","18.05","8.9","15.1","370.78","454.52","122.58"
"610","2008","17","Assam","Sivasagar","897.46","207.28","27.73","186.24","12.31","18.05","8.7","11.77","374.11","470.99","125.9"
"610","2009","17","Assam","Sivasagar","897.46","207.28","27.73","186.24","12.31","18.05","8.7","11.77","374.11","506.16","135.3"
"610","2010","17","Assam","Sivasagar","897.46","207.28","27.73","186.24","12.31","18.05","8.7","11.77","374.11","507.0","135.52"
"610","2011","17","Assam","Sivasagar","897.46","207.28","27.73","186.24","12.31","18.05","8.7","11.77","374.11","504.15","134.76"
"610","2012","17","Assam","Sivasagar","900.1","211.36","21.98","140.28","15.1","16.73","10.76","19.01","413.19","503.9","121.95"
"610","2013","17","Assam","Sivasagar","900.1","211.36","23.47","139.78","15.1","16.73","10.9","18.32","413.74","521.9","126.14"
"610","2014","17","Assam","Sivasagar","900.1","211.36","19.98","136.55","13.73","15.72","11.23","16.86","424.72","505.17","118.94"
"610","2015","17","Assam","Sivasagar","900.1","211.36","20.2","137.13","14.1","15.72","10.61","17.72","423.32","504.91","119.27"
"610","2016","17","Assam","Sivasagar","900.1","211.36","25.26","118.52","18.74","29.88","15.7","24.14","410.37","507.99","123.79"
"610","2017","17","Assam","Sivasagar","900.1","211.36","25.22","118.2","19.2","29.91","12.93","23.23","413.91","500.15","120.84"
"610","2018","17","Assam","Sivasagar","900.1","211.35","25.46","119.08","18.43","22.95","12.98","23.24","419.69","494.18","117.75"
"610","2019","17","Assam","Sivasagar","900.1","211.35","24.46","140.27","18.69","23.95","17.7","29.02","410.2","501.41","122.24"
"610","2020","17","Assam","Sivasagar","902.1","213.35","26.66","212.87","20.82","24.88","20.75","30.75","414.79","486.7","117.34"
"626","2000","18","Himachal Pradesh","Bilashpur","115.45","12.45","6.54","11.75","6.42","44.86","1.2","1.89","30.21","57.97","191.89"
"626","2001","18","Himachal Pradesh","Bilashpur","111.78","12.87","6.82","11.95","6.26","40.95","1.11","1.32","30.37","57.78","190.25"
"626","2002","18","Himachal Pradesh","Bilashpur","111.78","12.87","6.85","11.87","6.17","41.06","1.41","1.5","29.91","57.29","191.54"
"626","2003","18","Himachal Pradesh","Bilashpur","111.78","13.28","4.9","14.41","6.19","40.67","1.19","1.12","29.86","57.24","191.69"
"626","2004","18","Himachal Pradesh","Bilashpur","111.78","14.01","4.29","15.09","6.15","39.56","1.22","1.14","30.17","57.59","190.88"
"626","2005","18","Himachal Pradesh","Bilashpur","111.78","14.01","4.38","14.91","6.06","39.59","1.24","1.63","29.85","54.71","183.28"
"626","2006","18","Himachal Pradesh","Bilashpur","111.78","14.01","4.4","14.81","6.22","38.46","1.08","1.68","31.0","57.83","186.55"
"626","2007","18","Himachal Pradesh","Bilashpur","111.78","14.01","4.4","14.93","6.17","38.89","1.13","1.68","30.42","62.68","206.05"
"626","2008","18","Himachal Pradesh","Bilashpur","111.78","14.01","4.3","15.25","6.22","39.43","0.97","1.49","29.97","56.51","188.56"
"626","2009","18","Himachal Pradesh","Bilashpur","111.78","14.01","4.3","15.84","6.14","39.52","1.03","1.65","29.13","56.01","192.28"
"626","2010","18","Himachal Pradesh","Bilashpur","111.78","14.01","4.44","15.85","6.06","39.58","0.96","1.54","29.19","56.9","194.93"
"626","2011","18","Himachal Pradesh","Bilashpur","111.78","14.01","4.44","15.85","6.06","39.58","0.96","1.54","29.19","56.01","191.88"
"626","2012","18","Himachal Pradesh","Bilashpur","111.78","14.01","4.44","15.85","5.43","39.58","0.96","1.54","29.82","53.74","180.21"
"626","2013","18","Himachal Pradesh","Bilashpur","111.78","14.01","4.44","15.85","5.43","39.58","0.96","1.54","29.82","53.45","179.24"
"626","2014","18","Himachal Pradesh","Bilashpur","111.78","14.01","4.44","15.85","5.43","39.58","0.96","1.54","29.82","52.04","174.51"
"626","2015","18","Himachal Pradesh","Bilashpur","111.78","14.01","4.44","15.85","5.43","39.58","0.96","1.54","29.82","51.79","173.68"
"626","2016","18","Himachal Pradesh","Bilashpur","111.78","13.8","3.34","17.18","5.43","39.58","0.96","1.54","29.82","55.51","186.15"
"626","2017","18","Himachal Pradesh","Bilashpur","626.0","111.78","13.8","3.34","17.18","5.43","39.58","0.96","1.53","29.82","1942.35"
"626","2018","18","Himachal Pradesh","Bilashpur","111.78","13.8","3.34","15.85","5.43","39.58","0.96","1.53","29.82","58.78","197.14"
"626","2019","18","Himachal Pradesh","Bilashpur","111.78","13.8","3.34","15.85","5.43","39.58","0.96","1.53","29.82","40.31","135.21"
"626","2020","18","Himachal Pradesh","Bilashpur","626.0","111.78","13.8","3.34","17.18","5.43","39.58","0.96","1.53","29.82","1942.35"
"627","2000","18","Himachal Pradesh","Chamba","692.42","272.01","5.5","11.72","5.92","352.59","0.15","1.83","42.68","62.54","146.53"
"627","2001","18","Himachal Pradesh","Chamba","692.42","272.01","5.5","11.72","5.99","352.59","0.24","1.82","42.54","68.31","160.58"
"627","2002","18","Himachal Pradesh","Chamba","692.42","272.01","5.5","11.72","6.27","352.59","0.25","2.28","41.78","65.61","157.04"
"627","2003","18","Himachal Pradesh","Chamba","692.42","272.01","5.5","11.72","6.19","352.59","0.25","2.2","41.94","66.26","157.99"
"627","2004","18","Himachal Pradesh","Chamba","692.42","272.01","5.5","11.72","6.41","352.59","0.22","2.08","41.86","64.22","153.42"
"627","2005","18","Himachal Pradesh","Chamba","692.42","272.01","5.5","11.72","6.21","352.59","0.23","2.26","41.89","66.73","159.3"
"627","2006","18","Himachal Pradesh","Chamba","692.42","272.01","5.26","12.75","6.37","351.16","0.93","1.7","42.22","67.32","159.45"
"627","2007","18","Himachal Pradesh","Chamba","692.42","272.01","5.24","12.83","6.02","351.16","0.96","2.56","41.63","66.71","160.25"
"627","2008","18","Himachal Pradesh","Chamba","692.42","272.01","4.88","15.1","6.86","349.02","0.94","1.58","41.81","68.44","163.69"
"627","2009","18","Himachal Pradesh","Chamba","692.42","272.01","4.81","15.35","6.85","348.8","0.85","1.77","41.76","67.53","161.71"
"627","2010","18","Himachal Pradesh","Chamba","692.42","272.01","4.75","15.38","6.87","348.87","0.73","1.94","41.64","67.78","162.78"
"627","2011","18","Himachal Pradesh","Chamba","692.42","272.01","4.75","15.4","6.89","348.86","0.71","2.05","41.53","66.83","160.92"
"627","2012","18","Himachal Pradesh","Chamba","692.42","272.01","4.72","15.68","6.91","348.68","0.74","6.21","37.14","68.83","185.33"
"627","2013","18","Himachal Pradesh","Chamba","692.42","272.01","4.85","13.65","6.93","350.88","0.64","1.97","41.35","69.11","167.13"
"627","2014","18","Himachal Pradesh","Chamba","692.42","272.01","4.85","13.65","6.93","350.88","0.64","1.77","41.55","72.1","173.53"
"627","2015","18","Himachal Pradesh","Chamba","692.42","272.01","4.85","13.65","6.93","350.88","0.64","1.97","41.35","70.09","169.5"
"627","2016","18","Himachal Pradesh","Chamba","692.42","272.01","4.85","13.65","6.63","350.88","0.63","1.78","41.86","69.78","166.7"
"627","2017","18","Himachal Pradesh","Chamba","627.0","692.42","272.01","4.85","13.47","6.89","350.88","0.63","2.84","40.71","1431.43"
"627","2018","18","Himachal Pradesh","Chamba","692.42","272.01","4.85","15.68","6.49","350.88","0.62","2.72","41.16","66.54","161.66"
"627","2019","18","Himachal Pradesh","Chamba","692.42","272.01","4.85","13.65","6.46","350.88","0.62","5.02","38.9","66.54","171.08"
"627","2020","18","Himachal Pradesh","Chamba","627.0","692.42","272.01","4.85","13.55","6.46","350.88","0.49","4.59","39.45","859.43"
"629","2000","18","Himachal Pradesh","Kangra","843.06","269.58","49.42","124.5","59.37","109.58","3.08","18.69","194.01","355.1","183.03"
"629","2001","18","Himachal Pradesh","Kangra","843.05","268.85","54.39","124.44","56.32","105.6","2.92","20.54","192.48","361.06","187.58"
"629","2002","18","Himachal Pradesh","Kangra","843.05","268.67","54.7","125.04","56.6","105.65","3.96","20.15","192.86","361.74","187.57"
"629","2003","18","Himachal Pradesh","Kangra","843.11","268.11","54.67","124.54","62.1","106.0","5.29","17.8","188.7","360.2","190.89"
"629","2004","18","Himachal Pradesh","Kangra","843.11","268.23","52.9","126.16","58.92","107.16","5.52","18.95","189.46","359.68","189.84"
"629","2005","18","Himachal Pradesh","Kangra","842.67","268.1","53.21","124.35","62.44","106.2","5.14","20.31","187.67","357.45","190.47"
"629","2006","18","Himachal Pradesh","Kangra","842.78","268.12","54.48","123.93","61.34","105.53","5.2","20.27","188.58","356.33","188.95"
"629","2007","18","Himachal Pradesh","Kangra","842.82","268.92","50.43","123.58","64.43","107.0","5.13","17.78","190.31","361.2","189.8"
"629","2008","18","Himachal Pradesh","Kangra","842.82","268.9","48.78","121.77","62.42","112.01","5.06","19.11","189.43","360.15","190.12"
"629","2009","18","Himachal Pradesh","Kangra","842.78","267.3","52.84","118.5","62.86","112.91","4.83","20.8","187.74","362.21","192.93"
"629","2010","18","Himachal Pradesh","Kangra","842.78","267.3","52.84","118.51","62.02","112.91","4.82","19.91","189.58","355.05","187.28"
"629","2011","18","Himachal Pradesh","Kangra","842.78","267.3","52.84","118.42","62.04","112.91","4.85","19.45","190.07","352.47","185.44"
"629","2012","18","Himachal Pradesh","Kangra","842.76","265.37","51.69","115.72","63.27","115.9","4.57","20.74","191.68","347.84","181.47"
"629","2013","18","Himachal Pradesh","Kangra","842.76","265.37","51.69","116.13","62.58","116.83","4.72","20.75","190.85","349.76","183.26"
"629","2014","18","Himachal Pradesh","Kangra","843.26","265.37","51.69","118.22","62.32","116.53","4.9","19.96","190.94","345.58","180.99"
"629","2015","18","Himachal Pradesh","Kangra","842.75","265.71","56.27","118.07","60.0","109.33","5.68","20.84","191.71","357.88","186.68"
"629","2016","18","Himachal Pradesh","Kangra","842.75","264.38","63.28","108.36","60.82","112.18","5.57","22.51","190.45","384.31","201.79"
"629","2017","18","Himachal Pradesh","Kangra","1894.0","842.83","262.31","60.8","110.05","53.84","115.88","6.02","30.66","184.53","601.96"
"629","2018","18","Himachal Pradesh","Kangra","842.83","262.32","57.87","115.72","54.74","117.81","5.96","30.16","183.98","343.18","186.53"
"629","2019","18","Himachal Pradesh","Kangra","842.83","262.32","57.87","135.96","54.63","117.81","5.96","34.7","179.5","339.51","189.14"
"629","2020","18","Himachal Pradesh","Kangra","1894.0","842.83","262.32","57.88","109.52","59.01","120.59","5.45","35.56","174.81","491.54"
"630","2000","18","Himachal Pradesh","Kinnaur","655.3","37.17","134.45","121.05","3.65","318.03","0.11","1.63","7.59","9.33","122.92"
"630","2001","18","Himachal Pradesh","Kinnaur","655.3","36.9","130.89","124.64","3.67","318.13","0.11","1.75","7.58","9.09","119.92"
"630","2002","18","Himachal Pradesh","Kinnaur","655.3","37.36","130.92","124.54","3.55","317.83","0.08","2.09","7.27","8.59","118.16"
"630","2003","18","Himachal Pradesh","Kinnaur","655.3","37.58","130.86","124.6","3.61","317.7","0.06","1.77","7.48","8.75","116.98"
"630","2004","18","Himachal Pradesh","Kinnaur","655.3","37.58","130.86","124.63","3.49","317.55","0.06","2.01","7.48","9.06","121.12"
"630","2005","18","Himachal Pradesh","Kinnaur","624.31","37.58","131.13","124.84","3.49","317.6","0.12","1.88","7.6","9.02","118.68"
"630","2006","18","Himachal Pradesh","Kinnaur","624.31","37.58","131.13","124.84","3.44","317.54","0.13","1.97","7.55","8.97","118.81"
"630","2007","18","Himachal Pradesh","Kinnaur","624.22","37.53","133.34","117.74","3.49","322.28","0.1","1.74","7.88","9.63","122.21"
"630","2008","18","Himachal Pradesh","Kinnaur","624.22","37.61","133.34","117.79","3.29","322.34","0.06","1.82","7.87","9.62","122.24"
"630","2009","18","Himachal Pradesh","Kinnaur","624.21","38.56","132.43","117.88","3.32","322.17","0.09","1.62","8.03","9.55","118.93"
"630","2010","18","Himachal Pradesh","Kinnaur","624.22","38.59","132.44","117.88","3.25","322.04","0.08","1.51","8.31","10.65","128.16"
"630","2011","18","Himachal Pradesh","Kinnaur","624.22","38.58","132.42","117.89","3.23","322.05","0.08","1.47","8.39","10.09","120.26"
"630","2012","18","Himachal Pradesh","Kinnaur","624.22","38.7","132.23","118.11","3.19","321.87","0.13","1.55","8.33","9.8","117.65"
"630","2013","18","Himachal Pradesh","Kinnaur","624.22","38.7","132.23","118.11","3.23","321.88","0.09","1.67","8.22","10.52","127.98"
"630","2014","18","Himachal Pradesh","Kinnaur","624.22","38.7","132.24","118.0","3.16","321.95","0.09","1.63","8.33","10.61","127.37"
"630","2015","18","Himachal Pradesh","Kinnaur","624.2","38.59","130.84","121.7","3.77","319.14","0.08","1.69","8.17","10.8","132.19"
"630","2016","18","Himachal Pradesh","Kinnaur","624.2","38.59","130.84","121.86","3.18","319.57","0.12","1.55","8.26","10.63","128.69"
"630","2017","18","Himachal Pradesh","Kinnaur","630.0","624.2","38.7","130.86","125.76","3.06","315.66","0.13","1.8","8.01","444.62"
"630","2018","18","Himachal Pradesh","Kinnaur","624.2","38.69","130.83","118.11","2.99","315.61","0.17","1.77","8.1","10.88","134.34"
"630","2019","18","Himachal Pradesh","Kinnaur","624.2","37.69","124.98","118.11","2.84","314.9","0.14","1.75","8.26","11.09","134.27"
"630","2020","18","Himachal Pradesh","Kinnaur","630.0","624.2","37.78","124.98","133.41","2.7","314.95","0.18","1.35","8.71","643.68"
"631","2000","18","Himachal Pradesh","Kullu","50.1","0.0","1.13","5.98","3.03","0.0","0.17","2.27","37.19","66.82","179.67"
"631","2001","18","Himachal Pradesh","Kullu","50.1","0.0","1.13","6.0","2.98","0.0","0.17","2.4","37.09","61.41","165.57"
"631","2002","18","Himachal Pradesh","Kullu","50.1","0.0","1.13","6.08","2.83","0.0","0.0","3.03","36.71","60.56","164.97"
"631","2003","18","Himachal Pradesh","Kullu","50.1","0.0","1.13","6.05","2.82","0.0","0.0","3.42","36.34","65.09","179.11"
"631","2004","18","Himachal Pradesh","Kullu","50.1","0.0","1.13","6.08","2.95","0.0","0.0","3.39","36.22","64.97","179.38"
"631","2005","18","Himachal Pradesh","Kullu","50.1","0.0","1.13","6.11","2.93","0.0","0.11","2.9","36.59","65.78","179.78"
"631","2006","18","Himachal Pradesh","Kullu","50.1","0.0","1.13","6.11","2.3","0.0","0.0","3.11","37.0","62.0","167.57"
"631","2007","18","Himachal Pradesh","Kullu","50.1","0.88","1.08","6.59","2.42","1.44","0.09","3.2","37.24","60.95","163.67"
"631","2008","18","Himachal Pradesh","Kullu","50.1","0.88","2.01","5.83","2.47","1.44","0.29","2.79","37.24","64.25","172.53"
"631","2009","18","Himachal Pradesh","Kullu","64.22","2.52","3.21","7.93","1.26","3.91","0.44","2.72","38.43","58.54","152.33"
"631","2010","18","Himachal Pradesh","Kullu","64.22","2.52","3.21","7.93","1.3","3.91","0.46","2.6","38.49","59.6","154.85"
"631","2011","18","Himachal Pradesh","Kullu","64.22","2.52","3.2","7.95","0.98","3.91","0.82","2.47","38.58","58.87","152.59"
"631","2012","18","Himachal Pradesh","Kullu","64.22","2.52","3.21","8.12","0.99","3.91","0.75","2.68","38.25","58.14","152.0"
"631","2013","18","Himachal Pradesh","Kullu","64.22","2.52","3.03","8.06","2.38","4.1","0.46","2.94","37.67","56.38","149.67"
"631","2014","18","Himachal Pradesh","Kullu","65.24","2.52","3.08","7.34","2.51","5.88","0.46","3.06","37.31","55.51","148.78"
"631","2015","18","Himachal Pradesh","Kullu","65.47","1.63","2.73","7.13","2.21","7.08","0.46","2.68","37.93","54.19","142.87"
"631","2016","18","Himachal Pradesh","Kullu","65.48","1.63","2.73","7.12","2.21","7.08","0.45","4.16","36.47","55.55","152.32"
"631","2017","18","Himachal Pradesh","Kullu","631.0","65.47","1.63","2.73","7.05","2.17","7.08","0.56","3.46","37.18","1074.2"
"631","2018","18","Himachal Pradesh","Kullu","65.47","1.63","2.73","8.12","2.19","7.08","0.56","3.15","37.46","52.9","141.21"
"631","2019","18","Himachal Pradesh","Kullu","65.47","1.63","2.73","8.05","2.17","7.08","0.57","3.06","37.56","53.31","141.93"
"631","2020","18","Himachal Pradesh","Kullu","631.0","65.47","1.63","2.73","7.05","2.18","7.08","0.56","3.02","37.59","1243.15"
"632","2000","18","Himachal Pradesh","Lahul & Spiti","911.16","135.38","546.7","4.64","0.59","220.14","0.02","0.1","3.49","3.6","103.15"
"632","2001","18","Himachal Pradesh","Lahul & Spiti","911.16","135.37","546.7","4.87","0.59","220.11","0.02","0.11","3.3","3.38","102.42"
"632","2002","18","Himachal Pradesh","Lahul & Spiti","911.16","135.37","546.7","4.87","0.59","220.11","0.0","0.09","3.33","3.41","102.4"
"632","2003","18","Himachal Pradesh","Lahul & Spiti","911.16","135.37","415.83","135.73","0.6","220.1","0.01","0.37","3.04","3.17","104.28"
"632","2004","18","Himachal Pradesh","Lahul & Spiti","911.16","135.37","415.83","135.73","0.6","220.1","0.0","0.12","3.29","3.49","106.08"
"632","2005","18","Himachal Pradesh","Lahul & Spiti","911.16","135.37","415.83","135.73","0.6","220.1","0.0","0.12","3.29","3.46","105.17"
"632","2006","18","Himachal Pradesh","Lahul & Spiti","911.16","135.37","415.83","135.76","0.6","220.1","0.0","0.13","3.28","3.46","105.49"
"632","2007","18","Himachal Pradesh","Lahul & Spiti","911.16","135.37","415.83","135.76","0.6","220.1","0.0","0.13","3.28","3.44","104.88"
"632","2008","18","Himachal Pradesh","Lahul & Spiti","911.16","135.37","415.83","135.76","0.59","220.06","0.0","0.1","3.36","3.55","105.65"
"632","2009","18","Himachal Pradesh","Lahul & Spiti","911.2","137.38","541.31","16.86","0.56","211.47","0.0","0.1","3.4","3.59","105.59"
"632","2010","18","Himachal Pradesh","Lahul & Spiti","911.21","137.38","541.31","16.86","0.57","211.47","0.0","0.11","3.4","3.52","103.53"
"632","2011","18","Himachal Pradesh","Lahul & Spiti","911.2","137.38","541.31","16.86","0.57","211.45","0.0","0.14","3.38","3.49","103.25"
"632","2012","18","Himachal Pradesh","Lahul & Spiti","911.2","137.38","541.31","16.86","0.57","211.45","0.0","0.14","3.38","3.53","104.44"
"632","2013","18","Himachal Pradesh","Lahul & Spiti","911.2","137.38","541.31","16.86","0.57","211.45","0.0","0.13","3.4","3.56","104.71"
"632","2014","18","Himachal Pradesh","Lahul & Spiti","911.2","137.38","541.31","16.86","0.57","211.44","0.0","0.12","3.4","3.72","109.41"
"632","2015","18","Himachal Pradesh","Lahul & Spiti","911.2","137.38","541.31","16.86","0.57","211.45","0.0","0.13","3.4","3.44","101.18"
"632","2016","18","Himachal Pradesh","Lahul & Spiti","911.2","137.38","541.31","16.86","0.57","211.44","0.0","0.13","3.4","4.24","124.71"
"632","2017","18","Himachal Pradesh","Lahul & Spiti","632.0","911.2","137.38","541.31","16.86","0.57","211.24","0.0","0.19","3.5","1823.44"
"632","2018","18","Himachal Pradesh","Lahul & Spiti","911.2","137.38","541.31","16.86","0.57","211.23","0.0","0.16","3.55","3.63","102.23"
"632","2019","18","Himachal Pradesh","Lahul & Spiti","911.2","137.38","541.31","16.86","0.57","211.24","0.0","0.15","3.53","3.54","100.28"
"632","2020","18","Himachal Pradesh","Lahul & Spiti","632.0","911.2","137.38","541.31","16.87","0.57","211.24","0.0","0.15","3.54","2341.06"
"633","2000","18","Himachal Pradesh","Solan","180.92","20.29","15.25","9.68","11.96","77.7","1.19","5.02","39.01","63.7","163.29"
"633","2001","18","Himachal Pradesh","Solan","180.92","20.29","14.41","9.6","12.19","78.57","1.17","5.57","38.27","64.08","167.44"
"633","2002","18","Himachal Pradesh","Solan","180.92","20.29","14.22","9.78","12.48","78.42","1.03","4.6","39.26","61.69","157.13"
"633","2003","18","Himachal Pradesh","Solan","180.92","20.29","14.17","10.83","14.35","75.47","1.36","3.96","38.92","63.92","164.23"
"633","2004","18","Himachal Pradesh","Solan","180.92","20.29","13.81","10.51","14.29","77.0","1.03","4.01","39.37","64.98","165.05"
"633","2005","18","Himachal Pradesh","Solan","180.92","20.28","12.45","11.93","14.77","77.31","0.59","4.93","38.27","62.99","164.59"
"633","2006","18","Himachal Pradesh","Solan","180.92","20.29","12.4","12.15","14.54","77.28","0.94","4.39","38.39","64.03","166.79"
"633","2007","18","Himachal Pradesh","Solan","180.92","20.29","12.41","12.21","15.05","77.28","1.08","4.74","37.32","63.71","170.71"
"633","2008","18","Himachal Pradesh","Solan","180.92","20.29","11.71","12.95","14.88","77.28","2.38","3.29","37.61","63.71","169.4"
"633","2009","18","Himachal Pradesh","Solan","180.92","20.29","11.71","12.55","9.58","83.99","1.99","2.9","37.37","64.24","171.9"
"633","2010","18","Himachal Pradesh","Solan","180.92","20.27","10.9","13.29","14.98","77.7","2.9","2.59","37.75","62.46","165.46"
"633","2011","18","Himachal Pradesh","Solan","180.92","20.27","11.86","12.62","14.07","77.89","3.1","3.49","37.0","60.74","164.16"
"633","2012","18","Himachal Pradesh","Solan","180.95","20.22","11.23","13.53","12.95","79.32","2.82","3.91","35.91","66.19","184.32"
"633","2013","18","Himachal Pradesh","Solan","180.95","20.22","11.23","13.53","12.95","79.32","2.82","3.91","35.91","75.08","209.08"
"633","2014","18","Himachal Pradesh","Solan","180.95","20.22","11.23","13.53","12.95","79.32","2.81","3.92","35.91","61.71","171.85"
"633","2015","18","Himachal Pradesh","Solan","180.95","20.22","11.24","13.53","12.94","79.32","2.8","3.93","35.91","63.66","177.28"
"633","2016","18","Himachal Pradesh","Solan","180.95","20.22","11.24","13.53","12.94","79.32","2.8","3.93","35.91","55.56","154.72"
"633","2017","18","Himachal Pradesh","Solan","633.0","180.98","20.24","12.31","12.93","14.55","76.54","2.55","4.96","35.98","725.05"
"633","2018","18","Himachal Pradesh","Solan","180.98","20.24","12.31","13.53","14.55","76.54","2.55","4.96","35.98","62.11","172.6"
"633","2019","18","Himachal Pradesh","Solan","181.79","21.01","10.04","13.53","14.6","76.25","5.04","9.41","30.04","55.64","185.19"
"633","2020","18","Himachal Pradesh","Solan","633.0","181.79","21.01","9.15","13.87","15.49","75.97","6.19","8.25","31.36","380.16"
"634","2000","18","Himachal Pradesh","Mandi","397.64","174.33","25.11","0.0","4.41","96.27","0.66","10.74","85.79","157.73","183.86"
"634","2001","18","Himachal Pradesh","Mandi","397.82","175.38","24.99","0.0","4.48","96.38","0.15","8.79","87.31","156.66","179.43"
"634","2002","18","Himachal Pradesh","Mandi","397.82","175.38","25.02","0.0","4.42","96.39","0.33","9.66","86.37","159.85","185.08"
"634","2003","18","Himachal Pradesh","Mandi","397.82","175.38","25.02","0.0","4.51","96.39","0.19","10.37","85.71","160.47","187.22"
"634","2004","18","Himachal Pradesh","Mandi","397.82","175.38","23.43","1.59","4.51","96.39","0.18","10.52","85.62","158.55","185.18"
"634","2005","18","Himachal Pradesh","Mandi","397.82","175.23","8.17","16.94","4.41","96.25","0.14","9.59","86.74","156.43","180.34"
"634","2006","18","Himachal Pradesh","Mandi","397.82","175.23","8.88","16.22","4.51","96.25","0.14","10.39","85.85","161.09","187.64"
"634","2007","18","Himachal Pradesh","Mandi","397.82","175.23","8.88","16.22","4.5","96.25","0.14","9.82","86.42","160.07","185.22"
"634","2008","18","Himachal Pradesh","Mandi","397.83","175.24","8.88","16.23","4.49","96.24","0.33","9.48","86.6","159.19","183.82"
"634","2009","18","Himachal Pradesh","Mandi","397.83","175.24","8.57","16.55","4.49","96.24","0.55","9.24","86.63","157.68","182.02"
"634","2010","18","Himachal Pradesh","Mandi","397.95","175.29","8.59","16.57","4.51","96.25","1.06","6.56","88.78","160.61","180.91"
"634","2011","18","Himachal Pradesh","Mandi","397.95","175.29","6.5","16.16","4.18","96.25","0.99","6.71","91.52","160.1","174.93"
"634","2012","18","Himachal Pradesh","Mandi","397.96","175.25","6.71","15.59","4.75","96.12","1.23","6.16","91.94","161.6","175.77"
"634","2013","18","Himachal Pradesh","Mandi","398.29","176.94","4.22","17.02","5.1","96.41","1.36","6.07","91.0","159.49","175.26"
"634","2014","18","Himachal Pradesh","Mandi","398.31","177.52","3.64","21.05","5.07","94.93","1.74","3.65","90.6","160.96","177.66"
"634","2015","18","Himachal Pradesh","Mandi","398.31","178.51","2.96","21.3","4.79","93.9","1.82","2.31","92.56","159.08","171.87"
"634","2016","18","Himachal Pradesh","Mandi","398.89","178.81","2.85","22.16","5.41","94.64","1.65","2.41","90.81","161.89","178.27"
"634","2017","18","Himachal Pradesh","Mandi","634.0","397.57","179.32","2.19","23.75","5.73","90.99","1.21","2.42","91.87","3788.29"
"634","2018","18","Himachal Pradesh","Mandi","397.57","179.25","2.71","15.59","5.83","91.85","1.02","3.31","90.47","154.94","171.26"
"634","2019","18","Himachal Pradesh","Mandi","397.2","177.65","3.24","17.02","5.6","92.42","0.9","3.42","92.13","161.67","175.48"
"634","2020","18","Himachal Pradesh","Mandi","634.0","398.21","178.17","3.11","22.04","6.56","93.57","1.3","3.6","89.74","2492.83"
"635","2000","18","Himachal Pradesh","Shimla","513.1","123.94","14.65","13.93","14.33","252.33","5.19","8.54","72.55","94.03","129.61"
"635","2001","18","Himachal Pradesh","Shimla","513.1","128.51","13.29","13.78","14.83","248.66","5.57","9.85","69.27","97.4","140.61"
"635","2002","18","Himachal Pradesh","Shimla","513.1","129.18","12.73","14.66","13.5","249.09","5.68","11.75","67.3","93.48","138.9"
"635","2003","18","Himachal Pradesh","Shimla","513.1","128.7","11.94","14.96","12.38","249.22","5.71","10.86","67.74","95.82","141.45"
"635","2004","18","Himachal Pradesh","Shimla","513.1","129.8","15.74","16.01","14.82","233.33","3.57","13.79","67.86","94.23","138.86"
"635","2005","18","Himachal Pradesh","Shimla","508.87","129.93","15.75","16.32","21.4","229.22","3.57","14.63","66.62","92.35","138.62"
"635","2006","18","Himachal Pradesh","Shimla","508.87","130.1","15.92","16.37","21.33","227.85","3.66","15.99","66.2","87.16","131.66"
"635","2007","18","Himachal Pradesh","Shimla","508.9","130.41","15.68","16.64","21.23","228.59","3.98","13.34","67.21","90.26","134.3"
"635","2008","18","Himachal Pradesh","Shimla","508.91","130.41","15.68","16.66","21.21","228.57","3.98","15.61","64.97","86.02","132.4"
"635","2009","18","Himachal Pradesh","Shimla","508.91","130.41","15.68","16.66","21.21","226.26","6.44","14.85","65.58","86.9","132.51"
"635","2010","18","Himachal Pradesh","Shimla","525.39","149.69","11.52","19.87","13.08","235.21","5.09","16.09","65.94","86.47","131.13"
"635","2011","18","Himachal Pradesh","Shimla","525.33","150.08","11.65","18.12","12.47","237.96","5.2","12.62","69.62","87.95","126.33"
"635","2012","18","Himachal Pradesh","Shimla","525.33","150.08","11.65","18.18","12.0","237.96","5.23","11.35","71.27","87.92","123.36"
"635","2013","18","Himachal Pradesh","Shimla","525.33","150.35","11.63","18.18","10.86","237.72","5.63","13.32","69.9","86.93","124.36"
"635","2014","18","Himachal Pradesh","Shimla","525.33","150.35","11.95","18.47","10.44","236.89","6.93","13.54","69.06","86.97","125.93"
"635","2015","18","Himachal Pradesh","Shimla","525.33","150.35","12.03","18.54","10.73","235.87","6.92","12.82","70.33","86.29","122.69"
"635","2016","18","Himachal Pradesh","Shimla","525.33","150.35","12.15","18.72","10.74","235.76","7.16","12.29","70.52","86.88","123.2"
"635","2017","18","Himachal Pradesh","Shimla","635.0","525.33","150.37","12.09","19.02","10.72","235.26","6.52","11.84","71.95","607.73"
"635","2018","18","Himachal Pradesh","Shimla","525.33","151.56","12.09","18.18","10.47","234.0","5.36","11.66","72.59","87.53","120.58"
"635","2019","18","Himachal Pradesh","Shimla","525.33","151.56","12.09","18.18","10.06","231.12","6.45","14.73","71.79","87.09","121.32"
"635","2020","18","Himachal Pradesh","Shimla","635.0","525.33","151.56","12.09","18.84","10.0","230.96","6.38","14.38","72.42","503.49"
"636","2000","18","Himachal Pradesh","Sirmaur","224.75","48.4","8.47","10.48","14.78","57.77","1.73","3.45","42.09","76.73","182.3"
"636","2001","18","Himachal Pradesh","Sirmaur","224.75","48.5","8.47","10.48","14.82","57.69","1.63","4.14","41.45","76.57","184.73"
"636","2002","18","Himachal Pradesh","Sirmaur","224.75","48.34","8.49","10.65","15.8","56.89","2.41","5.18","39.8","72.99","183.39"
"636","2003","18","Himachal Pradesh","Sirmaur","224.75","48.34","8.49","10.66","15.67","56.89","2.48","4.26","40.78","74.7","183.18"
"636","2004","18","Himachal Pradesh","Sirmaur","224.75","48.34","8.49","10.66","15.3","56.84","2.28","4.43","41.22","75.75","183.77"
"636","2005","18","Himachal Pradesh","Sirmaur","224.75","48.33","8.53","10.47","15.74","57.01","2.3","4.57","40.5","74.6","184.2"
"636","2006","18","Himachal Pradesh","Sirmaur","224.75","48.33","8.53","10.47","15.97","57.01","2.49","3.9","40.76","75.61","185.5"
"636","2007","18","Himachal Pradesh","Sirmaur","224.74","48.31","8.53","10.46","12.53","56.94","4.97","5.2","40.48","75.84","187.35"
"636","2008","18","Himachal Pradesh","Sirmaur","224.74","48.31","8.53","10.47","12.66","56.94","5.88","4.03","40.62","74.68","183.85"
"636","2009","18","Himachal Pradesh","Sirmaur","224.74","48.28","8.54","10.54","11.96","58.56","5.91","4.35","40.35","74.35","184.26"
"636","2010","18","Himachal Pradesh","Sirmaur","224.76","48.68","8.52","10.55","11.48","59.58","5.18","4.67","40.31","75.63","187.62"
"636","2011","18","Himachal Pradesh","Sirmaur","224.76","48.68","8.52","10.55","11.17","59.58","5.55","4.22","40.7","75.32","185.06"
"636","2012","18","Himachal Pradesh","Sirmaur","224.76","48.68","8.52","10.59","11.24","59.58","5.41","4.71","40.24","75.91","188.64"
"636","2013","18","Himachal Pradesh","Sirmaur","224.76","48.67","8.53","10.71","10.65","59.41","5.26","4.82","40.46","75.53","186.68"
"636","2014","18","Himachal Pradesh","Sirmaur","224.76","48.66","8.71","10.66","13.19","57.01","2.43","5.13","41.49","69.01","166.33"
"636","2015","18","Himachal Pradesh","Sirmaur","224.76","48.42","7.11","12.1","12.12","55.54","2.93","6.01","40.13","75.37","187.81"
"636","2016","18","Himachal Pradesh","Sirmaur","224.76","48.22","6.41","12.97","13.8","57.51","2.01","5.48","40.07","74.89","186.9"
"636","2017","18","Himachal Pradesh","Sirmaur","636.0","224.76","48.14","6.47","12.8","16.72","57.48","1.95","5.13","39.26","764.84"
"636","2018","18","Himachal Pradesh","Sirmaur","224.76","48.14","6.38","10.59","16.35","57.73","1.86","5.42","39.23","73.53","187.45"
"636","2019","18","Himachal Pradesh","Sirmaur","224.76","48.13","6.35","10.71","16.07","58.62","1.81","5.86","38.89","73.22","188.25"
"636","2020","18","Himachal Pradesh","Sirmaur","636.0","224.76","48.15","6.34","12.93","16.44","57.82","1.76","6.39","38.46","601.5"
"651","2000","19","Kerala","Alappuzha","136.06","0.0","0.1","23.85","3.36","0.0","3.06","11.18","94.33","138.6","146.93"
"651","2001","19","Kerala","Alappuzha","136.06","0.0","0.1","24.09","4.76","0.0","3.36","9.68","93.87","130.13","138.63"
"651","2002","19","Kerala","Alappuzha","136.06","0.0","0.09","24.11","7.42","0.0","4.15","5.47","94.64","123.42","130.41"
"651","2003","19","Kerala","Alappuzha","136.06","0.0","0.08","24.26","8.32","0.0","4.68","4.68","93.82","126.5","134.83"
"651","2004","19","Kerala","Alappuzha","136.06","0.0","0.07","25.34","7.83","0.0","4.47","7.83","93.98","126.87","135.0"
"651","2005","19","Kerala","Alappuzha","141.01","0.0","0.07","24.15","6.53","0.0","4.88","4.2","87.21","121.41","139.22"
"651","2006","19","Kerala","Alappuzha","141.01","0.0","0.58","20.73","12.62","0.0","5.43","5.43","83.55","113.76","136.16"
"651","2007","19","Kerala","Alappuzha","141.01","0.0","0.15","20.86","13.96","0.0","4.46","4.63","84.48","109.46","129.57"
"651","2008","19","Kerala","Alappuzha","141.01","0.0","0.18","21.0","13.47","0.0","4.3","2.94","86.42","105.04","121.55"
"651","2009","19","Kerala","Alappuzha","141.01","0.0","0.18","21.76","14.26","0.0","4.06","2.34","85.7","105.16","122.71"
"651","2010","19","Kerala","Alappuzha","141.01","0.0","0.03","20.88","12.83","0.04","3.95","3.15","87.45","108.49","124.06"
"651","2011","19","Kerala","Alappuzha","141.01","0.0","0.02","22.28","15.33","0.0","2.25","3.3","85.16","107.39","126.1"
"651","2012","19","Kerala","Alappuzha","141.01","0.0","0.02","35.06","15.68","0.0","1.93","2.9","85.36","104.29","122.18"
"651","2013","19","Kerala","Alappuzha","141.01","0.0","0.03","35.11","15.06","0.0","2.67","3.36","84.71","106.62","125.86"
"651","2014","19","Kerala","Alappuzha","141.01","0.0","0.01","36.06","16.42","0.0","3.19","3.12","82.13","103.14","125.58"
"651","2015","19","Kerala","Alappuzha","141.01","0.0","0.01","25.11","13.69","0.0","2.49","3.18","83.59","101.5","121.43"
"651","2016","19","Kerala","Alappuzha","141.01","0.0","0.01","24.32","13.91","0.0","1.9","3.41","84.59","102.62","121.31"
"651","2017","19","Kerala","Alappuzha","141.01","0.0","0.01","25.15","14.92","0.0","2.45","1.82","83.73","110.12","131.52"
"651","2018","19","Kerala","Alappuzha","141.01","0.0","0.0","35.06","14.46","0.0","2.2","2.55","83.6","111.74","133.66"
"651","2019","19","Kerala","Alappuzha","141.01","0.0","0.01","35.11","14.05","0.0","1.73","2.57","84.48","111.72","132.23"
"651","2020","19","Kerala","Alappuzha","141.01","0.0","0.01","36.06","11.48","0.0","2.29","2.8","86.22","109.1","126.54"
"652","2000","19","Kerala","Kannur","567.67","82.06","12.97","57.66","15.08","0.02","4.92","9.12","379.03","502.4","132.55"
"652","2001","19","Kerala","Kannur","567.67","82.06","13.25","61.32","16.77","0.02","4.28","8.01","375.65","491.7","130.89"
"652","2002","19","Kerala","Kannur","567.67","82.06","13.71","61.8","16.12","0.01","5.4","8.09","374.78","486.41","129.79"
"652","2003","19","Kerala","Kannur","567.67","82.06","13.77","62.07","16.23","0.05","5.93","7.76","375.16","481.39","128.32"
"652","2004","19","Kerala","Kannur","567.67","82.06","13.87","66.79","15.4","0.05","5.99","15.4","371.85","482.87","129.86"
"652","2005","19","Kerala","Kannur","571.16","82.06","12.49","54.82","13.37","0.04","5.77","8.63","377.33","487.64","129.23"
"652","2006","19","Kerala","Kannur","571.16","82.06","13.42","56.32","16.55","0.03","5.13","7.63","376.72","464.48","123.3"
"652","2007","19","Kerala","Kannur","571.16","82.06","12.44","57.21","18.8","0.02","4.74","7.79","375.7","434.02","115.52"
"652","2008","19","Kerala","Kannur","571.16","82.06","12.29","58.08","17.86","0.0","4.67","7.03","377.15","418.97","111.09"
"652","2009","19","Kerala","Kannur","571.16","82.06","9.94","58.93","19.7","0.0","5.0","8.05","374.12","414.22","110.72"
"652","2010","19","Kerala","Kannur","571.16","82.06","9.78","60.57","16.86","0.0","5.2","0.62","382.74","417.41","109.06"
"652","2011","19","Kerala","Kannur","571.16","82.06","8.43","63.03","14.93","0.0","5.06","6.94","377.45","437.94","116.03"
"652","2012","19","Kerala","Kannur","571.16","82.06","7.86","77.94","15.11","0.0","5.37","6.33","375.84","431.12","114.71"
"652","2013","19","Kerala","Kannur","571.16","82.06","5.41","73.45","16.8","0.0","5.47","5.98","381.46","432.58","113.4"
"652","2014","19","Kerala","Kannur","571.16","82.06","5.51","76.6","16.19","0.0","4.96","6.54","378.78","433.98","114.57"
"652","2015","19","Kerala","Kannur","571.16","82.06","5.19","66.79","16.25","0.0","5.6","7.77","374.11","444.05","118.69"
"652","2016","19","Kerala","Kannur","571.16","82.06","4.84","67.82","16.22","0.0","6.79","7.54","372.5","435.83","117.0"
"652","2017","19","Kerala","Kannur","571.16","82.06","4.6","69.77","15.82","0.0","5.8","6.46","373.38","437.32","117.13"
"652","2018","19","Kerala","Kannur","571.16","82.06","4.33","77.95","15.16","0.0","5.67","5.93","372.21","436.5","117.27"
"652","2019","19","Kerala","Kannur","571.16","82.06","4.89","73.45","17.16","0.0","5.94","5.02","371.99","443.93","119.34"
"652","2020","19","Kerala","Kannur","571.16","82.06","3.97","76.61","14.04","0.0","4.28","4.81","377.49","437.48","115.89"
"653","2000","19","Kerala","Eranakulam","338.31","60.3","2.01","44.15","7.25","0.04","2.48","6.25","214.8","276.75","128.84"
"653","2001","19","Kerala","Eranakulam","338.31","60.3","2.07","45.78","7.47","0.05","3.07","7.09","211.69","273.95","129.41"
"653","2002","19","Kerala","Eranakulam","338.31","60.3","2.1","46.15","7.61","0.05","2.5","6.62","212.11","272.56","128.5"
"653","2003","19","Kerala","Eranakulam","338.31","60.3","2.05","46.51","6.86","0.03","3.07","7.07","211.74","267.75","126.45"
"653","2004","19","Kerala","Eranakulam","338.31","60.3","1.91","53.66","7.47","0.03","3.09","7.47","204.82","273.67","133.62"
"653","2005","19","Kerala","Eranakulam","393.1","110.3","2.12","54.6","10.78","0.03","7.34","12.54","183.09","267.85","146.29"
"653","2006","19","Kerala","Eranakulam","393.1","110.3","1.09","45.91","9.05","0.05","5.95","9.54","198.41","263.32","132.72"
"653","2007","19","Kerala","Eranakulam","393.1","110.3","0.93","44.6","8.48","0.03","5.49","9.96","201.37","243.93","121.13"
"653","2008","19","Kerala","Eranakulam","393.1","110.3","1.75","41.03","9.13","0.03","6.62","11.03","200.91","236.25","117.59"
"653","2009","19","Kerala","Eranakulam","393.1","110.3","1.61","39.19","10.48","0.04","7.35","11.09","200.39","236.89","118.21"
"653","2010","19","Kerala","Eranakulam","393.1","110.3","0.89","42.43","11.73","0.03","7.69","10.64","197.25","233.22","118.24"
"653","2011","19","Kerala","Eranakulam","393.1","110.3","0.81","42.65","12.89","0.02","8.82","10.68","184.7","227.75","123.31"
"653","2012","19","Kerala","Eranakulam","393.1","110.3","0.83","56.45","10.87","0.02","9.67","11.98","192.79","217.4","112.76"
"653","2013","19","Kerala","Eranakulam","393.1","110.3","0.95","56.63","11.53","0.0","10.59","9.92","193.01","217.79","112.84"
"653","2014","19","Kerala","Eranakulam","393.1","110.3","0.65","58.98","12.59","0.0","7.56","9.33","193.44","220.87","114.18"
"653","2015","19","Kerala","Eranakulam","393.1","110.3","0.61","45.68","12.83","0.0","8.15","11.19","190.23","219.64","115.46"
"653","2016","19","Kerala","Eranakulam","393.1","110.3","0.69","47.19","13.9","0.0","8.26","9.2","189.47","220.16","116.2"
"653","2017","19","Kerala","Eranakulam","393.1","110.3","0.63","48.13","15.46","0.0","6.81","8.33","189.38","218.99","115.63"
"653","2018","19","Kerala","Eranakulam","393.09","110.3","0.57","56.45","16.12","0.0","7.06","7.73","187.82","215.27","114.61"
"653","2019","19","Kerala","Eranakulam","393.09","110.3","0.64","56.63","16.3","0.0","6.94","8.01","185.35","217.74","117.47"
"653","2020","19","Kerala","Eranakulam","393.09","110.3","0.58","58.98","15.78","0.0","6.14","7.5","187.08","218.69","116.89"
"655","2000","19","Kerala","Kottayam","631.52","216.87","5.06","38.24","5.12","0.08","3.21","5.74","354.04","439.28","124.08"
"655","2001","19","Kerala","Kottayam","631.52","216.87","5.14","38.82","5.22","0.12","3.04","6.04","353.95","441.89","124.85"
"655","2002","19","Kerala","Kottayam","631.52","216.87","4.83","38.81","4.79","0.12","3.21","6.89","353.24","443.41","125.53"
"655","2003","19","Kerala","Kottayam","631.52","216.87","4.5","38.96","4.07","0.08","3.18","6.7","354.8","446.31","125.79"
"655","2004","19","Kerala","Kottayam","631.52","216.87","4.06","40.61","3.93","0.08","3.15","3.93","353.68","460.73","130.27"
"655","2005","19","Kerala","Kottayam","569.5","166.87","3.66","31.47","4.0","0.08","3.49","6.18","340.29","458.6","134.77"
"655","2006","19","Kerala","Kottayam","569.5","166.87","3.74","29.71","8.45","0.15","4.05","5.06","335.11","474.66","141.64"
"655","2007","19","Kerala","Kottayam","569.5","166.87","3.91","32.01","7.8","0.14","4.08","4.71","333.56","452.52","135.67"
"655","2008","19","Kerala","Kottayam","569.5","166.87","3.37","32.71","6.55","0.14","3.43","3.8","336.28","444.63","132.22"
"655","2009","19","Kerala","Kottayam","569.5","166.87","3.21","33.16","6.87","0.14","3.96","6.25","332.66","451.19","135.63"
"655","2010","19","Kerala","Kottayam","569.5","166.87","3.04","35.47","6.99","0.08","3.7","7.07","329.9","453.41","137.44"
"655","2011","19","Kerala","Kottayam","569.5","166.87","2.86","35.3","10.54","0.06","5.93","7.91","323.43","430.64","133.15"
"655","2012","19","Kerala","Kottayam","569.5","166.87","2.77","52.64","7.66","0.07","4.29","7.48","327.47","416.56","127.21"
"655","2013","19","Kerala","Kottayam","569.5","166.87","2.69","53.86","8.11","0.0","4.09","7.45","326.11","410.08","125.75"
"655","2014","19","Kerala","Kottayam","569.5","166.87","2.47","54.33","8.46","0.0","3.62","6.98","326.49","420.05","128.66"
"655","2015","19","Kerala","Kottayam","569.5","166.87","2.39","39.42","8.99","0.0","3.48","6.27","325.91","420.14","128.91"
"655","2016","19","Kerala","Kottayam","569.5","166.87","2.23","40.15","9.02","0.0","3.8","6.2","325.05","420.63","129.4"
"655","2017","19","Kerala","Kottayam","569.5","166.87","2.14","40.51","8.13","0.0","3.24","5.52","326.95","424.67","129.89"
"655","2018","19","Kerala","Kottayam","569.5","166.87","2.11","52.63","7.26","0.0","2.72","5.6","327.02","423.61","129.54"
"655","2019","19","Kerala","Kottayam","569.5","166.87","1.99","53.86","7.86","0.0","2.77","5.84","325.33","419.88","129.06"
"655","2020","19","Kerala","Kottayam","569.5","166.87","1.8","54.33","6.89","0.0","2.81","4.59","327.54","419.59","128.1"
"656","2000","19","Kerala","Kozhikode","371.15","92.48","1.61","34.14","1.73","0.01","1.13","3.87","235.35","365.07","155.12"
"656","2001","19","Kerala","Kozhikode","371.15","92.48","1.75","34.86","1.85","0.02","1.4","3.2","234.88","361.48","153.9"
"656","2002","19","Kerala","Kozhikode","371.15","92.48","1.87","34.76","1.96","0.03","1.28","2.95","235.16","353.91","150.5"
"656","2003","19","Kerala","Kozhikode","371.15","92.48","1.65","34.93","1.87","0.06","1.15","2.3","235.91","360.32","152.74"
"656","2004","19","Kerala","Kozhikode","371.15","92.48","1.5","38.02","1.82","0.06","1.11","1.82","233.42","364.65","156.22"
"656","2005","19","Kerala","Kozhikode","372.73","92.48","1.36","30.25","1.87","0.06","1.17","2.27","235.44","367.1","155.92"
"656","2006","19","Kerala","Kozhikode","372.73","92.48","1.36","30.89","2.41","0.03","1.06","3.46","232.32","360.34","155.1"
"656","2007","19","Kerala","Kozhikode","372.73","92.48","1.24","32.99","2.04","0.01","1.0","3.2","231.23","341.31","147.61"
"656","2008","19","Kerala","Kozhikode","372.73","92.48","1.2","34.74","2.6","0.01","1.13","2.34","230.55","327.65","142.11"
"656","2009","19","Kerala","Kozhikode","372.73","92.48","1.2","32.59","3.18","0.0","1.06","2.88","231.66","315.37","136.14"
"656","2010","19","Kerala","Kozhikode","372.73","92.48","0.9","33.76","3.01","0.0","1.21","3.73","230.51","315.52","136.88"
"656","2011","19","Kerala","Kozhikode","372.73","92.48","1.03","35.79","2.78","0.0","1.87","3.78","227.99","318.73","139.8"
"656","2012","19","Kerala","Kozhikode","372.73","92.48","0.83","42.92","3.23","0.01","1.9","3.55","227.68","313.9","137.87"
"656","2013","19","Kerala","Kozhikode","372.73","92.48","0.83","44.05","3.21","0.0","1.96","3.52","226.56","313.06","138.18"
"656","2014","19","Kerala","Kozhikode","372.73","92.48","0.81","45.19","3.19","0.0","1.94","3.27","225.73","313.09","138.7"
"656","2015","19","Kerala","Kozhikode","372.73","92.48","0.63","39.96","3.45","0.0","2.17","3.47","223.41","317.22","141.99"
"656","2016","19","Kerala","Kozhikode","372.73","92.48","0.66","41.09","3.57","0.0","1.74","3.83","220.94","306.6","138.77"
"656","2017","19","Kerala","Kozhikode","372.73","92.48","0.64","40.58","2.99","0.0","1.77","3.46","222.01","300.7","135.44"
"656","2018","19","Kerala","Kozhikode","372.73","92.47","0.58","42.91","2.91","0.0","2.32","4.49","218.47","302.22","138.34"
"656","2019","19","Kerala","Kozhikode","372.73","92.47","0.55","44.05","3.36","0.0","2.25","3.49","218.64","305.24","139.61"
"656","2020","19","Kerala","Kozhikode","372.73","92.47","0.58","45.19","3.26","0.0","2.21","3.46","217.5","301.25","138.5"
"657","2000","19","Kerala","Malappuram","363.23","103.42","2.31","36.99","5.17","0.0","3.64","10.12","200.98","268.51","133.6"
"657","2001","19","Kerala","Malappuram","363.23","103.42","2.32","37.43","5.23","0.0","4.28","11.65","198.32","266.25","134.25"
"657","2002","19","Kerala","Malappuram","363.23","103.42","2.19","37.4","6.45","0.0","4.91","9.46","198.84","272.39","136.99"
"657","2003","19","Kerala","Malappuram","363.23","103.42","1.91","37.75","5.52","0.0","5.3","10.21","198.69","273.25","137.53"
"657","2004","19","Kerala","Malappuram","363.23","103.42","2.14","40.19","6.03","0.0","5.54","6.03","195.49","275.49","140.92"
"657","2005","19","Kerala","Malappuram","355.45","103.42","1.93","37.71","5.1","0.0","4.59","6.27","193.07","275.6","142.75"
"657","2006","19","Kerala","Malappuram","355.45","103.42","1.51","37.67","7.66","0.0","5.58","10.92","183.49","260.25","141.83"
"657","2007","19","Kerala","Malappuram","355.45","103.42","2.61","38.9","5.22","0.01","4.64","10.75","185.16","244.65","132.13"
"657","2008","19","Kerala","Malappuram","355.45","103.42","1.85","39.51","5.04","0.02","4.63","9.97","184.16","242.74","131.81"
"657","2009","19","Kerala","Malappuram","355.45","103.42","1.53","41.38","4.76","0.02","5.05","10.61","181.99","242.0","132.97"
"657","2010","19","Kerala","Malappuram","355.45","103.42","1.24","44.44","6.04","0.0","6.28","8.98","178.34","237.47","133.16"
"657","2011","19","Kerala","Malappuram","355.45","103.42","1.22","46.62","5.6","0.0","6.65","7.36","177.88","240.88","135.42"
"657","2012","19","Kerala","Malappuram","355.45","103.42","0.94","51.48","5.95","0.0","5.27","8.14","179.98","230.29","127.95"
"657","2013","19","Kerala","Malappuram","355.45","103.42","1.1","53.65","6.13","0.0","4.82","7.71","178.39","237.1","132.91"
"657","2014","19","Kerala","Malappuram","355.45","103.42","0.94","56.54","6.16","0.0","4.84","6.69","176.68","240.73","136.25"
"657","2015","19","Kerala","Malappuram","355.45","103.42","0.97","51.2","6.11","0.0","5.33","7.59","174.24","241.59","138.65"
"657","2016","19","Kerala","Malappuram","355.45","103.42","0.84","51.68","6.05","0.0","5.57","8.08","173.18","237.86","137.35"
"657","2017","19","Kerala","Malappuram","355.45","103.42","0.86","52.88","5.75","0.0","5.88","6.3","173.76","241.92","139.23"
"657","2018","19","Kerala","Malappuram","355.45","103.42","0.7","51.48","5.41","0.0","4.9","6.29","174.93","236.6","135.25"
"657","2019","19","Kerala","Malappuram","355.45","103.42","0.68","53.65","5.0","0.0","4.67","5.9","175.57","238.78","136.0"
"657","2020","19","Kerala","Malappuram","355.45","103.42","0.71","56.53","4.58","0.0","4.5","5.98","175.85","232.75","132.35"
"658","2000","19","Kerala","Palakkad","438.98","136.26","3.6","52.57","17.7","0.0","8.59","14.42","204.17","310.87","152.26"
"658","2001","19","Kerala","Palakkad","438.98","136.26","3.44","52.83","18.17","0.0","8.82","14.74","203.15","320.71","157.87"
"658","2002","19","Kerala","Palakkad","438.98","136.26","3.39","53.02","20.12","0.01","10.11","13.28","201.34","322.03","159.94"
"658","2003","19","Kerala","Palakkad","438.98","136.26","3.3","53.24","19.11","0.01","10.0","11.32","204.29","317.23","155.28"
"658","2004","19","Kerala","Palakkad","438.98","136.26","3.91","53.99","22.49","0.01","9.87","22.49","198.47","324.48","163.49"
"658","2005","19","Kerala","Palakkad","447.58","136.26","3.54","38.68","18.84","0.01","9.57","11.35","220.74","329.56","149.3"
"658","2006","19","Kerala","Palakkad","447.58","136.26","3.12","47.47","23.59","0.0","9.28","12.46","204.79","337.24","164.68"
"658","2007","19","Kerala","Palakkad","447.58","136.26","2.9","47.24","26.04","0.0","9.13","17.14","196.79","324.55","164.92"
"658","2008","19","Kerala","Palakkad","447.58","136.26","3.21","45.22","29.23","0.0","9.69","10.63","197.2","314.69","159.58"
"658","2009","19","Kerala","Palakkad","447.58","136.26","3.45","43.16","27.72","0.0","10.06","11.05","199.0","314.37","157.97"
"658","2010","19","Kerala","Palakkad","447.58","136.26","2.76","41.41","24.03","0.0","12.84","17.05","196.82","303.46","154.18"
"658","2011","19","Kerala","Palakkad","447.58","136.26","2.46","43.38","22.86","0.0","14.45","13.94","198.04","302.35","152.67"
"658","2012","19","Kerala","Palakkad","447.58","136.26","2.18","59.09","25.22","0.0","14.15","15.38","194.6","291.19","149.64"
"658","2013","19","Kerala","Palakkad","447.58","136.26","1.8","60.95","23.79","0.0","14.15","12.75","197.19","301.71","153.0"
"658","2014","19","Kerala","Palakkad","447.58","136.26","1.91","61.73","23.76","0.0","15.49","10.82","196.73","300.62","152.81"
"658","2015","19","Kerala","Palakkad","447.58","136.26","2.46","49.02","23.64","0.0","16.09","12.24","191.28","293.44","153.41"
"658","2016","19","Kerala","Palakkad","447.58","136.26","2.0","50.66","23.28","0.0","16.16","13.89","188.9","278.46","147.41"
"658","2017","19","Kerala","Palakkad","447.58","136.26","1.54","46.94","18.49","0.0","12.82","8.37","206.84","271.49","131.26"
"658","2018","19","Kerala","Palakkad","447.58","136.26","1.5","59.09","19.2","0.0","10.92","8.84","206.14","272.2","132.04"
"658","2019","19","Kerala","Palakkad","447.58","136.26","1.29","60.95","20.91","0.0","13.26","10.73","201.78","276.35","136.96"
"658","2020","19","Kerala","Palakkad","447.58","136.26","1.33","61.73","21.41","0.0","10.95","12.52","200.12","274.08","136.96"
"659","2000","19","Kerala","Kollam","520.59","236.65","0.67","37.68","0.97","0.0","2.26","7.18","235.04","327.6","139.38"
"659","2001","19","Kerala","Kollam","520.59","236.65","0.67","38.69","0.9","0.0","1.25","8.38","233.91","320.89","137.19"
"659","2002","19","Kerala","Kollam","520.59","236.65","0.68","38.79","1.51","0.01","1.44","8.58","232.77","310.65","133.46"
"659","2003","19","Kerala","Kollam","520.59","236.65","0.72","38.97","1.83","0.01","2.31","7.86","231.83","302.78","130.6"
"659","2004","19","Kerala","Kollam","520.59","236.65","0.67","43.49","1.8","0.01","2.38","1.8","227.89","307.19","134.8"
"659","2005","19","Kerala","Kollam","514.07","236.65","0.6","37.09","2.09","0.01","2.56","7.38","215.31","304.57","141.46"
"659","2006","19","Kerala","Kollam","514.07","236.65","0.57","36.84","3.91","0.0","5.25","8.47","211.43","293.92","139.02"
"659","2007","19","Kerala","Kollam","514.07","236.65","0.61","38.5","3.87","0.0","5.29","7.7","210.51","277.61","131.87"
"659","2008","19","Kerala","Kollam","514.07","236.65","0.45","39.67","3.46","0.0","5.22","6.49","211.2","268.34","127.05"
"659","2009","19","Kerala","Kollam","514.07","236.65","0.42","41.23","3.77","0.0","3.05","9.14","208.01","265.04","127.42"
"659","2010","19","Kerala","Kollam","514.07","236.65","0.45","41.56","3.06","0.0","4.39","8.73","207.77","263.15","126.65"
"659","2011","19","Kerala","Kollam","514.07","236.65","0.39","43.05","3.9","0.0","4.4","8.77","205.85","259.73","126.17"
"659","2012","19","Kerala","Kollam","514.07","236.65","0.39","54.15","3.82","0.0","4.61","8.85","205.37","255.48","124.4"
"659","2013","19","Kerala","Kollam","514.07","236.65","0.35","55.21","3.78","0.0","4.68","7.8","205.43","260.91","127.01"
"659","2014","19","Kerala","Kollam","514.07","236.65","0.3","55.09","4.44","0.0","4.71","7.96","204.78","254.59","124.32"
"659","2015","19","Kerala","Kollam","514.07","236.65","0.36","45.98","4.36","0.0","4.86","7.31","203.78","252.89","124.1"
"659","2016","19","Kerala","Kollam","514.07","236.65","0.26","46.97","4.86","0.0","4.6","7.17","203.38","251.91","123.86"
"659","2017","19","Kerala","Kollam","514.07","236.65","0.24","47.22","5.3","0.0","3.79","6.08","204.46","247.01","120.81"
"659","2018","19","Kerala","Kollam","514.07","236.65","0.22","54.14","5.58","0.0","3.98","5.54","203.63","244.88","120.26"
"659","2019","19","Kerala","Kollam","514.07","236.65","0.24","55.21","5.41","0.0","3.69","5.11","204.3","248.42","121.59"
"659","2020","19","Kerala","Kollam","514.07","236.65","0.26","55.09","4.47","0.0","3.51","4.85","205.15","247.69","120.74"
"660","2000","19","Kerala","Thrissur","299.39","103.62","0.5","33.74","2.49","0.01","4.28","8.69","145.25","197.83","136.2"
"660","2001","19","Kerala","Thrissur","299.39","103.62","0.51","35.06","3.01","0.01","4.45","9.38","142.49","191.58","134.45"
"660","2002","19","Kerala","Thrissur","299.39","103.62","0.24","34.95","2.95","0.02","5.73","8.17","143.12","195.88","136.86"
"660","2003","19","Kerala","Thrissur","299.39","103.62","0.42","35.54","3.04","0.04","5.22","9.16","141.69","195.74","138.15"
"660","2004","19","Kerala","Thrissur","299.39","103.62","0.38","40.46","2.94","0.04","4.91","2.94","136.85","198.86","145.31"
"660","2005","19","Kerala","Thrissur","302.92","103.62","0.35","36.63","3.14","0.04","5.39","9.79","139.6","193.19","138.39"
"660","2006","19","Kerala","Thrissur","302.92","103.62","0.35","32.82","5.48","0.03","5.2","16.03","131.68","182.45","138.56"
"660","2007","19","Kerala","Thrissur","302.92","103.62","0.42","35.36","6.09","0.01","6.05","14.62","129.35","174.22","134.69"
"660","2008","19","Kerala","Thrissur","302.92","103.62","0.35","35.91","8.51","0.03","5.55","10.7","129.33","173.34","134.03"
"660","2009","19","Kerala","Thrissur","302.92","103.62","0.29","33.86","6.86","0.03","5.44","12.63","131.32","170.06","129.5"
"660","2010","19","Kerala","Thrissur","302.92","103.62","0.25","36.71","6.77","0.01","6.36","13.14","127.19","161.22","126.76"
"660","2011","19","Kerala","Thrissur","302.92","103.62","0.21","38.0","6.43","0.0","7.93","11.24","128.9","181.29","140.64"
"660","2012","19","Kerala","Thrissur","302.92","103.62","0.41","44.24","8.81","0.01","8.13","8.8","128.65","177.18","137.72"
"660","2013","19","Kerala","Thrissur","302.92","103.62","0.26","44.41","8.28","0.0","8.26","9.52","128.39","177.62","138.34"
"660","2014","19","Kerala","Thrissur","302.92","103.62","0.15","44.64","9.06","0.0","7.7","7.75","129.82","174.8","134.65"
"660","2015","19","Kerala","Thrissur","302.92","103.62","0.25","38.31","9.73","0.0","6.02","8.08","129.94","174.28","134.12"
"660","2016","19","Kerala","Thrissur","302.92","103.62","0.09","39.03","10.17","0.0","6.03","9.81","128.47","170.98","133.09"
"660","2017","19","Kerala","Thrissur","302.92","103.62","0.07","39.65","9.18","0.0","6.05","8.34","130.31","171.4","131.53"
"660","2018","19","Kerala","Thrissur","302.92","103.62","0.05","44.24","9.81","0.0","4.87","7.73","130.67","168.02","128.58"
"660","2019","19","Kerala","Thrissur","302.92","103.62","0.05","44.41","9.15","0.0","4.77","7.62","130.88","166.48","127.2"
"660","2020","19","Kerala","Thrissur","302.92","103.62","0.07","44.64","11.52","0.0","5.16","4.99","130.07","172.12","132.33"
"661","2000","19","Kerala","Thiruvananthapuram","218.6","49.86","0.5","22.88","0.4","0.01","0.43","1.3","143.14","194.78","136.08"
"661","2001","19","Kerala","Thiruvananthapuram","218.6","49.86","0.49","23.47","0.4","0.01","0.39","1.1","142.81","193.68","135.62"
"661","2002","19","Kerala","Thiruvananthapuram","218.6","49.86","0.48","23.54","0.32","0.01","0.45","1.29","142.54","189.72","133.1"
"661","2003","19","Kerala","Thiruvananthapuram","218.6","49.86","0.43","23.74","0.42","0.02","0.43","1.62","142.03","183.19","128.98"
"661","2004","19","Kerala","Thiruvananthapuram","218.6","49.86","0.39","27.53","0.39","0.01","0.41","0.39","138.42","181.49","131.12"
"661","2005","19","Kerala","Thiruvananthapuram","218.78","49.86","0.35","24.92","0.42","0.01","0.44","1.55","140.41","180.22","128.35"
"661","2006","19","Kerala","Thiruvananthapuram","218.78","49.86","0.36","20.33","0.56","0.0","0.23","2.64","143.96","167.13","116.09"
"661","2007","19","Kerala","Thiruvananthapuram","218.78","49.86","0.32","23.9","0.47","0.01","0.33","2.46","140.88","158.83","112.74"
"661","2008","19","Kerala","Thiruvananthapuram","218.78","49.86","0.31","28.28","0.34","0.0","0.72","2.83","135.76","163.29","120.28"
"661","2009","19","Kerala","Thiruvananthapuram","218.78","49.86","0.22","26.65","0.42","0.0","0.34","2.9","133.86","154.39","115.34"
"661","2010","19","Kerala","Thiruvananthapuram","218.78","49.86","0.24","26.95","0.37","0.0","0.34","2.94","133.56","154.11","115.39"
"661","2011","19","Kerala","Thiruvananthapuram","218.78","49.86","0.14","29.83","0.19","0.0","0.33","3.13","130.76","155.07","118.59"
"661","2012","19","Kerala","Thiruvananthapuram","218.78","49.86","0.13","34.27","0.26","0.0","0.52","3.36","130.36","154.32","118.38"
"661","2013","19","Kerala","Thiruvananthapuram","218.78","49.86","0.24","34.89","0.37","0.0","0.66","2.99","129.75","159.22","122.71"
"661","2014","19","Kerala","Thiruvananthapuram","218.78","49.86","0.21","36.38","0.41","0.0","0.74","2.87","128.29","162.75","126.86"
"661","2015","19","Kerala","Thiruvananthapuram","218.78","49.86","0.24","33.16","0.44","0.0","1.07","2.91","126.58","162.85","128.65"
"661","2016","19","Kerala","Thiruvananthapuram","218.78","49.86","0.15","33.03","0.4","0.0","0.7","2.88","129.0","158.98","123.24"
"661","2017","19","Kerala","Thiruvananthapuram","218.78","49.86","0.17","32.21","0.47","0.0","0.85","2.86","129.6","156.08","120.43"
"661","2018","19","Kerala","Thiruvananthapuram","218.78","49.86","0.23","34.27","0.6","0.0","0.91","2.76","129.14","160.06","123.94"
"661","2019","19","Kerala","Thiruvananthapuram","218.78","49.86","0.29","34.89","0.62","0.0","0.92","3.09","127.73","157.91","123.63"
"661","2020","19","Kerala","Thiruvananthapuram","218.78","49.86","0.21","36.38","0.54","0.0","0.91","2.76","128.09","156.22","121.96"
"701","2000","8","Odisha","Balasore","631.0","43.0","7.0","64.0","20.0","26.0","15.0","12.0","418.0","541.0","129.43"
"701","2001","8","Odisha","Balasore","631.0","43.0","7.0","64.0","20.0","26.0","23.0","19.0","403.0","545.0","135.24"
"701","2002","8","Odisha","Balasore","631.0","43.0","7.0","64.0","20.0","26.0","23.0","30.0","392.0","511.0","130.36"
"701","2003","8","Odisha","Balasore","631.0","43.0","7.0","64.0","20.0","26.0","23.0","10.0","412.0","548.0","133.01"
"701","2004","8","Odisha","Balasore","631.0","43.0","7.0","64.0","20.0","26.0","23.0","19.0","403.0","564.0","139.95"
"701","2005","8","Odisha","Balasore","631.0","43.0","7.0","64.0","20.0","26.0","23.0","20.0","402.0","575.0","143.03"
"701","2006","8","Odisha","Balasore","631.0","43.0","11.0","66.0","20.0","27.0","10.0","23.0","403.0","575.66","142.84"
"701","2007","8","Odisha","Balasore","631.1","43.0","11.0","66.0","20.0","27.0","10.0","35.0","391.0","571.0","146.04"
"701","2008","8","Odisha","Balasore","631.0","43.0","11.0","66.0","20.0","27.0","10.0","37.0","389.0","570.57","146.68"
"701","2009","8","Odisha","Balasore","631.0","43.0","11.0","66.0","20.0","27.0","10.0","31.0","395.0","564.0","142.78"
"701","2010","8","Odisha","Balasore","631.0","43.0","11.0","66.0","20.0","27.0","10.0","50.0","376.0","552.0","146.81"
"701","2011","8","Odisha","Balasore","631.0","43.0","11.0","66.0","20.0","27.0","10.0","58.0","368.0","579.0","157.34"
"701","2012","8","Odisha","Balasore","631.0","43.0","11.0","66.0","20.0","27.0","10.0","81.0","345.0","525.28","152.26"
"701","2013","8","Odisha","Balasore","631.0","43.0","11.0","66.0","20.0","27.0","10.0","65.0","361.0","558.12","154.6"
"701","2014","8","Odisha","Balasore","631.0","43.0","11.0","66.0","20.0","27.0","10.0","86.0","340.0","525.54","154.57"
"701","2015","8","Odisha","Balasore","631.0","43.0","11.0","66.0","20.0","27.0","10.0","60.0","366.0","547.73","149.65"
"701","2016","8","Odisha","Balasore","631.0","43.0","11.0","66.0","20.0","27.0","10.0","65.0","361.0","514.0","142.38"
"701","2017","8","Odisha","Balasore","631.0","43.0","11.0","66.0","20.0","27.0","10.0","61.0","365.0","516.0","141.37"
"701","2018","8","Odisha","Balasore","583.78","11.0","4.0","90.0","33.0","28.0","19.0","34.0","341.78","379.95","111.17"
"701","2019","8","Odisha","Balasore","584.19","10.0","5.0","92.0","42.0","23.0","16.0","37.0","334.19","368.93","110.39"
"701","2020","8","Odisha","Balasore","584.79","5.0","4.0","98.0","34.0","26.0","17.0","26.0","341.79","385.0","112.64"
"702","2000","8","Odisha","Bolangir","891.0","195.0","56.0","60.0","30.0","45.0","15.0","30.0","420.0","604.0","143.81"
"702","2001","8","Odisha","Bolangir","891.0","195.0","56.0","60.0","30.0","45.0","16.0","5.0","444.0","612.0","137.84"
"702","2002","8","Odisha","Bolangir","891.0","195.0","56.0","60.0","30.0","45.0","16.0","12.0","437.0","578.0","132.27"
"702","2003","8","Odisha","Bolangir","891.0","195.0","56.0","60.0","30.0","45.0","16.0","5.0","444.0","609.0","137.16"
"702","2004","8","Odisha","Bolangir","891.0","195.0","56.0","60.0","30.0","45.0","16.0","10.0","439.0","623.0","141.91"
"702","2005","8","Odisha","Bolangir","891.0","195.0","56.0","60.0","30.0","45.0","16.0","10.0","439.0","655.0","149.2"
"702","2006","8","Odisha","Bolangir","891.0","195.0","35.0","75.0","26.0","59.0","20.0","37.0","437.0","660.29","151.1"
"702","2007","8","Odisha","Bolangir","891.2","195.0","35.0","75.0","26.0","59.0","20.0","39.0","435.0","663.0","152.41"
"702","2008","8","Odisha","Bolangir","891.0","195.0","35.0","75.0","26.0","59.0","20.0","50.0","424.0","670.45","158.13"
"702","2009","8","Odisha","Bolangir","891.0","195.0","35.0","75.0","26.0","59.0","20.0","40.0","434.0","690.0","158.99"
"702","2010","8","Odisha","Bolangir","891.0","195.0","35.0","75.0","26.0","59.0","20.0","11.0","463.0","702.0","151.62"
"702","2011","8","Odisha","Bolangir","891.0","195.0","35.0","75.0","26.0","59.0","20.0","20.0","454.0","677.0","149.12"
"702","2012","8","Odisha","Bolangir","891.0","195.0","35.0","75.0","26.0","59.0","20.0","59.0","415.0","710.78","171.27"
"702","2013","8","Odisha","Bolangir","891.0","195.0","35.0","75.0","26.0","59.0","20.0","61.0","413.0","719.81","174.29"
"702","2014","8","Odisha","Bolangir","891.0","195.0","35.0","75.0","26.0","59.0","20.0","47.0","427.0","711.31","166.58"
"702","2015","8","Odisha","Bolangir","891.0","195.0","35.0","75.0","26.0","59.0","20.0","40.0","434.0","648.38","149.4"
"702","2016","8","Odisha","Bolangir","891.0","195.0","35.0","75.0","26.0","59.0","20.0","35.0","439.0","697.0","158.77"
"702","2017","8","Odisha","Bolangir","891.0","195.0","35.0","75.0","26.0","59.0","20.0","41.0","433.0","654.0","151.04"
"702","2018","8","Odisha","Bolangir","726.55","59.0","31.0","74.0","50.0","60.0","61.0","111.0","281.55","322.62","114.59"
"702","2019","8","Odisha","Bolangir","727.79","55.0","24.0","72.0","39.0","59.0","71.0","95.0","306.79","360.2","117.41"
"702","2020","8","Odisha","Bolangir","728.56","66.0","23.0","75.0","34.0","56.0","46.0","118.0","309.56","361.93","116.92"
"703","2000","8","Odisha","Cuttack","1114.0","189.0","17.0","160.0","39.0","29.0","30.0","58.0","573.0","899.0","156.89"
"703","2001","8","Odisha","Cuttack","1114.0","189.0","17.0","160.0","39.0","29.0","56.0","60.0","545.0","984.0","180.55"
"703","2002","8","Odisha","Cuttack","1114.0","189.0","17.0","160.0","39.0","29.0","56.0","41.0","564.0","987.0","175.0"
"703","2003","8","Odisha","Cuttack","1114.0","189.0","17.0","160.0","39.0","29.0","56.0","51.0","554.0","984.0","177.62"
"703","2004","8","Odisha","Cuttack","1114.0","189.0","17.0","160.0","39.0","29.0","56.0","52.0","553.0","1025.0","185.35"
"703","2005","8","Odisha","Cuttack","1114.0","189.0","17.0","160.0","39.0","29.0","56.0","55.0","550.0","1033.0","187.82"
"703","2006","8","Odisha","Cuttack","1114.0","189.0","33.0","196.0","26.0","30.0","27.0","40.0","549.0","1028.64","187.37"
"703","2007","8","Odisha","Cuttack","1114.3","189.0","33.0","196.0","26.0","30.0","27.0","26.0","563.0","1045.0","185.61"
"703","2008","8","Odisha","Cuttack","1114.0","189.0","33.0","196.0","26.0","30.0","27.0","46.0","543.0","1036.92","190.96"
"703","2009","8","Odisha","Cuttack","1114.0","189.0","33.0","196.0","26.0","30.0","27.0","43.0","546.0","1052.0","192.67"
"703","2010","8","Odisha","Cuttack","1114.0","189.0","33.0","196.0","26.0","30.0","27.0","73.0","516.0","1035.0","200.58"
"703","2011","8","Odisha","Cuttack","1114.0","189.0","33.0","196.0","26.0","30.0","27.0","89.0","500.0","1027.0","205.4"
"703","2012","8","Odisha","Cuttack","1114.0","189.0","33.0","196.0","26.0","30.0","27.0","61.0","528.0","1020.04","193.19"
"703","2013","8","Odisha","Cuttack","1114.0","189.0","33.0","196.0","26.0","30.0","27.0","66.0","523.0","1022.39","195.49"
"703","2014","8","Odisha","Cuttack","1114.0","189.0","33.0","196.0","26.0","30.0","27.0","77.0","512.0","979.15","191.24"
"703","2015","8","Odisha","Cuttack","1114.0","189.0","33.0","196.0","26.0","30.0","27.0","99.0","490.0","1061.05","216.54"
"703","2016","8","Odisha","Cuttack","1114.0","189.0","33.0","196.0","26.0","30.0","27.0","88.0","501.0","926.0","184.83"
"703","2017","8","Odisha","Cuttack","1114.0","189.0","33.0","196.0","26.0","30.0","27.0","135.0","454.0","898.0","197.8"
"703","2018","8","Odisha","Cuttack","1004.54","39.0","19.0","232.0","48.0","44.0","54.0","102.0","435.54","546.31","125.43"
"703","2019","8","Odisha","Cuttack","999.87","39.0","19.0","223.0","39.0","44.0","53.0","89.0","481.87","620.62","128.79"
"703","2020","8","Odisha","Cuttack","996.45","49.0","27.0","233.0","38.0","43.0","41.0","89.0","468.45","603.16","128.76"
"704","2000","8","Odisha","Dhenkanal","1083.0","446.0","42.0","55.0","16.0","21.0","24.0","31.0","412.0","531.0","128.88"
"704","2001","8","Odisha","Dhenkanal","1083.0","446.0","42.0","55.0","16.0","21.0","55.0","52.0","360.0","582.0","161.67"
"704","2002","8","Odisha","Dhenkanal","1083.0","446.0","42.0","55.0","16.0","21.0","55.0","72.0","340.0","511.0","150.29"
"704","2003","8","Odisha","Dhenkanal","1083.0","446.0","42.0","55.0","16.0","21.0","55.0","42.0","370.0","611.0","165.14"
"704","2004","8","Odisha","Dhenkanal","1083.0","446.0","42.0","55.0","16.0","21.0","55.0","51.0","361.0","612.0","169.53"
"704","2005","8","Odisha","Dhenkanal","1083.0","446.0","42.0","55.0","16.0","21.0","55.0","54.0","358.0","619.0","172.91"
"704","2006","8","Odisha","Dhenkanal","1083.0","446.0","12.0","90.0","23.0","44.0","37.0","44.0","358.0","601.63","168.05"
"704","2007","8","Odisha","Dhenkanal","1082.7","446.0","12.0","90.0","23.0","44.0","37.0","42.0","360.0","598.0","166.11"
"704","2008","8","Odisha","Dhenkanal","1083.0","446.0","12.0","90.0","23.0","44.0","37.0","56.0","346.0","584.13","168.82"
"704","2009","8","Odisha","Dhenkanal","1083.0","446.0","12.0","90.0","23.0","44.0","37.0","48.0","354.0","589.0","166.38"
"704","2010","8","Odisha","Dhenkanal","1083.0","446.0","12.0","90.0","23.0","44.0","37.0","84.0","318.0","566.0","177.99"
"704","2011","8","Odisha","Dhenkanal","1083.0","446.0","12.0","90.0","23.0","44.0","37.0","92.0","310.0","569.0","183.55"
"704","2012","8","Odisha","Dhenkanal","1083.0","446.0","12.0","90.0","23.0","44.0","37.0","90.0","312.0","558.33","178.95"
"704","2013","8","Odisha","Dhenkanal","1083.0","446.0","12.0","90.0","23.0","44.0","37.0","89.0","313.0","562.88","179.83"
"704","2014","8","Odisha","Dhenkanal","1083.0","446.0","12.0","90.0","23.0","44.0","37.0","73.0","329.0","579.27","176.07"
"704","2015","8","Odisha","Dhenkanal","1083.0","446.0","12.0","90.0","23.0","44.0","37.0","73.0","329.0","603.33","183.38"
"704","2016","8","Odisha","Dhenkanal","1083.0","446.0","12.0","90.0","23.0","44.0","37.0","57.0","345.0","541.0","156.81"
"704","2017","8","Odisha","Dhenkanal","1083.0","446.0","12.0","90.0","23.0","44.0","37.0","94.0","308.0","538.0","174.68"
"704","2018","8","Odisha","Dhenkanal","757.04","173.0","22.0","90.0","68.0","34.0","80.0","102.0","170.04","177.47","104.37"
"704","2019","8","Odisha","Dhenkanal","755.96","207.0","19.0","89.0","62.0","32.0","67.0","108.0","158.96","164.47","103.47"
"704","2020","8","Odisha","Dhenkanal","755.73","181.0","23.0","88.0","70.0","34.0","72.0","108.0","158.73","165.25","104.11"
"705","2000","8","Odisha","Ganjam","1256.0","562.0","61.0","70.0","14.0","26.0","11.0","10.0","468.0","716.0","152.99"
"705","2001","8","Odisha","Ganjam","1256.0","562.0","61.0","70.0","14.0","26.0","14.0","0.0","475.0","858.0","180.63"
"705","2002","8","Odisha","Ganjam","1256.0","562.0","61.0","70.0","14.0","26.0","14.0","7.0","468.0","681.0","145.51"
"705","2003","8","Odisha","Ganjam","1256.0","562.0","61.0","70.0","14.0","26.0","14.0","14.0","461.0","804.0","174.4"
"705","2004","8","Odisha","Ganjam","1256.0","562.0","61.0","70.0","14.0","26.0","14.0","20.0","455.0","777.0","170.77"
"705","2005","8","Odisha","Ganjam","1256.0","562.0","61.0","70.0","14.0","26.0","14.0","23.0","452.0","803.0","177.65"
"705","2006","8","Odisha","Ganjam","1254.0","562.0","88.0","33.0","15.0","32.0","12.0","29.0","453.0","835.34","184.4"
"705","2007","8","Odisha","Ganjam","1253.1","562.0","88.0","33.0","15.0","32.0","12.0","25.0","457.0","833.0","182.28"
"705","2008","8","Odisha","Ganjam","1254.0","562.0","88.0","33.0","15.0","32.0","12.0","28.0","454.0","827.7","182.31"
"705","2009","8","Odisha","Ganjam","1254.0","562.0","88.0","33.0","15.0","32.0","12.0","28.0","454.0","852.0","187.67"
"705","2010","8","Odisha","Ganjam","1254.0","562.0","88.0","33.0","15.0","32.0","12.0","46.0","436.0","883.0","202.52"
"705","2011","8","Odisha","Ganjam","1254.0","562.0","88.0","33.0","15.0","32.0","12.0","57.0","425.0","806.0","189.65"
"705","2012","8","Odisha","Ganjam","1254.0","562.0","88.0","33.0","15.0","32.0","12.0","26.0","456.0","837.34","183.63"
"705","2013","8","Odisha","Ganjam","1254.0","562.0","88.0","33.0","15.0","32.0","12.0","17.0","465.0","854.58","183.78"
"705","2014","8","Odisha","Ganjam","1254.0","562.0","88.0","33.0","15.0","32.0","12.0","8.0","474.0","860.89","181.62"
"705","2015","8","Odisha","Ganjam","1254.0","562.0","88.0","33.0","15.0","32.0","12.0","14.0","468.0","766.6","163.8"
"705","2016","8","Odisha","Ganjam","1254.0","562.0","88.0","33.0","15.0","32.0","12.0","5.0","477.0","738.0","154.72"
"705","2017","8","Odisha","Ganjam","1254.0","562.0","88.0","33.0","15.0","32.0","12.0","81.0","401.0","684.0","170.57"
"705","2018","8","Odisha","Ganjam","916.24","123.0","164.0","96.0","25.0","29.0","48.0","87.0","314.24","373.37","118.82"
"705","2019","8","Odisha","Ganjam","916.29","117.0","169.0","92.0","23.0","29.0","40.0","77.0","341.29","390.23","114.34"
"705","2020","8","Odisha","Ganjam","916.73","106.0","167.0","82.0","36.0","27.0","44.0","83.0","332.73","384.23","115.48"
"706","2000","8","Odisha","Kalahandi","1177.0","439.0","50.0","44.0","27.0","33.0","22.0","25.0","524.0","733.0","139.89"
"706","2001","8","Odisha","Kalahandi","1177.0","439.0","50.0","44.0","27.0","33.0","22.0","27.0","522.0","792.0","151.72"
"706","2002","8","Odisha","Kalahandi","1177.0","439.0","50.0","44.0","27.0","33.0","22.0","60.0","489.0","612.0","125.15"
"706","2003","8","Odisha","Kalahandi","1177.0","439.0","50.0","44.0","27.0","33.0","22.0","27.0","522.0","767.0","146.93"
"706","2004","8","Odisha","Kalahandi","1177.0","439.0","50.0","44.0","27.0","33.0","22.0","26.0","523.0","782.0","149.52"
"706","2005","8","Odisha","Kalahandi","1177.0","439.0","50.0","44.0","27.0","33.0","22.0","26.0","523.0","843.0","161.19"
"706","2006","8","Odisha","Kalahandi","1177.0","439.0","59.0","38.0","23.0","25.0","17.0","44.0","523.0","839.3","160.48"
"706","2007","8","Odisha","Kalahandi","1177.2","439.0","59.0","38.0","23.0","25.0","17.0","33.0","534.0","868.0","162.55"
"706","2008","8","Odisha","Kalahandi","1177.0","439.0","59.0","38.0","23.0","25.0","17.0","35.0","532.0","875.03","164.48"
"706","2009","8","Odisha","Kalahandi","1177.0","439.0","59.0","38.0","23.0","25.0","17.0","33.0","534.0","904.0","169.29"
"706","2010","8","Odisha","Kalahandi","1177.0","439.0","59.0","38.0","23.0","25.0","17.0","61.0","506.0","880.0","173.91"
"706","2011","8","Odisha","Kalahandi","1177.0","439.0","59.0","38.0","23.0","25.0","17.0","69.0","498.0","841.0","168.88"
"706","2012","8","Odisha","Kalahandi","1177.0","439.0","59.0","38.0","23.0","25.0","17.0","49.0","518.0","878.82","169.66"
"706","2013","8","Odisha","Kalahandi","1177.0","439.0","59.0","38.0","23.0","25.0","17.0","46.0","521.0","907.61","174.21"
"706","2014","8","Odisha","Kalahandi","1177.0","439.0","59.0","38.0","23.0","25.0","17.0","20.0","547.0","885.32","161.85"
"706","2015","8","Odisha","Kalahandi","1177.0","439.0","59.0","38.0","23.0","25.0","17.0","12.0","555.0","851.09","153.35"
"706","2016","8","Odisha","Kalahandi","1177.0","439.0","59.0","38.0","23.0","25.0","17.0","16.0","551.0","879.0","159.53"
"706","2017","8","Odisha","Kalahandi","1177.0","439.0","59.0","38.0","23.0","25.0","17.0","37.0","530.0","831.0","156.79"
"706","2018","8","Odisha","Kalahandi","826.51","140.0","19.0","76.0","24.0","43.0","62.0","117.0","322.51","376.02","116.59"
"706","2019","8","Odisha","Kalahandi","825.85","143.0","39.0","77.0","30.0","46.0","55.0","92.0","328.85","394.82","120.06"
"706","2020","8","Odisha","Kalahandi","827.58","109.0","76.0","71.0","25.0","47.0","41.0","66.0","361.58","452.95","125.27"
"707","2000","8","Odisha","Keonjhar","830.0","310.0","75.0","55.0","38.0","34.0","10.0","18.0","284.0","377.0","132.75"
"707","2001","8","Odisha","Keonjhar","830.0","310.0","75.0","55.0","38.0","34.0","10.0","13.0","289.0","422.0","146.02"
"707","2002","8","Odisha","Keonjhar","830.0","310.0","75.0","55.0","38.0","34.0","10.0","4.0","298.0","418.0","140.27"
"707","2003","8","Odisha","Keonjhar","830.0","310.0","75.0","55.0","38.0","34.0","10.0","6.0","296.0","446.0","150.68"
"707","2004","8","Odisha","Keonjhar","830.0","310.0","75.0","55.0","38.0","34.0","10.0","14.0","288.0","430.0","149.31"
"707","2005","8","Odisha","Keonjhar","830.0","310.0","75.0","55.0","38.0","34.0","10.0","17.0","285.0","422.0","148.07"
"707","2006","8","Odisha","Keonjhar","830.0","310.0","93.0","77.0","26.0","20.0","0.0","17.0","281.0","421.05","149.84"
"707","2007","8","Odisha","Keonjhar","830.3","310.0","93.0","77.0","26.0","20.0","0.0","11.0","287.0","433.0","150.87"
"707","2008","8","Odisha","Keonjhar","830.0","310.0","93.0","77.0","26.0","20.0","0.0","8.0","290.0","439.95","151.71"
"707","2009","8","Odisha","Keonjhar","830.0","310.0","93.0","77.0","26.0","20.0","0.0","13.0","285.0","426.0","149.47"
"707","2010","8","Odisha","Keonjhar","830.0","310.0","93.0","77.0","26.0","20.0","0.0","35.0","263.0","414.0","157.41"
"707","2011","8","Odisha","Keonjhar","830.0","310.0","93.0","77.0","26.0","20.0","0.0","39.0","259.0","395.0","152.51"
"707","2012","8","Odisha","Keonjhar","830.0","310.0","93.0","77.0","26.0","20.0","0.0","51.0","247.0","397.26","160.83"
"707","2013","8","Odisha","Keonjhar","830.0","310.0","93.0","77.0","26.0","20.0","0.0","53.0","245.0","393.33","160.54"
"707","2014","8","Odisha","Keonjhar","830.0","310.0","93.0","77.0","26.0","20.0","0.0","32.0","266.0","400.27","150.48"
"707","2015","8","Odisha","Keonjhar","830.0","310.0","93.0","77.0","26.0","20.0","0.0","20.0","278.0","407.29","146.51"
"707","2016","8","Odisha","Keonjhar","830.0","310.0","93.0","77.0","26.0","20.0","0.0","25.0","273.0","407.0","149.08"
"707","2017","8","Odisha","Keonjhar","830.0","310.0","93.0","77.0","26.0","20.0","0.0","10.0","288.0","400.0","138.89"
"707","2018","8","Odisha","Keonjhar","648.68","144.0","92.0","52.0","35.0","24.0","55.0","64.0","161.68","165.45","102.33"
"707","2019","8","Odisha","Keonjhar","648.37","132.0","76.0","56.0","43.0","24.0","55.0","68.0","180.37","183.27","101.61"
"707","2020","8","Odisha","Keonjhar","646.18","129.0","103.0","70.0","43.0","23.0","46.0","65.0","172.18","176.81","102.69"
"708","2000","8","Odisha","Koraput","2696.0","1050.0","338.0","129.0","62.0","72.0","78.0","71.0","790.0","1068.0","135.19"
"708","2001","8","Odisha","Koraput","2696.0","1050.0","338.0","129.0","62.0","72.0","86.0","51.0","802.0","1167.0","145.51"
"708","2002","8","Odisha","Koraput","2696.0","1050.0","338.0","129.0","62.0","72.0","86.0","88.0","765.0","988.0","129.15"
"708","2003","8","Odisha","Koraput","2696.0","1050.0","338.0","129.0","62.0","72.0","86.0","78.0","775.0","1093.0","141.03"
"708","2004","8","Odisha","Koraput","2696.0","1050.0","338.0","129.0","62.0","72.0","86.0","76.0","777.0","1141.0","146.85"
"708","2005","8","Odisha","Koraput","2696.0","1050.0","338.0","129.0","62.0","72.0","85.0","88.0","765.0","1129.0","147.58"
"708","2006","8","Odisha","Koraput","2696.0","1050.0","295.0","245.0","85.0","100.0","47.0","88.0","737.0","1127.48","152.98"
"708","2007","8","Odisha","Koraput","2696.2","1050.0","295.0","245.0","85.0","100.0","47.0","71.0","754.0","1133.0","150.27"
"708","2008","8","Odisha","Koraput","2696.0","1050.0","295.0","245.0","85.0","100.0","47.0","65.0","760.0","1153.24","151.74"
"708","2009","8","Odisha","Koraput","2696.0","1050.0","295.0","245.0","85.0","100.0","47.0","57.0","768.0","1142.0","148.7"
"708","2010","8","Odisha","Koraput","2696.0","1050.0","295.0","245.0","85.0","100.0","47.0","75.0","750.0","1211.0","161.47"
"708","2011","8","Odisha","Koraput","2696.0","1050.0","295.0","245.0","85.0","100.0","47.0","95.0","730.0","1155.0","158.22"
"708","2012","8","Odisha","Koraput","2696.0","1050.0","295.0","245.0","85.0","100.0","47.0","100.0","725.0","1173.02","161.8"
"708","2013","8","Odisha","Koraput","2696.0","1050.0","295.0","245.0","85.0","100.0","47.0","76.0","749.0","1189.65","158.83"
"708","2014","8","Odisha","Koraput","2696.0","1050.0","295.0","245.0","85.0","100.0","47.0","75.0","750.0","1193.58","159.14"
"708","2015","8","Odisha","Koraput","2696.0","1050.0","295.0","245.0","85.0","100.0","47.0","36.0","789.0","1131.7","143.43"
"708","2016","8","Odisha","Koraput","2696.0","1050.0","295.0","245.0","85.0","100.0","47.0","38.0","787.0","1129.0","143.46"
"708","2017","8","Odisha","Koraput","2696.0","1050.0","295.0","245.0","85.0","100.0","47.0","67.0","758.0","1114.0","146.97"
"708","2018","8","Odisha","Koraput","2004.52","478.0","410.0","123.0","31.0","72.0","76.0","159.0","569.52","610.74","107.24"
"708","2019","8","Odisha","Koraput","2005.58","503.0","333.0","123.0","45.0","73.0","68.0","164.0","574.58","620.77","108.04"
"708","2020","8","Odisha","Koraput","2006.15","441.0","429.0","130.0","41.0","79.0","82.0","119.0","607.15","647.21","106.6"
"709","2000","8","Odisha","Mayurbhanja","1042.0","439.0","27.0","50.0","10.0","24.0","36.0","43.0","398.0","474.0","119.1"
"709","2001","8","Odisha","Mayurbhanja","1042.0","439.0","27.0","50.0","10.0","24.0","36.0","32.0","409.0","502.0","122.74"
"709","2002","8","Odisha","Mayurbhanja","1042.0","439.0","27.0","50.0","10.0","24.0","36.0","65.0","376.0","440.0","117.02"
"709","2003","8","Odisha","Mayurbhanja","1042.0","439.0","27.0","50.0","10.0","24.0","36.0","42.0","399.0","484.0","121.3"
"709","2004","8","Odisha","Mayurbhanja","1042.0","439.0","27.0","50.0","10.0","24.0","36.0","52.0","389.0","482.0","123.91"
"709","2005","8","Odisha","Mayurbhanja","1042.0","439.0","27.0","50.0","10.0","24.0","36.0","59.0","382.0","481.0","125.92"
"709","2006","8","Odisha","Mayurbhanja","1042.0","439.0","16.0","58.0","10.0","28.0","13.0","57.0","380.0","488.94","128.67"
"709","2007","8","Odisha","Mayurbhanja","1041.8","439.0","16.0","58.0","10.0","28.0","13.0","39.0","398.0","516.0","129.65"
"709","2008","8","Odisha","Mayurbhanja","1042.0","439.0","16.0","58.0","10.0","28.0","13.0","39.0","398.0","518.84","130.36"
"709","2009","8","Odisha","Mayurbhanja","1042.0","439.0","16.0","58.0","10.0","28.0","13.0","53.0","384.0","501.0","130.47"
"709","2010","8","Odisha","Mayurbhanja","1042.0","439.0","16.0","58.0","10.0","28.0","13.0","98.0","339.0","452.0","133.33"
"709","2011","8","Odisha","Mayurbhanja","1042.0","439.0","16.0","58.0","10.0","28.0","13.0","102.0","335.0","479.0","142.99"
"709","2012","8","Odisha","Mayurbhanja","1042.0","439.0","16.0","58.0","10.0","28.0","13.0","98.0","339.0","462.94","136.56"
"709","2013","8","Odisha","Mayurbhanja","1042.0","439.0","16.0","58.0","10.0","28.0","13.0","81.0","356.0","491.81","138.15"
"709","2014","8","Odisha","Mayurbhanja","1042.0","439.0","16.0","58.0","10.0","28.0","13.0","72.0","365.0","505.75","138.56"
"709","2015","8","Odisha","Mayurbhanja","1042.0","439.0","16.0","58.0","10.0","28.0","13.0","60.0","377.0","525.93","139.5"
"709","2016","8","Odisha","Mayurbhanja","1042.0","439.0","16.0","58.0","10.0","28.0","13.0","45.0","392.0","476.0","121.43"
"709","2017","8","Odisha","Mayurbhanja","1042.0","439.0","16.0","58.0","10.0","28.0","13.0","50.0","387.0","507.0","131.01"
"709","2018","8","Odisha","Mayurbhanja","699.48","73.0","11.0","69.0","50.0","33.0","47.0","51.0","327.48","343.01","104.74"
"709","2019","8","Odisha","Mayurbhanja","699.33","76.0","14.0","68.0","48.0","35.0","49.0","51.0","317.33","328.72","103.59"
"709","2020","8","Odisha","Mayurbhanja","700.43","70.0","11.0","72.0","62.0","33.0","58.0","50.0","325.43","334.06","102.65"
"710","2000","8","Odisha","Phulbani ( Kandhamal )","1110.0","699.0","30.0","37.0","32.0","27.0","38.0","21.0","202.0","266.0","131.68"
"710","2001","8","Odisha","Phulbani ( Kandhamal )","1110.0","699.0","30.0","37.0","32.0","27.0","38.0","17.0","206.0","299.0","145.15"
"710","2002","8","Odisha","Phulbani ( Kandhamal )","1110.0","699.0","30.0","37.0","32.0","27.0","38.0","23.0","200.0","277.0","138.5"
"710","2003","8","Odisha","Phulbani ( Kandhamal )","1110.0","699.0","30.0","37.0","32.0","27.0","38.0","17.0","206.0","311.0","150.97"
"710","2004","8","Odisha","Phulbani ( Kandhamal )","1110.0","699.0","30.0","37.0","32.0","27.0","38.0","21.0","202.0","314.0","155.45"
"710","2005","8","Odisha","Phulbani ( Kandhamal )","1110.0","699.0","30.0","37.0","32.0","27.0","38.0","24.0","199.0","321.0","161.31"
"710","2006","8","Odisha","Phulbani ( Kandhamal )","1112.0","699.0","42.0","30.0","34.0","27.0","10.0","18.0","199.0","324.97","163.3"
"710","2007","8","Odisha","Phulbani ( Kandhamal )","1111.9","699.0","42.0","30.0","34.0","27.0","10.0","21.0","196.0","320.0","163.27"
"710","2008","8","Odisha","Phulbani ( Kandhamal )","1112.0","699.0","42.0","30.0","34.0","27.0","10.0","13.0","204.0","329.38","161.46"
"710","2009","8","Odisha","Phulbani ( Kandhamal )","1112.0","699.0","42.0","30.0","34.0","27.0","10.0","22.0","195.0","323.0","165.64"
"710","2010","8","Odisha","Phulbani ( Kandhamal )","1112.0","699.0","42.0","30.0","34.0","27.0","10.0","27.0","190.0","328.0","172.63"
"710","2011","8","Odisha","Phulbani ( Kandhamal )","1112.0","699.0","42.0","30.0","34.0","27.0","10.0","35.0","182.0","321.0","176.37"
"710","2012","8","Odisha","Phulbani ( Kandhamal )","1112.0","699.0","42.0","30.0","34.0","27.0","10.0","34.0","183.0","323.37","176.7"
"710","2013","8","Odisha","Phulbani ( Kandhamal )","1112.0","699.0","42.0","30.0","34.0","27.0","10.0","25.0","192.0","326.84","170.23"
"710","2014","8","Odisha","Phulbani ( Kandhamal )","1112.0","699.0","42.0","30.0","34.0","27.0","10.0","20.0","197.0","315.88","160.35"
"710","2015","8","Odisha","Phulbani ( Kandhamal )","1112.0","699.0","42.0","30.0","34.0","27.0","10.0","12.0","205.0","300.81","146.74"
"710","2016","8","Odisha","Phulbani ( Kandhamal )","1112.0","699.0","42.0","30.0","34.0","27.0","10.0","13.0","204.0","308.0","150.98"
"710","2017","8","Odisha","Phulbani ( Kandhamal )","1112.0","699.0","42.0","30.0","34.0","27.0","10.0","24.0","193.0","303.0","156.99"
"710","2018","8","Odisha","Phulbani ( Kandhamal )","638.53","195.0","116.0","45.0","40.0","30.0","50.0","52.0","108.53","112.45","103.61"
"710","2019","8","Odisha","Phulbani ( Kandhamal )","640.94","186.0","130.0","44.0","37.0","33.0","47.0","55.0","110.94","115.07","103.72"
"710","2020","8","Odisha","Phulbani ( Kandhamal )","638.89","201.0","109.0","45.0","31.0","36.0","39.0","49.0","124.89","128.8","103.13"
"711","2000","8","Odisha","Puri","1018.0","284.0","31.0","104.0","46.0","29.0","20.0","38.0","404.0","619.0","153.22"
"711","2001","8","Odisha","Puri","1018.0","284.0","31.0","104.0","46.0","29.0","38.0","18.0","406.0","706.0","173.89"
"711","2002","8","Odisha","Puri","1018.0","284.0","31.0","104.0","46.0","29.0","38.0","19.0","405.0","645.0","159.26"
"711","2003","8","Odisha","Puri","1018.0","284.0","31.0","104.0","46.0","29.0","38.0","15.0","409.0","706.0","172.62"
"711","2004","8","Odisha","Puri","1018.0","284.0","31.0","104.0","46.0","29.0","38.0","25.0","399.0","680.0","170.43"
"711","2005","8","Odisha","Puri","1018.0","284.0","31.0","104.0","46.0","29.0","38.0","25.0","399.0","759.0","190.23"
"711","2006","8","Odisha","Puri","1018.0","284.0","29.0","186.0","16.0","18.0","8.0","55.0","397.0","740.41","186.5"
"711","2007","8","Odisha","Puri","1018.2","284.0","29.0","186.0","16.0","18.0","8.0","74.0","378.0","726.0","192.06"
"711","2008","8","Odisha","Puri","1018.0","284.0","29.0","186.0","16.0","18.0","8.0","64.0","388.0","742.1","191.26"
"711","2009","8","Odisha","Puri","1018.0","284.0","29.0","186.0","16.0","18.0","8.0","77.0","375.0","743.0","198.13"
"711","2010","8","Odisha","Puri","1018.0","284.0","29.0","186.0","16.0","18.0","8.0","89.0","363.0","728.0","200.55"
"711","2011","8","Odisha","Puri","1018.0","284.0","29.0","186.0","16.0","18.0","8.0","101.0","351.0","675.0","192.31"
"711","2012","8","Odisha","Puri","1018.0","284.0","29.0","186.0","16.0","18.0","8.0","86.0","366.0","702.96","192.07"
"711","2013","8","Odisha","Puri","1018.0","284.0","29.0","186.0","16.0","18.0","8.0","84.0","368.0","705.67","191.76"
"711","2014","8","Odisha","Puri","1018.0","284.0","29.0","186.0","16.0","18.0","8.0","89.0","363.0","687.44","189.38"
"711","2015","8","Odisha","Puri","1018.0","284.0","29.0","186.0","16.0","18.0","8.0","78.0","374.0","684.4","182.99"
"711","2016","8","Odisha","Puri","1018.0","284.0","29.0","186.0","16.0","18.0","8.0","65.0","387.0","638.0","164.86"
"711","2017","8","Odisha","Puri","1018.0","284.0","29.0","186.0","16.0","18.0","8.0","141.0","311.0","628.0","201.93"
"711","2018","8","Odisha","Puri","794.62","77.0","41.0","134.0","45.0","39.0","51.0","56.0","295.62","358.81","121.38"
"711","2019","8","Odisha","Puri","796.32","92.0","42.0","136.0","41.0","41.0","45.0","57.0","290.32","359.17","123.72"
"711","2020","8","Odisha","Puri","797.51","84.0","41.0","131.0","39.0","37.0","43.0","51.0","311.51","396.09","127.15"
"712","2000","8","Odisha","Sambalpur","1752.0","661.0","39.0","121.0","42.0","61.0","34.0","54.0","642.0","779.0","121.34"
"712","2001","8","Odisha","Sambalpur","1752.0","661.0","39.0","121.0","42.0","61.0","33.0","20.0","677.0","952.0","140.62"
"712","2002","8","Odisha","Sambalpur","1752.0","661.0","39.0","121.0","42.0","61.0","33.0","48.0","649.0","822.0","126.66"
"712","2003","8","Odisha","Sambalpur","1752.0","661.0","39.0","121.0","42.0","61.0","33.0","59.0","638.0","876.0","137.3"
"712","2004","8","Odisha","Sambalpur","1752.0","661.0","39.0","121.0","42.0","61.0","33.0","56.0","641.0","905.0","141.19"
"712","2005","8","Odisha","Sambalpur","1752.0","661.0","39.0","121.0","42.0","61.0","33.0","60.0","637.0","925.0","145.21"
"712","2006","8","Odisha","Sambalpur","1752.0","661.0","61.0","175.0","55.0","58.0","28.0","61.0","637.0","941.67","147.83"
"712","2007","8","Odisha","Sambalpur","1751.5","661.0","61.0","175.0","55.0","58.0","28.0","112.0","586.0","940.0","160.41"
"712","2008","8","Odisha","Sambalpur","1752.0","661.0","61.0","175.0","55.0","58.0","28.0","114.0","584.0","944.64","161.75"
"712","2009","8","Odisha","Sambalpur","1752.0","661.0","61.0","175.0","55.0","58.0","28.0","129.0","569.0","914.0","160.63"
"712","2010","8","Odisha","Sambalpur","1752.0","661.0","61.0","175.0","55.0","58.0","28.0","86.0","612.0","938.0","153.27"
"712","2011","8","Odisha","Sambalpur","1752.0","661.0","61.0","175.0","55.0","58.0","28.0","103.0","595.0","907.0","152.44"
"712","2012","8","Odisha","Sambalpur","1752.0","661.0","61.0","175.0","55.0","58.0","28.0","76.0","622.0","912.44","146.69"
"712","2013","8","Odisha","Sambalpur","1752.0","661.0","61.0","175.0","55.0","58.0","28.0","64.0","634.0","935.74","147.59"
"712","2014","8","Odisha","Sambalpur","1752.0","661.0","61.0","175.0","55.0","58.0","28.0","37.0","661.0","995.16","150.55"
"712","2015","8","Odisha","Sambalpur","1752.0","661.0","61.0","175.0","55.0","58.0","28.0","38.0","660.0","1080.28","163.68"
"712","2016","8","Odisha","Sambalpur","1752.0","661.0","61.0","175.0","55.0","58.0","28.0","51.0","647.0","898.0","138.79"
"712","2017","8","Odisha","Sambalpur","1752.0","661.0","61.0","175.0","55.0","58.0","28.0","55.0","643.0","916.0","142.46"
"712","2018","8","Odisha","Sambalpur","1214.53","239.0","27.0","180.0","85.0","52.0","70.0","80.0","486.53","568.07","116.76"
"712","2019","8","Odisha","Sambalpur","1213.83","243.0","24.0","171.0","78.0","56.0","82.0","87.0","478.83","561.6","117.29"
"712","2020","8","Odisha","Sambalpur","1214.44","250.0","23.0","179.0","73.0","62.0","84.0","94.0","470.44","582.76","123.88"
"713","2000","8","Odisha","Sundargarh","971.0","496.0","70.0","50.0","16.0","16.0","7.0","19.0","294.0","335.0","113.95"
"713","2001","8","Odisha","Sundargarh","971.0","496.0","70.0","50.0","16.0","16.0","7.0","6.0","307.0","381.0","124.1"
"713","2002","8","Odisha","Sundargarh","971.0","496.0","70.0","50.0","16.0","16.0","7.0","16.0","297.0","383.0","128.96"
"713","2003","8","Odisha","Sundargarh","971.0","496.0","70.0","50.0","16.0","16.0","7.0","4.0","309.0","399.0","129.13"
"713","2004","8","Odisha","Sundargarh","971.0","496.0","70.0","50.0","16.0","16.0","7.0","4.0","309.0","383.0","123.95"
"713","2005","8","Odisha","Sundargarh","971.0","496.0","70.0","50.0","16.0","16.0","7.0","13.0","300.0","363.0","121.0"
"713","2006","8","Odisha","Sundargarh","971.0","496.0","66.0","29.0","16.0","26.0","0.0","13.0","300.0","374.97","124.99"
"713","2007","8","Odisha","Sundargarh","971.2","496.0","66.0","29.0","16.0","26.0","0.0","28.0","285.0","368.0","129.12"
"713","2008","8","Odisha","Sundargarh","971.0","496.0","66.0","29.0","16.0","26.0","0.0","21.0","292.0","377.67","129.34"
"713","2009","8","Odisha","Sundargarh","971.0","496.0","66.0","29.0","16.0","26.0","0.0","32.0","281.0","374.0","133.1"
"713","2010","8","Odisha","Sundargarh","971.0","496.0","66.0","29.0","16.0","26.0","0.0","24.0","289.0","391.0","135.29"
"713","2011","8","Odisha","Sundargarh","971.0","496.0","66.0","29.0","16.0","26.0","0.0","28.0","285.0","370.0","129.82"
"713","2012","8","Odisha","Sundargarh","971.0","496.0","66.0","29.0","16.0","26.0","0.0","38.0","275.0","376.45","136.89"
"713","2013","8","Odisha","Sundargarh","971.0","496.0","66.0","29.0","16.0","26.0","0.0","29.0","284.0","385.64","135.79"
"713","2014","8","Odisha","Sundargarh","971.0","496.0","66.0","29.0","16.0","26.0","0.0","48.0","265.0","371.1","140.04"
"713","2015","8","Odisha","Sundargarh","971.0","496.0","66.0","29.0","16.0","26.0","0.0","30.0","283.0","400.55","141.54"
"713","2016","8","Odisha","Sundargarh","971.0","496.0","66.0","29.0","16.0","26.0","0.0","25.0","288.0","389.0","135.07"
"713","2017","8","Odisha","Sundargarh","971.0","496.0","66.0","29.0","16.0","26.0","0.0","28.0","285.0","373.0","130.88"
"713","2018","8","Odisha","Sundargarh","713.92","161.0","59.0","73.0","57.0","35.0","65.0","74.0","190.92","192.71","100.94"
"713","2019","8","Odisha","Sundargarh","713.92","160.0","53.0","74.0","50.0","40.0","57.0","75.0","197.92","201.88","102.0"
"713","2020","8","Odisha","Sundargarh","714.93","159.0","72.0","69.0","49.0","36.0","59.0","68.0","194.93","201.01","103.12"
"800","2000","13","West Bengal","24 Parganas","1346.5","426.3","1.17","238.44","1.56","0.01","0.15","33.57","638.16","1052.48","164.92"
"800","2001","13","West Bengal","24 Parganas","1352.85","426.3","0.66","239.34","1.98","0.0","0.69","15.25","659.09","1122.25","170.27"
"800","2002","13","West Bengal","24 Parganas","1340.06","426.3","0.65","242.68","0.72","0.0","0.14","17.36","644.48","1046.56","162.39"
"800","2003","13","West Bengal","24 Parganas","1339.89","426.3","0.59","243.91","0.45","0.0","0.21","16.06","640.9","1044.58","162.99"
"800","2004","13","West Bengal","24 Parganas","1339.89","426.3","0.01","244.22","0.11","0.01","0.3","17.07","643.77","977.07","151.77"
"800","2005","13","West Bengal","24 Parganas","1335.23","426.51","0.04","256.09","1.29","0.01","0.91","13.22","630.91","1003.51","159.06"
"800","2006","13","West Bengal","24 Parganas","1335.23","426.36","0.4","255.86","0.74","0.0","0.1","12.48","632.77","1055.3","166.77"
"800","2007","13","West Bengal","24 Parganas","1335.23","426.3","0.44","138.3","0.21","0.05","0.18","9.98","631.51","1051.67","166.53"
"800","2008","13","West Bengal","24 Parganas","1335.23","426.3","0.44","262.43","0.5","0.04","0.2","6.52","631.07","1050.82","166.51"
"800","2009","13","West Bengal","24 Parganas","1335.23","426.3","0.54","264.53","1.47","0.0","0.03","58.04","577.17","996.02","172.57"
"800","2010","13","West Bengal","24 Parganas","1335.23","426.3","0.07","268.1","1.34","0.02","0.01","50.6","581.42","966.39","166.21"
"800","2011","13","West Bengal","24 Parganas","1335.23","426.3","0.32","268.11","0.69","0.0","0.95","41.54","589.36","1003.8","170.32"
"800","2012","13","West Bengal","24 Parganas","1335.23","426.3","0.27","269.77","0.64","0.0","0.84","38.23","591.84","990.17","167.3"
"800","2013","13","West Bengal","24 Parganas","1335.23","426.3","0.2","271.02","0.6","0.0","0.53","34.88","594.35","1017.06","171.12"
"800","2014","13","West Bengal","24 Parganas","1335.23","426.3","0.25","272.79","0.14","0.07","0.19","33.11","593.97","1038.55","174.85"
"800","2015","13","West Bengal","24 Parganas","1335.23","426.3","0.41","274.56","0.07","0.08","0.2","30.64","593.5","1049.87","176.89"
"800","2016","13","West Bengal","24 Parganas","1335.23","426.39","0.4","278.83","0.05","0.08","0.2","28.27","591.3","1019.82","172.47"
"800","2017","13","West Bengal","24 Parganas","1335.23","426.39","0.31","282.79","0.07","0.06","0.26","27.55","589.38","1039.31","176.34"
"800","2018","13","West Bengal","24 Parganas","1335.23","426.39","0.22","269.77","0.09","0.03","0.27","27.07","589.2","1103.98","187.37"
"800","2019","13","West Bengal","24 Parganas","1335.23","426.39","-0.79","271.02","0.03","0.03","0.26","25.14","589.4","1123.76","190.66"
"800","2020","13","West Bengal","24 Parganas","1335.23","426.39","-0.8","287.31","0.03","-0.97","-0.75","25.11","589.06","1140.41","193.6"
"803","2000","13","West Bengal","Nadia","390.66","1.22","0.61","75.93","1.0","0.1","0.09","8.53","298.49","721.63","241.76"
"803","2001","13","West Bengal","Nadia","390.66","1.22","0.22","71.65","1.54","0.14","0.2","5.42","306.86","851.76","277.57"
"803","2002","13","West Bengal","Nadia","390.66","1.22","0.58","69.99","0.71","0.03","0.26","3.61","310.8","858.4","276.19"
"803","2003","13","West Bengal","Nadia","390.66","1.22","0.2","74.71","0.58","0.1","0.05","3.94","307.22","820.45","267.06"
"803","2004","13","West Bengal","Nadia","390.66","1.22","0.05","80.55","0.71","0.03","0.08","4.29","299.94","758.13","252.76"
"803","2005","13","West Bengal","Nadia","390.66","1.22","0.23","85.48","1.24","0.53","0.54","5.25","292.0","730.46","250.16"
"803","2006","13","West Bengal","Nadia","390.66","1.22","0.17","86.52","0.7","0.07","0.67","6.9","290.0","701.35","241.84"
"803","2007","13","West Bengal","Nadia","390.66","1.22","0.12","88.36","0.82","0.04","0.27","5.83","289.25","697.74","241.22"
"803","2008","13","West Bengal","Nadia","390.66","1.22","0.21","90.14","0.9","0.11","0.08","5.05","289.17","697.2","241.1"
"803","2009","13","West Bengal","Nadia","390.66","1.22","0.25","88.94","0.79","0.05","0.37","4.4","290.74","667.67","229.65"
"803","2010","13","West Bengal","Nadia","390.66","1.22","0.05","90.22","0.63","0.06","0.11","4.18","290.45","672.31","231.47"
"803","2011","13","West Bengal","Nadia","390.66","1.22","0.04","88.45","0.58","0.0","0.59","4.26","292.94","712.4","243.19"
"803","2012","13","West Bengal","Nadia","390.66","1.22","0.03","89.02","0.4","0.0","0.52","3.43","293.55","718.56","244.78"
"803","2013","13","West Bengal","Nadia","390.66","1.22","0.03","89.15","0.31","0.0","0.43","2.94","294.3","713.08","242.3"
"803","2014","13","West Bengal","Nadia","390.66","1.22","0.25","89.5","0.32","0.04","0.1","2.87","293.88","717.94","244.3"
"803","2015","13","West Bengal","Nadia","390.66","1.22","0.32","89.85","0.34","0.08","0.03","2.66","293.45","708.26","241.36"
"803","2016","13","West Bengal","Nadia","390.66","1.23","0.31","89.98","0.37","0.07","0.01","2.45","293.39","678.5","231.26"
"803","2017","13","West Bengal","Nadia","390.66","1.23","0.29","90.17","0.3","0.06","0.02","1.88","293.57","670.87","228.52"
"803","2018","13","West Bengal","Nadia","390.65","1.23","0.27","89.02","0.2","0.03","0.02","1.49","293.7","662.57","225.6"
"803","2019","13","West Bengal","Nadia","390.65","1.23","0.25","89.15","0.14","0.02","0.02","1.39","293.75","676.28","230.22"
"803","2020","13","West Bengal","Nadia","390.65","1.23","0.24","90.64","0.14","0.02","0.01","1.41","293.41","668.8","227.94"
"804","2000","13","West Bengal","Murshidabad","532.5","0.77","1.83","114.24","0.69","0.08","0.09","20.57","393.04","754.94","192.08"
"804","2001","13","West Bengal","Murshidabad","532.5","0.77","1.75","117.81","0.78","0.18","0.5","2.87","406.45","914.59","225.02"
"804","2002","13","West Bengal","Murshidabad","532.5","0.77","2.24","117.28","0.87","0.03","0.27","0.92","406.46","927.37","228.16"
"804","2003","13","West Bengal","Murshidabad","532.5","0.77","2.03","120.8","0.83","0.04","0.4","1.82","403.82","972.04","240.71"
"804","2004","13","West Bengal","Murshidabad","532.5","0.77","1.86","120.79","0.57","0.04","0.1","0.92","404.57","958.22","236.85"
"804","2005","13","West Bengal","Murshidabad","532.5","0.77","2.16","125.11","1.14","0.12","0.14","0.7","401.37","937.78","233.64"
"804","2006","13","West Bengal","Murshidabad","532.5","0.77","1.9","125.32","0.86","0.14","0.09","0.39","402.3","946.79","235.34"
"804","2007","13","West Bengal","Murshidabad","532.5","0.77","2.0","127.85","0.83","0.01","0.01","0.33","398.77","976.25","244.82"
"804","2008","13","West Bengal","Murshidabad","532.5","0.77","2.0","128.16","0.53","0.01","0.01","0.38","399.56","937.8","234.71"
"804","2009","13","West Bengal","Murshidabad","532.5","0.77","1.96","129.4","1.02","0.01","0.16","0.51","397.47","932.05","234.5"
"804","2010","13","West Bengal","Murshidabad","532.5","0.77","1.98","130.76","1.37","0.01","0.24","0.33","395.96","866.83","218.92"
"804","2011","13","West Bengal","Murshidabad","532.5","0.77","1.68","130.94","1.53","0.01","0.2","0.94","395.27","892.44","225.78"
"804","2012","13","West Bengal","Murshidabad","532.5","0.77","1.58","131.02","1.32","0.0","0.11","0.5","396.12","914.8","230.94"
"804","2013","13","West Bengal","Murshidabad","532.5","0.77","1.52","131.34","0.8","0.0","0.11","0.84","395.98","923.29","233.17"
"804","2014","13","West Bengal","Murshidabad","532.5","0.77","1.45","130.45","0.47","0.03","0.02","0.85","397.01","947.25","238.6"
"804","2015","13","West Bengal","Murshidabad","532.5","0.77","1.38","129.45","0.27","0.06","0.02","0.87","397.92","1007.1","253.09"
"804","2016","13","West Bengal","Murshidabad","532.5","0.77","1.31","128.95","0.23","0.06","0.01","0.78","398.22","983.08","246.87"
"804","2017","13","West Bengal","Murshidabad","532.5","0.77","1.3","128.45","0.24","0.03","0.01","0.6","398.34","941.0","236.23"
"804","2018","13","West Bengal","Murshidabad","532.5","0.77","1.28","131.02","0.25","0.01","0.01","0.65","399.0","937.36","234.93"
"804","2019","13","West Bengal","Murshidabad","532.5","0.77","1.26","131.34","0.22","0.01","0.01","0.77","399.1","965.24","241.85"
"804","2020","13","West Bengal","Murshidabad","532.5","0.77","1.29","128.94","0.14","0.01","0.01","0.78","397.88","936.21","235.3"
"805","2000","13","West Bengal","Burdwan","697.45","27.78","0.27","166.5","6.53","-0.82","4.31","8.77","476.49","787.68","165.31"
"805","2001","13","West Bengal","Burdwan","698.06","21.51","0.18","181.86","6.16","-0.7","1.15","8.26","471.96","873.76","185.13"
"805","2002","13","West Bengal","Burdwan","698.06","21.24","0.93","180.27","8.78","-0.88","0.88","10.05","468.76","858.77","183.2"
"805","2003","13","West Bengal","Burdwan","697.74","21.27","1.38","181.62","8.84","-0.38","2.33","7.04","465.63","864.08","185.57"
"805","2004","13","West Bengal","Burdwan","697.76","21.27","-0.2","194.95","7.06","-0.62","3.61","6.7","456.8","836.14","183.04"
"805","2005","13","West Bengal","Burdwan","697.76","21.27","-0.48","197.39","8.59","-0.84","3.9","4.72","453.94","824.03","181.53"
"805","2006","13","West Bengal","Burdwan","697.76","20.17","-0.18","199.89","5.92","-0.35","0.96","6.04","457.51","851.18","186.05"
"805","2007","13","West Bengal","Burdwan","697.76","20.17","0.04","205.02","6.58","-0.69","0.96","6.4","451.04","831.18","184.28"
"805","2008","13","West Bengal","Burdwan","697.76","20.17","0.72","206.77","4.92","-0.68","0.14","5.95","451.4","860.9","190.72"
"805","2009","13","West Bengal","Burdwan","697.76","20.17","0.37","207.53","4.61","-0.78","0.37","3.98","453.11","863.98","190.68"
"805","2010","13","West Bengal","Burdwan","697.76","20.17","-0.14","210.57","3.88","-0.74","0.24","3.35","451.46","746.94","165.45"
"805","2011","13","West Bengal","Burdwan","697.76","20.17","-0.35","210.92","5.09","-0.67","0.46","3.31","450.97","771.45","171.06"
"805","2012","13","West Bengal","Burdwan","697.76","20.17","-0.43","212.77","3.45","-0.84","0.25","2.7","451.88","775.29","171.57"
"805","2013","13","West Bengal","Burdwan","697.76","20.17","-0.56","213.19","2.75","-0.94","0.09","2.31","452.79","796.47","175.9"
"805","2014","13","West Bengal","Burdwan","697.76","20.17","-0.6","213.66","1.92","-0.97","-0.2","1.48","454.38","779.1","171.46"
"805","2015","13","West Bengal","Burdwan","697.76","20.17","-0.65","214.13","0.94","-0.98","-0.64","0.57","456.37","791.75","173.49"
"805","2016","13","West Bengal","Burdwan","697.76","21.79","-0.71","215.53","0.53","-0.99","-0.84","0.34","454.3","737.26","162.28"
"805","2017","13","West Bengal","Burdwan","698.76","22.79","0.15","217.75","0.63","0.02","0.19","1.19","455.08","794.1","174.5"
"805","2018","13","West Bengal","Burdwan","698.76","22.79","0.12","310.9","0.29","0.02","0.2","1.1","455.06","803.27","176.52"
"805","2019","13","West Bengal","Burdwan","698.76","22.79","0.1","311.89","0.19","0.01","0.2","0.68","455.11","819.65","180.1"
"805","2020","13","West Bengal","Burdwan","698.76","22.79","0.13","219.11","0.46","0.01","0.18","0.66","454.26","823.72","181.33"
"806","2000","13","West Bengal","Birbhum","451.12","16.03","1.74","81.84","3.37","0.72","2.57","6.54","337.53","458.67","135.89"
"806","2001","13","West Bengal","Birbhum","451.12","16.03","1.78","86.62","3.49","0.57","2.47","19.21","320.32","533.68","166.61"
"806","2002","13","West Bengal","Birbhum","451.12","15.85","1.15","86.64","3.32","0.39","1.56","14.55","326.85","537.28","164.38"
"806","2003","13","West Bengal","Birbhum","451.12","15.85","0.4","90.81","2.92","0.3","2.61","26.03","311.45","516.71","165.9"
"806","2004","13","West Bengal","Birbhum","451.12","15.85","0.38","91.77","3.53","0.4","3.36","13.65","320.61","532.99","166.24"
"806","2005","13","West Bengal","Birbhum","451.12","15.85","0.36","96.38","2.04","0.27","2.17","13.23","319.96","514.49","160.8"
"806","2006","13","West Bengal","Birbhum","451.12","15.85","0.3","94.57","3.09","0.25","4.11","14.26","317.67","549.73","173.05"
"806","2007","13","West Bengal","Birbhum","451.12","15.85","0.28","96.81","3.88","0.18","2.37","12.34","318.54","560.77","176.04"
"806","2008","13","West Bengal","Birbhum","451.12","15.85","0.52","98.16","4.0","0.31","3.95","7.42","320.08","568.1","177.49"
"806","2009","13","West Bengal","Birbhum","451.12","15.85","0.48","98.35","3.6","0.23","3.17","6.36","322.23","528.61","164.05"
"806","2010","13","West Bengal","Birbhum","451.12","15.85","0.28","101.19","2.82","0.17","2.7","7.33","319.96","420.91","131.55"
"806","2011","13","West Bengal","Birbhum","451.12","15.85","0.34","99.84","2.57","0.16","1.55","4.85","325.39","555.98","170.87"
"806","2012","13","West Bengal","Birbhum","451.12","15.85","0.22","100.67","1.71","0.15","1.32","4.46","326.02","539.27","165.41"
"806","2013","13","West Bengal","Birbhum","451.12","15.85","0.15","101.3","1.37","0.1","0.93","3.59","327.01","557.4","170.45"
"806","2014","13","West Bengal","Birbhum","451.12","15.85","0.1","101.72","1.32","0.12","0.89","3.02","327.33","555.63","169.75"
"806","2015","13","West Bengal","Birbhum","451.12","15.85","0.04","102.14","1.25","0.14","0.82","2.52","327.63","590.64","180.28"
"806","2016","13","West Bengal","Birbhum","451.12","15.85","0.03","103.58","1.05","0.13","0.71","2.02","327.03","578.72","176.96"
"806","2017","13","West Bengal","Birbhum","451.12","15.85","0.03","104.02","1.06","0.15","0.75","1.58","326.53","616.73","188.87"
"806","2018","13","West Bengal","Birbhum","451.12","15.85","0.03","100.67","1.06","0.15","0.78","1.3","327.4","581.38","177.58"
"806","2019","13","West Bengal","Birbhum","451.12","15.85","0.02","101.3","0.96","0.13","0.77","3.12","327.45","586.08","178.98"
"806","2020","13","West Bengal","Birbhum","451.12","15.85","0.03","101.42","0.95","0.12","0.76","2.83","327.63","591.91","180.66"
"807","2000","13","West Bengal","Bankura","688.1","148.35","1.56","121.71","6.68","0.66","2.35","62.14","344.07","499.24","145.1"
"807","2001","13","West Bengal","Bankura","688.1","148.35","2.46","109.62","4.6","0.66","3.5","34.01","383.34","539.23","140.67"
"807","2002","13","West Bengal","Bankura","688.1","147.29","3.3","130.47","2.34","0.5","1.39","45.36","357.14","427.47","119.69"
"807","2003","13","West Bengal","Bankura","688.1","147.7","2.37","142.19","3.71","0.52","1.49","41.12","348.13","441.2","126.73"
"807","2004","13","West Bengal","Bankura","688.0","148.93","4.05","143.99","4.66","1.5","1.88","42.68","338.18","460.51","136.17"
"807","2005","13","West Bengal","Bankura","688.0","148.93","3.16","146.55","5.32","0.95","3.02","38.24","335.58","493.85","147.16"
"807","2006","13","West Bengal","Bankura","688.0","149.17","1.53","146.66","1.57","0.72","0.32","40.44","344.66","551.04","159.88"
"807","2007","13","West Bengal","Bankura","688.0","148.93","1.72","147.97","2.12","0.7","1.03","37.48","345.39","565.77","163.81"
"807","2008","13","West Bengal","Bankura","688.0","148.93","2.08","146.19","2.25","1.13","2.05","35.89","346.87","514.4","148.3"
"807","2009","13","West Bengal","Bankura","688.0","148.93","2.31","147.0","2.04","0.81","1.62","32.32","350.15","514.28","146.87"
"807","2010","13","West Bengal","Bankura","688.0","148.93","1.42","148.48","2.13","0.78","1.97","118.76","264.09","321.58","121.77"
"807","2011","13","West Bengal","Bankura","688.0","148.93","2.42","156.02","2.42","1.09","1.18","44.82","329.28","504.06","153.08"
"807","2012","13","West Bengal","Bankura","688.0","148.93","1.65","158.52","1.56","0.97","1.08","42.21","331.19","504.3","152.27"
"807","2013","13","West Bengal","Bankura","688.0","148.93","1.62","161.56","1.4","0.89","0.98","34.64","336.35","508.87","151.29"
"807","2014","13","West Bengal","Bankura","688.0","148.93","1.65","162.68","1.53","0.47","0.87","33.11","337.31","492.23","145.93"
"807","2015","13","West Bengal","Bankura","688.0","148.93","1.68","163.79","1.63","0.21","0.77","32.11","337.77","506.6","149.98"
"807","2016","13","West Bengal","Bankura","688.0","148.93","1.66","164.44","1.62","0.12","0.66","31.17","338.33","520.85","153.95"
"807","2017","13","West Bengal","Bankura","688.0","148.93","1.5","163.15","1.97","0.13","0.5","31.0","339.87","535.01","157.42"
"807","2018","13","West Bengal","Bankura","688.0","148.93","1.4","158.52","2.02","0.14","0.34","30.8","340.38","540.68","158.84"
"807","2019","13","West Bengal","Bankura","688.0","148.93","1.37","161.56","1.8","0.13","0.33","32.24","340.5","563.63","165.53"
"807","2020","13","West Bengal","Bankura","688.0","148.93","1.35","162.34","1.79","0.12","0.32","18.25","354.19","608.1","171.69"
"810","2000","13","West Bengal","Hooghly","312.22","0.65","0.24","74.6","2.61","0.03","0.49","0.77","230.55","396.39","171.93"
"810","2001","13","West Bengal","Hooghly","312.22","0.65","0.23","78.12","1.52","0.03","0.29","3.59","225.91","518.92","229.7"
"810","2002","13","West Bengal","Hooghly","312.22","0.65","0.13","82.68","1.37","0.01","0.91","0.92","223.96","517.59","231.11"
"810","2003","13","West Bengal","Hooghly","312.22","0.53","0.97","80.54","1.62","0.11","0.14","0.84","225.17","524.15","232.78"
"810","2004","13","West Bengal","Hooghly","312.22","0.53","0.61","84.65","1.83","0.07","0.55","1.08","219.73","520.66","236.95"
"810","2005","13","West Bengal","Hooghly","312.22","0.53","0.08","88.39","1.14","0.06","0.44","0.83","218.82","528.67","241.6"
"810","2006","13","West Bengal","Hooghly","313.38","0.53","0.0","88.8","1.49","0.1","0.15","0.02","220.52","535.78","242.96"
"810","2007","13","West Bengal","Hooghly","313.38","0.53","0.11","89.12","1.33","0.05","0.1","0.34","219.91","540.59","245.82"
"810","2008","13","West Bengal","Hooghly","313.38","0.53","0.25","92.94","2.0","0.12","0.45","0.6","214.64","554.6","258.39"
"810","2009","13","West Bengal","Hooghly","313.38","0.53","0.23","94.33","1.57","0.09","0.46","0.38","214.25","540.04","252.06"
"810","2010","13","West Bengal","Hooghly","313.38","0.53","0.09","96.53","1.52","0.01","0.12","0.59","212.41","542.69","255.49"
"810","2011","13","West Bengal","Hooghly","313.38","0.53","0.17","96.61","1.47","0.03","0.52","0.71","211.27","520.74","246.48"
"810","2012","13","West Bengal","Hooghly","313.38","0.53","0.13","96.99","0.93","0.02","0.42","0.67","212.09","527.63","248.78"
"810","2013","13","West Bengal","Hooghly","313.38","0.53","0.06","97.14","0.79","0.0","0.29","0.68","212.58","539.37","253.73"
"810","2014","13","West Bengal","Hooghly","313.38","0.53","0.05","97.85","0.73","0.02","0.13","0.76","211.97","543.24","256.28"
"810","2015","13","West Bengal","Hooghly","313.38","0.53","0.05","98.55","0.58","0.05","0.0","0.75","211.5","546.82","258.54"
"810","2016","13","West Bengal","Hooghly","313.38","0.29","0.04","99.3","0.46","0.06","0.0","0.74","210.85","512.64","243.13"
"810","2017","13","West Bengal","Hooghly","313.38","0.29","0.03","99.4","0.44","0.05","0.0","0.52","210.89","522.26","247.65"
"810","2018","13","West Bengal","Hooghly","313.38","0.29","0.02","96.99","0.4","0.02","0.0","0.5","210.9","527.23","250.0"
"810","2019","13","West Bengal","Hooghly","313.38","0.29","0.02","97.14","0.33","0.02","0.0","0.39","210.94","525.88","249.3"
"810","2020","13","West Bengal","Hooghly","313.38","0.29","0.02","99.77","0.33","0.02","-1.0","0.41","210.9","518.3","245.76"
"811","2000","13","West Bengal","Howrah","136.02","0.0","0.07","41.91","0.26","0.09","0.64","4.91","87.04","165.34","189.96"
"811","2001","13","West Bengal","Howrah","136.01","0.0","0.11","45.41","0.22","0.04","0.39","8.02","80.14","167.41","208.9"
"811","2002","13","West Bengal","Howrah","138.68","0.0","0.24","46.27","0.14","0.49","0.55","6.48","83.13","176.5","212.32"
"811","2003","13","West Bengal","Howrah","138.68","0.0","0.75","43.77","0.14","0.14","1.11","4.92","87.11","190.24","218.39"
"811","2004","13","West Bengal","Howrah","138.68","0.0","0.19","46.87","0.15","0.03","1.01","4.59","84.9","182.79","215.3"
"811","2005","13","West Bengal","Howrah","138.68","0.0","0.01","49.89","0.08","0.0","0.8","4.27","81.65","170.99","209.42"
"811","2006","13","West Bengal","Howrah","138.68","0.0","0.12","49.67","0.06","0.02","0.23","5.31","82.19","164.02","199.56"
"811","2007","13","West Bengal","Howrah","138.68","0.0","1.01","0.0","0.21","0.0","0.24","4.06","80.73","162.86","201.73"
"811","2008","13","West Bengal","Howrah","138.68","0.0","0.0","53.14","0.09","0.09","0.18","4.18","79.66","158.2","198.59"
"811","2009","13","West Bengal","Howrah","138.68","0.0","0.0","52.03","0.09","0.08","0.18","4.7","80.22","156.53","195.13"
"811","2010","13","West Bengal","Howrah","138.68","0.0","0.0","53.12","0.05","0.0","0.15","4.48","79.41","160.34","201.91"
"811","2011","13","West Bengal","Howrah","138.68","0.0","0.0","50.12","0.05","0.0","0.15","4.4","82.79","156.82","189.42"
"811","2012","13","West Bengal","Howrah","138.68","0.0","0.0","50.62","0.06","0.0","0.14","4.04","82.82","157.31","189.94"
"811","2013","13","West Bengal","Howrah","138.68","0.0","0.0","50.77","0.04","0.0","0.12","3.51","83.2","155.31","186.67"
"811","2014","13","West Bengal","Howrah","138.68","0.0","0.0","50.74","0.06","0.0","0.14","3.45","82.98","167.03","201.29"
"811","2015","13","West Bengal","Howrah","138.68","0.0","0.0","50.7","0.07","0.0","0.14","3.42","82.76","169.8","205.17"
"811","2016","13","West Bengal","Howrah","138.68","0.0","0.0","51.13","0.08","0.0","0.15","3.38","82.44","165.51","200.76"
"811","2017","13","West Bengal","Howrah","138.68","0.0","0.0","52.2","0.08","0.0","0.2","2.64","82.22","162.1","197.15"
"811","2018","13","West Bengal","Howrah","138.68","0.0","-1.0","50.62","0.07","0.0","0.21","2.44","80.4","165.0","205.23"
"811","2019","13","West Bengal","Howrah","138.68","0.0","-1.0","50.77","0.05","0.0","0.2","1.89","80.2","158.83","198.04"
"811","2020","13","West Bengal","Howrah","138.68","-1.0","-1.0","55.77","0.04","-1.0","0.19","1.87","79.97","148.81","186.09"
"812","2000","13","West Bengal","Jalpaiguri","621.7","178.0","2.32","92.66","-0.76","-0.99","-0.75","2.2","335.51","559.74","166.83"
"812","2001","13","West Bengal","Jalpaiguri","621.7","178.0","3.8","61.17","0.4","-1.0","-0.73","2.57","365.92","551.96","150.84"
"812","2002","13","West Bengal","Jalpaiguri","621.7","178.0","4.01","81.6","-0.02","-0.99","-0.72","16.94","328.85","576.64","175.35"
"812","2003","13","West Bengal","Jalpaiguri","621.7","178.0","1.42","75.45","-0.22","-1.0","-0.92","20.46","336.46","548.57","163.04"
"812","2004","13","West Bengal","Jalpaiguri","621.7","178.0","1.58","77.08","-0.93","-1.0","-0.96","17.39","339.0","562.76","166.01"
"812","2005","13","West Bengal","Jalpaiguri","621.7","178.0","2.23","81.54","-0.03","-1.0","-0.28","13.33","335.64","560.8","167.08"
"812","2006","13","West Bengal","Jalpaiguri","621.7","178.0","2.26","82.52","-0.94","-1.0","-0.96","15.05","334.73","549.46","164.15"
"812","2007","13","West Bengal","Jalpaiguri","621.7","178.0","2.36","-1.0","-0.94","-1.0","-0.94","13.81","333.65","563.37","168.85"
"812","2008","13","West Bengal","Jalpaiguri","621.7","178.0","2.3","86.38","-0.91","-1.0","-0.93","11.09","334.69","549.7","164.24"
"812","2009","13","West Bengal","Jalpaiguri","621.7","178.0","2.09","86.94","-0.9","-1.0","-0.92","10.44","334.77","544.65","162.69"
"812","2010","13","West Bengal","Jalpaiguri","621.7","178.0","1.99","89.67","-0.9","-1.0","-0.9","9.72","333.13","549.05","164.82"
"812","2011","13","West Bengal","Jalpaiguri","621.7","178.0","2.13","89.72","-0.88","-1.0","-0.87","8.58","334.0","544.0","162.87"
"812","2012","13","West Bengal","Jalpaiguri","621.7","178.0","1.69","90.12","-0.92","-1.0","-0.88","8.53","334.51","548.33","163.92"
"812","2013","13","West Bengal","Jalpaiguri","621.7","178.0","1.39","90.32","-0.93","-1.0","-0.89","8.01","335.02","566.62","169.13"
"812","2014","13","West Bengal","Jalpaiguri","621.7","178.0","0.81","90.82","-0.77","-1.0","-0.78","7.47","335.72","554.98","165.31"
"812","2015","13","West Bengal","Jalpaiguri","621.7","178.0","0.24","91.46","-0.6","-1.0","-0.96","7.42","336.05","566.26","168.5"
"812","2016","13","West Bengal","Jalpaiguri","622.7","179.0","0.58","93.36","0.39","-1.0","0.02","6.1","339.04","544.61","160.63"
"812","2017","13","West Bengal","Jalpaiguri","622.7","179.0","0.64","94.26","0.19","0.02","0.02","4.82","339.04","576.08","169.92"
"812","2018","13","West Bengal","Jalpaiguri","622.7","179.0","0.66","120.25","0.17","0.02","0.01","3.8","339.1","569.0","167.8"
"812","2019","13","West Bengal","Jalpaiguri","622.7","179.0","0.66","120.9","0.11","0.02","0.01","3.23","339.24","519.92","153.26"
"812","2020","13","West Bengal","Jalpaiguri","622.7","179.0","0.64","96.19","0.13","0.02","-0.99","3.37","338.67","536.59","158.44"
"813","2000","13","West Bengal","Darjeeling","325.47","124.57","4.68","41.17","1.68","1.17","4.01","8.8","136.88","186.34","136.13"
"813","2001","13","West Bengal","Darjeeling","325.47","124.57","5.12","28.72","1.75","1.2","4.44","9.48","146.45","175.45","119.8"
"813","2002","13","West Bengal","Darjeeling","325.47","124.58","4.99","27.45","1.67","1.01","4.62","14.91","143.11","176.71","123.48"
"813","2003","13","West Bengal","Darjeeling","325.47","124.58","4.93","33.79","1.38","0.91","3.8","11.15","143.0","176.24","123.24"
"813","2004","13","West Bengal","Darjeeling","325.47","124.58","2.65","32.78","1.4","0.87","3.49","13.99","143.86","176.2","122.48"
"813","2005","13","West Bengal","Darjeeling","325.47","124.58","2.61","35.11","1.55","0.78","3.12","13.86","141.77","239.77","169.13"
"813","2006","13","West Bengal","Darjeeling","325.47","124.58","2.49","34.63","1.47","0.76","3.76","13.34","142.36","192.46","135.19"
"813","2007","13","West Bengal","Darjeeling","325.47","124.58","2.38","37.22","1.8","0.83","3.82","12.15","140.7","195.83","139.18"
"813","2008","13","West Bengal","Darjeeling","325.47","124.58","2.48","39.88","1.67","0.87","3.75","17.53","132.51","194.12","146.49"
"813","2009","13","West Bengal","Darjeeling","325.47","124.58","2.14","40.17","1.56","1.13","3.65","17.67","132.27","194.46","147.02"
"813","2010","13","West Bengal","Darjeeling","325.47","124.58","2.47","40.53","1.49","0.83","3.22","16.44","133.58","194.93","145.93"
"813","2011","13","West Bengal","Darjeeling","325.47","124.58","2.58","38.62","1.31","0.57","3.18","17.36","134.65","192.76","143.16"
"813","2012","13","West Bengal","Darjeeling","325.47","124.58","2.33","39.21","1.12","0.5","2.93","16.55","135.47","195.03","143.97"
"813","2013","13","West Bengal","Darjeeling","325.47","124.58","2.3","39.39","1.06","0.48","2.76","15.26","136.69","197.22","144.28"
"813","2014","13","West Bengal","Darjeeling","325.47","124.58","2.42","40.22","1.23","0.5","2.63","15.14","135.66","197.25","145.4"
"813","2015","13","West Bengal","Darjeeling","325.47","124.58","2.53","41.04","1.31","0.51","2.52","14.9","134.85","199.28","147.78"
"813","2016","13","West Bengal","Darjeeling","325.47","124.58","2.62","41.64","1.37","0.51","2.34","12.06","137.45","202.25","147.14"
"813","2017","13","West Bengal","Darjeeling","220.11","67.66","0.74","25.55","0.5","0.05","0.77","8.01","115.27","153.4","133.08"
"813","2018","13","West Bengal","Darjeeling","220.11","67.66","0.55","39.21","0.47","0.04","0.6","7.21","115.81","151.31","130.66"
"813","2019","13","West Bengal","Darjeeling","220.11","67.66","0.52","39.39","0.44","0.04","0.58","6.92","115.86","141.87","122.45"
"813","2020","13","West Bengal","Darjeeling","325.47","124.58","1.85","46.47","0.9","0.22","1.13","8.4","138.86","195.42","140.73"
"814","2000","13","West Bengal","Malda","371.05","1.68","0.0","84.82","0.1","0.0","0.26","58.2","222.91","459.56","206.16"
"814","2001","13","West Bengal","Malda","371.05","1.68","0.01","84.76","0.09","0.0","0.3","58.11","223.11","444.39","199.18"
"814","2002","13","West Bengal","Malda","371.05","1.68","0.0","84.64","0.1","0.0","0.3","52.8","228.49","445.69","195.06"
"814","2003","13","West Bengal","Malda","371.05","1.68","0.0","84.06","0.09","0.0","0.3","49.65","232.26","449.41","193.49"
"814","2004","13","West Bengal","Malda","370.86","1.68","0.0","83.58","0.1","0.0","0.31","54.61","227.6","456.66","200.64"
"814","2005","13","West Bengal","Malda","370.86","1.68","0.0","86.72","0.1","0.0","0.68","57.46","221.54","439.82","198.53"
"814","2006","13","West Bengal","Malda","370.86","1.68","0.0","84.42","0.09","0.0","0.3","70.08","211.4","396.83","187.72"
"814","2007","13","West Bengal","Malda","370.86","1.68","0.0","0.0","0.09","0.0","0.33","65.63","210.32","391.13","185.97"
"814","2008","13","West Bengal","Malda","370.86","1.68","0.0","88.25","0.1","0.0","0.31","63.62","212.46","450.7","212.13"
"814","2009","13","West Bengal","Malda","370.86","1.68","0.0","88.62","0.09","0.0","0.33","60.71","216.0","443.09","205.13"
"814","2010","13","West Bengal","Malda","370.86","1.68","0.0","90.11","0.1","0.0","0.29","57.45","217.98","425.45","195.18"
"814","2011","13","West Bengal","Malda","370.86","1.68","0.0","75.28","0.08","0.0","0.3","59.52","231.07","438.77","189.89"
"814","2012","13","West Bengal","Malda","370.86","1.68","0.0","80.82","0.09","0.0","0.3","53.96","231.08","457.41","197.94"
"814","2013","13","West Bengal","Malda","370.86","1.68","0.0","81.25","0.09","0.0","0.27","52.42","232.16","448.48","193.18"
"814","2014","13","West Bengal","Malda","370.86","1.68","0.0","81.77","0.09","0.0","0.2","49.95","234.32","453.71","193.63"
"814","2015","13","West Bengal","Malda","370.86","1.68","0.0","82.28","0.08","0.0","0.24","46.97","236.9","469.8","198.31"
"814","2016","13","West Bengal","Malda","370.86","1.68","-1.0","83.56","0.06","-1.0","0.33","45.9","236.66","465.55","196.72"
"814","2017","13","West Bengal","Malda","370.86","1.68","0.0","84.84","0.09","0.0","0.06","48.8","233.68","470.66","201.41"
"814","2018","13","West Bengal","Malda","370.86","1.68","-1.0","80.82","0.11","0.0","0.05","49.6","231.8","467.04","201.48"
"814","2019","13","West Bengal","Malda","370.86","1.68","-1.0","81.25","0.09","0.0","0.05","49.61","231.87","485.85","209.54"
"814","2020","13","West Bengal","Malda","370.86","1.68","-1.0","86.82","0.09","0.0","0.04","49.63","231.46","483.81","209.03"
"816","2000","13","West Bengal","Cooch Behar","331.38","3.15","0.28","50.33","0.75","0.03","0.19","5.64","264.92","508.44","191.92"
"816","2001","13","West Bengal","Cooch Behar","331.38","3.15","0.46","46.73","0.4","0.02","0.59","3.55","270.03","496.7","183.94"
"816","2002","13","West Bengal","Cooch Behar","331.38","3.77","0.49","59.1","0.95","0.25","0.34","4.21","253.54","474.91","187.31"
"816","2003","13","West Bengal","Cooch Behar","331.38","4.26","1.1","56.66","1.41","0.48","0.24","1.26","257.0","484.21","188.41"
"816","2004","13","West Bengal","Cooch Behar","331.57","4.26","1.54","60.79","0.19","0.02","0.35","2.2","254.16","494.28","194.48"
"816","2005","13","West Bengal","Cooch Behar","331.57","4.26","2.35","64.94","1.77","0.01","0.67","3.17","246.94","512.38","207.49"
"816","2006","13","West Bengal","Cooch Behar","331.57","4.26","1.35","66.19","0.83","0.14","0.89","0.89","248.27","486.87","196.11"
"816","2007","13","West Bengal","Cooch Behar","331.57","4.26","2.3","66.63","0.96","0.08","0.04","1.45","248.14","547.11","220.48"
"816","2008","13","West Bengal","Cooch Behar","331.57","4.26","1.1","67.85","0.04","0.01","0.01","0.5","251.96","551.9","219.04"
"816","2009","13","West Bengal","Cooch Behar","331.57","4.26","0.85","68.08","0.12","0.04","0.04","1.2","251.36","520.74","207.17"
"816","2010","13","West Bengal","Cooch Behar","331.57","4.26","0.26","69.43","0.29","0.01","0.06","0.86","250.61","511.55","204.12"
"816","2011","13","West Bengal","Cooch Behar","331.57","4.26","0.21","62.17","2.09","0.0","0.07","0.84","254.18","513.48","202.01"
"816","2012","13","West Bengal","Cooch Behar","331.57","4.26","0.12","64.8","1.33","0.0","0.05","0.85","252.57","514.63","203.76"
"816","2013","13","West Bengal","Cooch Behar","331.57","4.26","0.1","65.23","1.22","0.01","0.04","0.83","253.26","516.69","204.02"
"816","2014","13","West Bengal","Cooch Behar","331.57","4.26","0.0","64.72","0.72","0.01","0.0","0.82","254.54","533.66","209.66"
"816","2015","13","West Bengal","Cooch Behar","331.57","4.26","0.0","64.12","0.21","0.01","0.0","0.8","255.74","519.68","203.21"
"816","2016","13","West Bengal","Cooch Behar","331.57","4.26","-1.0","64.14","0.18","0.01","-1.0","0.8","256.13","509.46","198.91"
"816","2017","13","West Bengal","Cooch Behar","331.57","4.26","0.0","63.8","0.18","0.0","0.0","0.9","256.93","539.3","209.9"
"816","2018","13","West Bengal","Cooch Behar","331.56","4.26","-1.0","64.8","0.18","0.0","0.0","1.2","257.0","547.04","212.86"
"816","2019","13","West Bengal","Cooch Behar","331.56","4.26","-1.0","65.23","0.12","0.0","0.0","1.65","257.1","553.94","215.46"
"816","2020","13","West Bengal","Cooch Behar","331.56","4.26","-1.0","64.29","0.1","-1.0","-1.0","1.52","257.12","552.77","214.99"
"817","2000","13","West Bengal","Purulia","623.29","87.6","7.18","83.41","6.38","0.24","7.32","113.23","311.69","325.42","104.41"
"817","2001","13","West Bengal","Purulia","623.29","87.6","3.01","89.14","5.82","0.33","5.03","93.51","335.83","356.24","106.08"
"817","2002","13","West Bengal","Purulia","624.11","87.17","4.94","91.64","8.55","0.9","4.93","167.79","256.94","285.37","111.06"
"817","2003","13","West Bengal","Purulia","625.48","75.05","4.31","84.75","6.36","0.65","3.69","110.71","339.14","357.1","105.3"
"817","2004","13","West Bengal","Purulia","625.48","75.05","5.04","100.87","8.49","0.54","4.24","99.25","331.79","354.62","106.88"
"817","2005","13","West Bengal","Purulia","625.65","75.05","3.98","103.47","9.1","0.87","4.03","118.7","308.64","329.64","106.8"
"817","2006","13","West Bengal","Purulia","625.65","75.05","6.3","99.9","8.94","1.03","4.73","115.53","310.24","358.89","115.68"
"817","2007","13","West Bengal","Purulia","625.65","75.05","4.19","100.23","7.32","2.55","5.23","114.96","312.92","385.16","123.09"
"817","2008","13","West Bengal","Purulia","625.65","75.05","4.32","104.33","7.9","3.1","5.82","105.53","317.09","373.9","117.92"
"817","2009","13","West Bengal","Purulia","625.65","75.05","5.31","104.48","8.23","2.56","4.72","102.7","319.41","334.72","104.79"
"817","2010","13","West Bengal","Purulia","625.65","75.05","3.2","105.72","7.6","1.81","4.22","209.4","216.13","217.59","100.68"
"817","2011","13","West Bengal","Purulia","625.65","75.05","2.01","109.06","7.73","0.8","4.7","128.54","295.4","336.36","113.87"
"817","2012","13","West Bengal","Purulia","625.65","75.05","1.56","109.97","6.66","0.66","4.11","126.36","298.6","355.83","119.17"
"817","2013","13","West Bengal","Purulia","625.65","75.05","1.25","113.44","3.47","0.43","2.82","116.53","309.14","376.46","121.78"
"817","2014","13","West Bengal","Purulia","625.65","75.05","1.38","112.51","4.24","0.66","3.55","115.45","308.81","351.42","113.8"
"817","2015","13","West Bengal","Purulia","625.65","75.05","1.49","111.59","4.93","0.74","3.98","114.21","309.16","342.49","110.78"
"817","2016","13","West Bengal","Purulia","625.65","75.05","1.48","112.13","5.05","0.78","4.07","113.11","309.25","355.5","114.96"
"817","2017","13","West Bengal","Purulia","625.65","75.05","1.1","109.54","5.11","0.73","3.08","112.84","313.61","367.51","117.19"
"817","2018","13","West Bengal","Purulia","625.65","75.05","0.9","109.97","5.2","0.73","1.8","112.0","314.51","369.36","117.44"
"817","2019","13","West Bengal","Purulia","625.65","75.05","0.7","113.44","4.08","0.72","1.2","114.3","314.6","373.91","118.85"
"817","2020","13","West Bengal","Purulia","625.65","75.05","0.73","111.43","4.04","0.71","3.02","97.29","329.49","412.68","125.25"
"818","2000","13","West Bengal","Medinipur","1322.88","169.83","1.76","237.59","3.13","-0.12","4.08","15.26","873.24","1437.55","164.62"
"818","2001","13","West Bengal","Medinipur","1322.88","169.83","1.8","247.94","4.75","-0.4","6.6","15.82","858.9","1417.22","165.0"
"818","2002","13","West Bengal","Medinipur","1324.17","180.62","1.69","247.43","4.24","0.18","6.98","18.23","848.9","1385.9","163.26"
"818","2003","13","West Bengal","Medinipur","1324.17","169.59","3.18","236.77","3.25","-0.28","2.97","29.76","861.57","1428.33","165.78"
"818","2004","13","West Bengal","Medinipur","1324.17","171.84","4.69","248.09","4.43","-0.37","3.71","22.95","848.62","1435.47","169.15"
"818","2005","13","West Bengal","Medinipur","1324.17","171.84","4.88","245.81","5.74","0.76","5.74","22.36","844.78","1446.18","171.19"
"818","2006","13","West Bengal","Medinipur","1324.17","171.84","1.19","253.37","5.62","-0.11","3.57","23.54","845.77","1518.33","179.52"
"818","2007","13","West Bengal","Medinipur","1324.17","171.84","1.07","253.24","4.61","0.18","3.29","20.49","850.43","1460.12","171.69"
"818","2008","13","West Bengal","Medinipur","1324.17","171.84","1.48","259.41","4.51","0.02","2.37","18.3","847.33","1501.0","177.14"
"818","2009","13","West Bengal","Medinipur","1324.17","171.84","1.97","260.2","3.27","-0.12","2.1","13.48","852.44","1493.48","175.2"
"818","2010","13","West Bengal","Medinipur","1324.17","171.84","2.17","257.83","3.29","-0.24","2.21","94.68","773.25","1440.42","186.28"
"818","2011","13","West Bengal","Medinipur","1324.17","171.84","0.58","258.36","2.99","-0.45","1.73","75.85","799.33","1430.59","178.97"
"818","2012","13","West Bengal","Medinipur","1324.17","171.84","0.32","260.63","2.4","-0.72","1.12","73.8","800.93","1469.52","183.48"
"818","2013","13","West Bengal","Medinipur","1324.17","171.84","0.2","262.23","1.98","-0.73","0.66","69.59","804.52","1495.52","185.89"
"818","2014","13","West Bengal","Medinipur","1324.17","171.84","0.06","264.52","1.76","-0.57","0.61","67.95","804.49","1550.61","192.74"
"818","2015","13","West Bengal","Medinipur","1324.17","171.84","-0.08","266.81","1.56","-0.44","0.46","66.97","803.89","1562.37","194.35"
"818","2016","13","West Bengal","Medinipur","1324.17","171.84","-0.13","268.44","1.13","-0.44","-0.11","63.32","806.87","1529.11","189.51"
"818","2017","13","West Bengal","Medinipur","1325.17","172.84","1.31","271.13","2.03","0.64","0.76","62.41","808.35","1565.34","193.65"
"818","2018","13","West Bengal","Medinipur","1325.17","172.83","1.48","309.9","1.84","0.68","0.54","59.19","810.51","1574.26","194.23"
"818","2019","13","West Bengal","Medinipur","1325.17","172.83","1.72","313.19","1.49","0.71","0.53","56.98","810.93","1620.19","199.79"
"818","2020","13","West Bengal","Medinipur","1325.17","172.83","1.78","276.11","1.94","0.59","0.48","47.06","819.75","1619.92","197.61"
"822","2000","13","West Bengal","West Dinajpur","534.38","1.51","0.17","59.22","0.17","0.07","0.04","6.25","463.87","800.2","172.51"
"822","2001","13","West Bengal","West Dinajpur","534.38","1.51","0.2","56.49","1.24","0.0","0.05","6.8","464.26","812.28","174.96"
"822","2002","13","West Bengal","West Dinajpur","534.38","1.51","0.11","53.85","0.49","0.37","0.82","4.14","469.82","812.28","172.89"
"822","2003","13","West Bengal","West Dinajpur","534.38","1.51","0.43","56.17","0.15","0.1","0.71","5.62","465.8","841.21","180.59"
"822","2004","13","West Bengal","West Dinajpur","534.38","1.51","0.31","60.27","0.26","0.03","0.31","9.66","458.18","813.43","177.54"
"822","2005","13","West Bengal","West Dinajpur","534.38","1.51","0.26","62.61","0.53","0.03","0.72","6.92","458.18","797.21","173.99"
"822","2006","13","West Bengal","West Dinajpur","534.38","1.33","0.52","61.67","0.33","0.1","0.24","13.96","452.63","773.51","170.89"
"822","2007","13","West Bengal","West Dinajpur","534.38","1.51","0.52","63.41","0.06","0.14","0.26","2.52","461.47","818.96","177.47"
"822","2008","13","West Bengal","West Dinajpur","534.38","1.51","0.24","65.61","0.11","0.08","0.14","1.63","462.58","834.9","180.49"
"822","2009","13","West Bengal","West Dinajpur","534.38","1.51","0.15","65.05","0.16","0.07","0.24","2.86","461.22","796.96","172.79"
"822","2010","13","West Bengal","West Dinajpur","534.38","1.51","0.28","67.6","0.16","0.13","0.57","3.09","458.39","792.39","172.86"
"822","2011","13","West Bengal","West Dinajpur","534.38","1.51","0.11","57.17","0.11","0.06","0.16","0.22","469.24","776.33","165.44"
"822","2012","13","West Bengal","West Dinajpur","534.38","1.51","0.05","63.86","0.07","0.04","0.11","0.15","463.27","787.61","170.01"
"822","2013","13","West Bengal","West Dinajpur","534.38","1.51","0.08","64.1","0.01","0.03","0.07","0.3","463.39","803.64","173.43"
"822","2014","13","West Bengal","West Dinajpur","534.38","1.51","0.05","65.28","0.2","0.0","0.11","0.31","463.04","804.34","173.71"
"822","2015","13","West Bengal","West Dinajpur","534.38","1.51","0.05","66.24","0.3","0.0","0.1","0.3","462.89","847.62","183.11"
"822","2016","13","West Bengal","West Dinajpur","534.38","1.51","0.04","67.36","0.33","-2.0","0.1","0.37","462.5","813.4","175.87"
"822","2017","13","West Bengal","West Dinajpur","534.38","1.51","0.04","68.48","0.19","0.01","0.08","0.26","461.33","937.1","203.13"
"822","2018","13","West Bengal","West Dinajpur","534.38","1.51","0.04","63.64","0.15","0.03","0.08","0.27","460.1","901.56","195.95"
"822","2019","13","West Bengal","West Dinajpur","534.38","1.51","0.03","64.6","0.1","0.03","0.07","0.25","460.27","932.75","202.65"
"822","2020","13","West Bengal","West Dinajpur","534.38","1.51","0.02","70.5","-0.9","0.03","0.08","0.25","459.59","969.82","211.02"
"901","2000","2","Bihar","Champaran","1095.66","91.87","15.19","198.8","1.65","1.71","7.58","25.86","713.53","982.33","137.67"
"901","2001","2","Bihar","Champaran","1095.66","91.87","15.18","199.02","1.65","1.71","7.58","26.99","711.84","996.08","139.93"
"901","2002","2","Bihar","Champaran","1095.66","91.87","15.17","199.14","1.65","1.71","7.57","27.69","710.88","930.8","130.94"
"901","2003","2","Bihar","Champaran","1095.66","91.87","15.17","199.28","1.63","1.7","7.52","38.28","700.09","895.42","127.9"
"901","2004","2","Bihar","Champaran","1095.66","91.87","15.17","199.35","1.62","1.7","7.14","30.64","707.96","927.73","131.04"
"901","2005","2","Bihar","Champaran","1095.66","91.87","15.17","199.44","1.62","1.69","7.11","34.69","703.8","935.98","132.99"
"901","2006","2","Bihar","Champaran","1095.66","91.87","15.16","199.48","1.61","1.68","6.67","31.98","709.62","1062.13","149.68"
"901","2007","2","Bihar","Champaran","1095.66","91.87","14.95","199.83","1.61","1.68","6.63","28.3","710.41","995.85","140.18"
"901","2008","2","Bihar","Champaran","1095.66","91.87","14.92","201.69","1.56","1.66","6.65","51.47","685.37","935.78","136.54"
"901","2009","2","Bihar","Champaran","1095.66","91.87","14.92","202.6","1.56","1.64","6.63","44.6","691.16","908.93","131.51"
"901","2010","2","Bihar","Champaran","1095.66","91.87","14.92","203.56","1.56","1.64","6.63","66.11","668.66","918.26","137.33"
"901","2011","2","Bihar","Champaran","1095.66","91.87","14.92","203.57","1.56","1.64","6.6","52.66","682.15","1049.53","153.86"
"901","2012","2","Bihar","Champaran","1095.66","91.87","14.92","203.62","1.55","1.63","6.58","52.26","682.5","1059.48","155.24"
"901","2013","2","Bihar","Champaran","1095.66","91.87","14.92","203.65","1.54","1.62","6.52","65.87","668.88","1050.63","157.07"
"901","2014","2","Bihar","Champaran","1095.66","91.87","14.92","203.7","1.54","1.62","6.14","49.94","685.13","1065.56","155.53"
"901","2015","2","Bihar","Champaran","1095.66","91.87","14.92","203.92","1.47","1.61","6.12","69.27","665.66","1026.23","154.17"
"901","2016","2","Bihar","Champaran","1095.66","90.87","14.92","203.99","0.46","1.58","6.12","81.14","653.74","993.65","151.99"
"901","2017","2","Bihar","Champaran","1095.66","91.87","14.92","204.04","1.46","1.58","6.09","82.36","652.49","991.92","152.02"
"901","2018","2","Bihar","Champaran","1095.65","91.86","14.92","203.92","1.46","1.58","6.06","90.14","644.89","983.67","152.53"
"901","2019","2","Bihar","Champaran","1095.6","91.86","14.92","203.99","1.46","1.58","5.97","85.1","650.1","992.14","152.61"
"901","2020","2","Bihar","Champaran","1095.65","91.86","14.92","204.04","1.46","1.58","13.04","76.94","649.13","989.47","152.43"
"902","2000","2","Bihar","Muzaffarpur","782.17","0.0","31.81","172.03","0.7","1.83","3.18","53.36","477.71","737.04","154.29"
"902","2001","2","Bihar","Muzaffarpur","782.17","0.0","31.81","172.44","0.69","1.82","3.18","48.66","481.56","788.14","163.66"
"902","2002","2","Bihar","Muzaffarpur","782.17","0.0","31.79","172.65","0.68","1.82","3.16","47.17","482.65","783.63","162.36"
"902","2003","2","Bihar","Muzaffarpur","782.17","0.0","31.78","172.81","0.66","1.81","3.11","48.26","481.34","761.74","158.25"
"902","2004","2","Bihar","Muzaffarpur","782.17","0.0","31.78","172.9","0.66","1.81","3.05","57.77","471.71","724.85","153.66"
"902","2005","2","Bihar","Muzaffarpur","782.17","0.0","31.77","173.02","0.65","1.8","3.02","56.79","472.51","695.46","147.18"
"902","2006","2","Bihar","Muzaffarpur","782.17","0.0","31.76","173.03","0.65","1.79","2.66","47.06","482.59","754.21","156.28"
"902","2007","2","Bihar","Muzaffarpur","782.17","0.0","31.57","173.41","0.65","1.78","2.61","54.76","474.69","728.53","153.47"
"902","2008","2","Bihar","Muzaffarpur","782.17","0.0","31.53","174.75","0.62","1.76","3.31","32.83","493.02","764.11","154.99"
"902","2009","2","Bihar","Muzaffarpur","782.17","0.0","31.53","176.75","0.62","1.74","3.27","28.29","495.33","751.47","151.71"
"902","2010","2","Bihar","Muzaffarpur","782.17","0.0","31.53","177.63","0.61","1.74","3.27","14.3","508.4","756.9","148.88"
"902","2011","2","Bihar","Muzaffarpur","782.17","0.0","31.53","177.82","0.6","1.74","3.01","14.48","508.31","738.44","145.27"
"902","2012","2","Bihar","Muzaffarpur","782.17","0.0","31.53","176.43","0.6","1.73","3.1","14.43","509.64","771.3","151.34"
"902","2013","2","Bihar","Muzaffarpur","782.17","0.0","31.53","176.67","0.59","1.72","2.92","22.37","501.57","771.72","153.86"
"902","2014","2","Bihar","Muzaffarpur","782.17","0.0","31.53","176.68","0.58","1.71","2.91","13.53","510.37","802.13","157.17"
"902","2015","2","Bihar","Muzaffarpur","782.17","0.0","31.53","176.78","0.57","1.7","2.89","63.92","459.88","741.5","161.24"
"902","2016","2","Bihar","Muzaffarpur","782.17","-4.0","31.53","176.85","0.56","0.68","2.88","50.64","473.11","754.24","159.42"
"902","2017","2","Bihar","Muzaffarpur","782.17","0.0","31.53","176.79","0.55","1.68","2.87","46.31","477.5","759.49","159.06"
"902","2018","2","Bihar","Muzaffarpur","782.17","0.0","31.52","176.78","0.55","1.67","2.86","43.8","479.91","778.86","162.29"
"902","2019","2","Bihar","Muzaffarpur","782.23","0.0","31.52","176.85","0.55","1.67","2.04","41.07","483.14","781.82","161.82"
"902","2020","2","Bihar","Muzaffarpur","782.17","0.0","31.52","177.66","0.53","1.66","9.98","31.14","483.5","780.03","161.33"
"903","2000","2","Bihar","Darbhanga","869.97","0.0","7.67","207.02","0.69","1.69","6.93","19.91","583.67","778.5","133.38"
"903","2001","2","Bihar","Darbhanga","869.97","0.0","7.67","207.34","0.69","1.69","6.93","20.99","581.99","735.47","126.37"
"903","2002","2","Bihar","Darbhanga","869.97","0.0","7.67","207.47","0.68","1.68","6.88","18.16","584.65","783.23","133.97"
"903","2003","2","Bihar","Darbhanga","869.97","0.0","7.65","207.6","0.68","1.68","6.85","20.02","582.55","779.23","133.76"
"903","2004","2","Bihar","Darbhanga","869.97","0.0","7.64","207.69","0.68","1.66","6.82","20.89","581.55","774.85","133.24"
"903","2005","2","Bihar","Darbhanga","869.97","0.0","7.64","207.77","0.67","1.66","6.77","31.01","571.34","748.74","131.05"
"903","2006","2","Bihar","Darbhanga","869.97","0.0","7.63","207.78","0.67","1.66","6.21","37.14","473.05","617.27","130.49"
"903","2007","2","Bihar","Darbhanga","869.97","0.0","7.37","208.26","0.66","1.65","6.18","16.85","585.85","767.28","130.97"
"903","2008","2","Bihar","Darbhanga","869.97","0.0","7.35","209.29","0.65","1.52","6.14","18.59","583.19","848.7","145.53"
"903","2009","2","Bihar","Darbhanga","869.97","0.0","7.35","210.51","0.65","1.5","6.11","26.42","574.12","849.61","147.98"
"903","2010","2","Bihar","Darbhanga","869.97","0.0","7.35","211.49","0.65","1.5","6.1","37.84","561.66","774.55","137.9"
"903","2011","2","Bihar","Darbhanga","869.97","0.0","7.35","211.54","0.65","1.5","6.03","42.23","557.3","731.75","131.3"
"903","2012","2","Bihar","Darbhanga","869.97","0.0","7.35","211.57","0.64","1.48","6.04","42.13","556.16","744.09","133.79"
"903","2013","2","Bihar","Darbhanga","869.97","0.0","7.35","211.63","0.64","1.48","5.95","42.06","556.23","802.21","144.22"
"903","2014","2","Bihar","Darbhanga","869.97","0.0","7.35","211.66","0.62","1.47","5.92","51.83","546.43","810.15","148.26"
"903","2015","2","Bihar","Darbhanga","869.97","0.0","7.35","211.71","0.62","1.47","5.92","50.12","548.11","812.52","148.24"
"903","2016","2","Bihar","Darbhanga","869.97","-3.0","7.35","211.73","-0.38","1.46","5.91","53.65","544.56","806.53","148.11"
"903","2017","2","Bihar","Darbhanga","869.97","0.0","7.35","211.71","0.62","1.46","5.89","42.43","555.81","819.84","147.5"
"903","2018","2","Bihar","Darbhanga","869.97","0.0","7.34","211.71","0.62","1.45","5.87","50.85","546.93","809.55","148.02"
"903","2019","2","Bihar","Darbhanga","869.97","0.0","7.34","211.73","0.62","1.45","6.11","63.78","519.79","784.99","151.02"
"903","2020","2","Bihar","Darbhanga","869.97","0.0","7.34","212.73","0.62","1.45","11.9","70.44","505.13","756.53","149.77"
"904","2000","2","Bihar","Saharsa","403.16","0.0","31.29","78.12","2.07","1.47","5.57","9.6","268.17","487.36","181.74"
"904","2001","2","Bihar","Saharsa","403.16","0.0","31.29","78.34","2.07","1.47","5.56","13.62","263.71","456.85","173.24"
"904","2002","2","Bihar","Saharsa","403.16","0.0","31.29","78.42","2.07","1.46","5.53","11.3","265.92","477.29","179.49"
"904","2003","2","Bihar","Saharsa","403.16","0.0","31.29","78.5","2.04","1.45","5.51","12.23","264.88","462.84","174.74"
"904","2004","2","Bihar","Saharsa","403.16","0.0","31.27","78.57","2.04","1.45","5.48","23.22","253.82","444.17","174.99"
"904","2005","2","Bihar","Saharsa","403.16","0.0","31.27","78.57","2.04","1.45","5.47","23.16","253.9","433.48","170.73"
"904","2006","2","Bihar","Saharsa","403.22","0.0","31.27","78.57","2.04","1.44","5.46","24.65","252.4","426.36","168.92"
"904","2007","2","Bihar","Saharsa","403.16","0.0","31.02","78.79","2.03","1.43","5.42","21.43","255.68","432.27","169.07"
"904","2008","2","Bihar","Saharsa","403.16","0.0","31.02","79.58","1.96","1.41","13.38","47.81","220.65","390.44","176.95"
"904","2009","2","Bihar","Saharsa","403.16","0.0","31.02","80.42","1.96","1.41","13.36","10.45","257.12","412.48","160.42"
"904","2010","2","Bihar","Saharsa","403.16","0.0","31.02","80.96","1.95","1.41","13.35","8.57","258.45","423.3","163.78"
"904","2011","2","Bihar","Saharsa","403.16","0.0","31.02","80.95","1.92","1.4","13.3","7.3","259.8","429.97","165.5"
"904","2012","2","Bihar","Saharsa","403.16","0.0","31.02","80.96","1.89","1.39","13.29","7.09","260.03","438.46","168.62"
"904","2013","2","Bihar","Saharsa","403.16","0.0","31.02","81.0","1.87","1.38","13.18","13.88","253.31","442.62","174.73"
"904","2014","2","Bihar","Saharsa","403.16","0.0","31.02","81.41","1.86","1.38","13.14","16.56","250.28","454.79","181.71"
"904","2015","2","Bihar","Saharsa","403.16","0.0","31.02","81.43","1.83","1.36","13.13","27.57","239.28","422.29","176.48"
"904","2016","2","Bihar","Saharsa","403.16","-2.0","31.02","81.44","1.83","1.36","13.12","20.94","245.92","428.09","174.08"
"904","2017","2","Bihar","Saharsa","403.16","0.0","31.02","81.35","1.79","1.36","13.12","29.92","237.06","421.61","177.85"
"904","2018","2","Bihar","Saharsa","403.16","0.0","31.02","81.43","1.43","1.36","13.05","35.28","232.09","417.15","179.74"
"904","2019","2","Bihar","Saharsa","403.16","0.0","31.02","81.44","1.43","1.36","10.6","36.54","232.96","418.2","179.52"
"904","2020","2","Bihar","Saharsa","403.16","0.0","31.02","81.47","1.43","1.36","10.0","39.38","230.3","411.45","178.65"
"905","2000","2","Bihar","Purnea","1066.02","3.09","51.22","184.34","3.84","1.13","19.83","86.38","673.45","1053.94","156.5"
"905","2001","2","Bihar","Purnea","1066.02","3.09","51.2","184.76","3.84","1.13","19.82","83.58","675.46","1034.3","153.13"
"905","2002","2","Bihar","Purnea","1066.02","3.09","51.19","184.9","3.82","1.12","19.78","62.68","696.13","1048.75","150.65"
"905","2003","2","Bihar","Purnea","1066.02","3.09","51.19","185.05","3.78","1.11","17.04","60.83","700.48","1064.14","151.92"
"905","2004","2","Bihar","Purnea","1066.02","3.09","51.19","185.14","3.76","1.09","17.01","77.93","683.26","1024.69","149.97"
"905","2005","2","Bihar","Purnea","1066.02","3.09","51.18","185.17","3.76","1.08","16.99","76.29","684.86","1018.83","148.76"
"905","2006","2","Bihar","Purnea","1066.02","3.09","51.15","185.18","3.75","1.08","16.96","74.67","686.51","991.1","144.37"
"905","2007","2","Bihar","Purnea","1066.02","3.09","50.65","185.95","3.65","0.87","16.85","82.27","678.97","977.85","144.02"
"905","2008","2","Bihar","Purnea","1066.02","3.09","50.65","188.1","3.51","0.83","16.73","98.37","660.85","942.55","142.63"
"905","2009","2","Bihar","Purnea","1066.02","3.09","50.65","189.48","3.51","0.83","16.7","72.14","685.65","959.27","139.91"
"905","2010","2","Bihar","Purnea","1066.02","3.09","50.65","191.02","3.51","0.83","16.68","106.26","649.9","929.2","142.98"
"905","2011","2","Bihar","Purnea","1066.02","3.09","50.65","191.32","3.5","0.83","16.74","106.18","649.69","944.36","145.36"
"905","2012","2","Bihar","Purnea","1066.02","3.09","50.65","192.02","3.48","0.82","17.35","99.48","655.02","945.14","144.29"
"905","2013","2","Bihar","Purnea","1066.02","3.09","50.65","192.67","3.46","0.8","17.13","129.96","623.99","914.33","146.53"
"905","2014","2","Bihar","Purnea","1066.02","3.09","50.65","193.62","3.45","0.8","17.0","198.06","554.97","844.24","152.12"
"905","2015","2","Bihar","Purnea","1066.02","3.09","50.65","193.72","3.44","0.79","16.99","216.34","536.61","826.31","153.99"
"905","2016","2","Bihar","Purnea","1066.02","3.09","50.65","193.77","3.44","0.77","16.97","162.35","590.57","888.06","150.37"
"905","2017","2","Bihar","Purnea","1066.02","3.09","50.65","193.8","3.43","0.77","16.96","203.72","549.15","804.86","146.56"
"905","2018","2","Bihar","Purnea","1066.02","3.09","50.65","193.72","3.42","0.74","16.66","230.33","522.0","735.78","140.95"
"905","2019","2","Bihar","Purnea","1066.02","3.09","50.65","193.77","3.42","0.74","20.18","257.91","489.76","675.95","138.02"
"905","2020","2","Bihar","Purnea","1066.02","3.09","50.65","194.84","3.42","0.74","33.53","283.87","445.38","601.97","135.16"
"906","2000","2","Bihar","Saran","693.07","0.0","32.55","95.64","2.42","0.66","7.82","15.11","515.31","726.32","140.95"
"906","2001","2","Bihar","Saran","693.07","0.0","32.55","95.98","2.41","0.65","7.82","14.17","515.72","725.57","140.69"
"906","2002","2","Bihar","Saran","693.07","0.0","32.55","96.2","2.39","0.65","7.81","14.21","515.21","743.32","144.28"
"906","2003","2","Bihar","Saran","693.07","0.0","32.53","96.31","2.38","0.63","7.77","22.87","506.35","704.44","139.12"
"906","2004","2","Bihar","Saran","693.07","0.0","32.52","96.41","2.38","0.62","7.86","23.61","505.35","707.09","139.92"
"906","2005","2","Bihar","Saran","693.07","0.0","32.51","96.48","2.35","0.62","7.76","25.35","503.57","711.64","141.32"
"906","2006","2","Bihar","Saran","693.07","0.0","32.51","96.51","2.35","0.61","7.73","27.69","501.24","704.88","140.63"
"906","2007","2","Bihar","Saran","693.07","0.0","32.24","96.94","2.35","0.61","7.68","27.49","501.35","700.25","139.67"
"906","2008","2","Bihar","Saran","693.07","0.0","32.18","98.44","2.32","0.59","7.6","29.65","497.78","696.39","139.9"
"906","2009","2","Bihar","Saran","693.07","0.0","32.18","99.44","2.31","0.58","7.58","36.69","489.74","694.14","141.74"
"906","2010","2","Bihar","Saran","693.07","0.0","32.18","100.59","2.31","0.58","7.58","42.09","483.14","673.88","139.48"
"906","2011","2","Bihar","Saran","693.07","0.0","32.18","100.71","2.31","0.56","7.56","39.42","485.72","664.83","136.88"
"906","2012","2","Bihar","Saran","693.07","0.0","32.18","101.24","2.26","0.56","7.52","39.36","485.07","673.6","138.87"
"906","2013","2","Bihar","Saran","693.07","0.0","32.18","101.67","2.24","0.5","7.41","39.29","484.82","664.61","137.08"
"906","2014","2","Bihar","Saran","693.07","0.0","32.18","99.51","2.21","0.49","7.37","52.1","474.16","651.69","137.44"
"906","2015","2","Bihar","Saran","693.07","0.0","32.18","99.58","2.21","0.48","7.37","59.35","466.83","642.03","137.53"
"906","2016","2","Bihar","Saran","693.07","-3.0","32.18","99.67","2.21","0.48","7.35","53.45","472.68","647.24","136.93"
"906","2017","2","Bihar","Saran","693.07","0.0","32.18","99.66","2.21","0.48","7.35","65.88","460.27","625.21","135.84"
"906","2018","2","Bihar","Saran","693.07","0.0","32.18","99.58","2.2","0.47","7.32","74.09","452.06","574.57","127.1"
"906","2019","2","Bihar","Saran","693.07","0.0","32.18","99.67","2.2","0.47","6.92","70.11","456.26","580.02","127.12"
"906","2020","2","Bihar","Saran","693.07","0.0","32.18","99.86","2.2","0.47","6.91","70.96","452.42","566.22","125.15"
"907","2000","2","Bihar","Patna","549.97","4.7","14.34","114.46","1.01","0.14","2.24","18.86","392.52","521.7","132.91"
"907","2001","2","Bihar","Patna","549.97","4.7","14.34","115.02","1.01","0.14","2.23","23.13","387.58","466.44","120.35"
"907","2002","2","Bihar","Patna","549.97","4.7","14.34","115.15","1.0","0.14","2.19","23.17","387.34","489.45","126.36"
"907","2003","2","Bihar","Patna","549.97","4.7","14.34","115.35","0.99","0.13","2.15","23.12","387.16","482.2","124.55"
"907","2004","2","Bihar","Patna","549.97","4.7","14.34","115.48","0.99","0.12","2.09","24.21","385.95","452.27","117.18"
"907","2005","2","Bihar","Patna","549.97","4.7","14.34","115.67","0.99","0.12","1.82","19.96","390.23","458.16","117.41"
"907","2006","2","Bihar","Patna","551.15","4.7","14.33","115.7","0.98","0.12","1.77","25.73","384.43","446.44","116.13"
"907","2007","2","Bihar","Patna","549.97","4.7","13.62","116.52","0.98","0.12","1.76","35.24","374.82","427.35","114.01"
"907","2008","2","Bihar","Patna","549.97","4.7","13.53","119.26","0.97","0.11","1.76","32.37","375.02","447.69","119.38"
"907","2009","2","Bihar","Patna","549.97","4.7","13.53","122.29","0.97","0.11","1.76","102.72","301.61","375.53","124.51"
"907","2010","2","Bihar","Patna","549.97","4.7","13.53","123.28","0.97","0.11","1.76","95.63","307.71","372.06","120.91"
"907","2011","2","Bihar","Patna","549.97","4.7","13.53","124.18","0.97","0.11","1.75","92.94","309.52","454.19","146.74"
"907","2012","2","Bihar","Patna","549.97","4.7","13.53","125.08","0.96","0.11","1.74","92.89","308.67","445.36","144.28"
"907","2013","2","Bihar","Patna","549.97","4.7","13.53","125.97","0.95","0.11","1.72","102.78","297.89","375.09","125.92"
"907","2014","2","Bihar","Patna","549.97","4.7","13.53","125.58","0.92","0.1","1.71","63.51","337.58","427.78","126.72"
"907","2015","2","Bihar","Patna","549.97","4.7","13.53","125.65","0.91","0.1","1.68","63.88","337.19","448.81","133.1"
"907","2016","2","Bihar","Patna","549.97","4.7","13.53","125.71","0.91","0.1","1.65","63.77","337.26","458.52","135.95"
"907","2017","2","Bihar","Patna","549.97","4.7","13.53","125.65","0.9","0.1","1.64","51.76","349.35","471.13","134.86"
"907","2018","2","Bihar","Patna","549.97","4.7","13.53","125.65","0.88","0.09","1.61","56.73","344.39","464.92","135.0"
"907","2019","2","Bihar","Patna","549.97","4.7","13.53","125.71","0.88","0.09","1.61","77.63","323.41","437.65","135.32"
"907","2020","2","Bihar","Patna","549.97","4.7","13.53","125.65","0.88","0.09","2.41","69.09","329.05","441.77","134.26"
"908","2000","2","Bihar","Mungair","972.93","134.83","80.43","164.2","13.15","2.29","37.16","100.42","432.23","595.08","137.68"
"908","2001","2","Bihar","Mungair","972.93","134.83","80.43","164.66","13.15","2.28","37.15","106.41","425.25","558.72","131.39"
"908","2002","2","Bihar","Mungair","972.93","134.83","80.42","164.86","13.13","2.27","37.05","93.36","441.41","599.92","135.91"
"908","2003","2","Bihar","Mungair","972.93","134.83","80.41","165.08","13.07","2.25","36.99","87.7","444.2","606.81","136.61"
"908","2004","2","Bihar","Mungair","972.93","134.83","80.41","165.21","13.06","2.25","36.92","117.16","413.67","551.92","133.42"
"908","2005","2","Bihar","Mungair","972.93","134.83","80.38","165.32","13.05","2.24","36.8","127.95","402.8","548.95","136.28"
"908","2006","2","Bihar","Mungair","971.76","134.83","80.38","165.34","13.05","2.24","34.93","111.73","420.86","584.0","138.76"
"908","2007","2","Bihar","Mungair","972.93","134.83","79.59","165.87","13.03","2.23","34.79","105.29","427.7","592.57","138.55"
"908","2008","2","Bihar","Mungair","972.94","134.83","79.59","167.61","12.88","2.18","29.27","120.18","416.63","560.55","134.54"
"908","2009","2","Bihar","Mungair","972.93","134.83","79.59","173.01","12.87","2.15","29.18","143.3","388.09","546.02","140.69"
"908","2010","2","Bihar","Mungair","972.93","134.83","79.59","174.07","12.86","2.15","29.17","148.04","382.23","534.91","139.94"
"908","2011","2","Bihar","Mungair","972.93","134.83","79.59","174.25","12.86","2.15","29.01","122.21","408.03","586.35","143.7"
"908","2012","2","Bihar","Mungair","972.93","134.83","79.59","174.6","12.84","2.15","28.95","118.52","411.43","570.25","138.6"
"908","2013","2","Bihar","Mungair","972.93","134.83","79.59","175.2","12.81","2.13","28.82","140.76","388.48","541.91","139.49"
"908","2014","2","Bihar","Mungair","972.93","134.83","79.59","175.52","12.79","2.11","28.71","159.83","369.18","532.74","144.3"
"908","2015","2","Bihar","Mungair","972.93","134.83","79.59","175.58","12.77","2.1","28.68","112.59","416.4","619.84","148.86"
"908","2016","2","Bihar","Mungair","972.93","131.83","79.59","175.63","12.76","1.09","28.66","109.31","419.68","620.36","147.82"
"908","2017","2","Bihar","Mungair","972.93","134.83","79.59","175.56","12.75","2.09","28.64","116.58","412.5","596.76","144.67"
"908","2018","2","Bihar","Mungair","972.94","134.82","79.58","175.58","12.73","2.08","28.58","126.08","403.99","588.56","145.69"
"908","2019","2","Bihar","Mungair","972.94","134.82","79.58","175.63","12.73","2.08","28.77","146.74","383.24","555.42","144.93"
"908","2020","2","Bihar","Mungair","972.94","134.82","79.58","175.56","12.72","2.08","26.81","123.51","409.11","607.44","148.48"
"909","2000","2","Bihar","Bhagalpur","559.92","46.39","65.71","108.39","10.34","2.36","5.69","7.81","299.8","372.69","124.31"
"909","2001","2","Bihar","Bhagalpur","559.92","46.39","65.71","108.56","10.34","2.36","5.68","5.5","301.73","341.5","113.18"
"909","2002","2","Bihar","Bhagalpur","559.92","46.39","65.7","108.62","10.33","2.36","5.65","4.95","302.17","335.52","111.04"
"909","2003","2","Bihar","Bhagalpur","559.92","46.39","65.69","108.71","10.31","2.35","5.63","7.52","299.49","338.9","113.16"
"909","2004","2","Bihar","Bhagalpur","559.92","46.39","65.69","108.77","10.3","2.34","5.59","16.02","290.91","327.18","112.47"
"909","2005","2","Bihar","Bhagalpur","559.92","46.39","65.69","108.77","10.3","2.34","5.58","14.39","292.56","337.05","115.21"
"909","2006","2","Bihar","Bhagalpur","559.92","46.39","65.69","108.79","10.29","2.34","4.41","9.55","298.56","333.49","111.7"
"909","2007","2","Bihar","Bhagalpur","559.92","46.39","65.36","109.27","10.29","1.72","4.39","7.21","301.35","346.73","115.06"
"909","2008","2","Bihar","Bhagalpur","559.92","46.39","65.36","111.24","10.2","1.71","16.14","26.76","268.09","329.88","123.05"
"909","2009","2","Bihar","Bhagalpur","559.92","46.39","65.36","112.38","10.19","1.71","16.1","39.26","254.42","318.03","125.0"
"909","2010","2","Bihar","Bhagalpur","559.92","46.39","65.36","112.81","10.19","1.7","16.1","66.77","226.47","285.32","125.99"
"909","2011","2","Bihar","Bhagalpur","559.92","46.39","65.36","113.04","10.19","1.7","16.16","51.51","241.42","301.04","124.7"
"909","2012","2","Bihar","Bhagalpur","559.92","46.39","65.36","113.35","10.17","1.7","16.16","48.43","244.22","305.45","125.07"
"909","2013","2","Bihar","Bhagalpur","559.92","46.39","65.36","113.68","10.16","1.69","16.12","45.62","246.73","315.07","127.7"
"909","2014","2","Bihar","Bhagalpur","559.92","46.39","65.36","113.86","10.14","1.68","16.02","46.36","245.9","314.34","127.83"
"909","2015","2","Bihar","Bhagalpur","559.92","46.39","65.36","113.9","10.13","1.66","16.01","46.68","245.58","313.74","127.75"
"909","2016","2","Bihar","Bhagalpur","559.92","46.39","65.36","113.92","10.13","1.66","16.0","42.05","250.2","315.18","125.97"
"909","2017","2","Bihar","Bhagalpur","559.92","46.39","65.36","113.87","10.13","1.66","16.0","48.95","243.36","303.92","124.88"
"909","2018","2","Bihar","Bhagalpur","559.92","46.39","65.36","113.9","10.12","1.65","15.99","54.85","237.46","299.16","125.98"
"909","2019","2","Bihar","Bhagalpur","559.92","46.39","65.36","113.92","10.12","1.65","15.95","57.81","234.78","294.55","125.46"
"909","2020","2","Bihar","Bhagalpur","559.92","46.39","65.36","113.87","10.12","1.65","17.95","67.51","222.47","274.04","123.18"
"910","2000","15","Jharkhand","Santhal Paragana / Dumka","-1.0","-1.0","-1.0","-1.0","-1.0","-1.0","-1.0","-1.0","-1.0","-1.0","-1.0"
"910","2001","15","Jharkhand","Santhal Paragana / Dumka","1413.1","148.98","83.59","147.15","82.01","61.26","205.4","315.62","342.97","395.25","115.24"
"910","2002","15","Jharkhand","Santhal Paragana / Dumka","1413.1","148.98","83.59","147.15","82.01","61.26","205.4","318.62","339.97","417.73","122.87"
"910","2003","15","Jharkhand","Santhal Paragana / Dumka","1413.1","148.98","83.59","147.15","82.01","61.26","178.84","332.69","352.48","384.97","109.22"
"910","2004","15","Jharkhand","Santhal Paragana / Dumka","1413.1","148.98","83.59","146.96","46.08","61.26","212.57","381.92","305.54","361.81","118.42"
"910","2005","15","Jharkhand","Santhal Paragana / Dumka","1413.1","148.98","83.59","17.84","43.38","61.26","167.46","243.36","489.22","509.35","104.11"
"910","2006","15","Jharkhand","Santhal Paragana / Dumka","1413.1","148.98","83.59","17.84","82.01","61.26","181.24","252.98","424.36","468.06","110.3"
"910","2007","15","Jharkhand","Santhal Paragana / Dumka","1413.09","148.98","83.6","145.72","82.8","61.26","187.57","348.7","328.46","354.55","107.94"
"910","2008","15","Jharkhand","Santhal Paragana / Dumka","1413.1","148.98","83.6","147.21","82.82","61.26","189.15","347.74","326.17","349.93","107.28"
"910","2009","15","Jharkhand","Santhal Paragana / Dumka","1413.1","148.98","83.63","147.46","82.82","61.26","199.3","396.58","266.92","302.15","113.2"
"910","2010","15","Jharkhand","Santhal Paragana / Dumka","1413.1","148.98","83.63","147.46","82.82","61.26","199.3","419.58","243.92","273.05","111.94"
"910","2011","15","Jharkhand","Santhal Paragana / Dumka","808.14","100.86","53.04","83.36","38.07","28.95","104.73","242.79","258.63","274.21","106.02"
"910","2012","15","Jharkhand","Santhal Paragana / Dumka","1413.1","148.98","89.37","132.72","84.65","61.16","225.17","363.12","282.2","356.21","126.23"
"910","2013","15","Jharkhand","Santhal Paragana / Dumka","1413.1","148.98","89.73","135.3","85.1","61.16","250.94","351.95","264.22","334.23","126.5"
"910","2014","15","Jharkhand","Santhal Paragana / Dumka","1413.1","148.98","89.73","135.3","85.1","61.16","239.57","305.48","322.06","340.09","105.6"
"910","2015","15","Jharkhand","Santhal Paragana / Dumka","1413.1","148.98","92.86","136.88","86.93","60.56","225.5","334.41","301.23","369.36","122.62"
"910","2016","15","Jharkhand","Santhal Paragana / Dumka","1413.1","148.98","96.82","115.27","74.15","51.46","253.54","330.43","324.03","389.02","120.06"
"910","2017","15","Jharkhand","Santhal Paragana / Dumka","1413.1","148.98","100.34","126.85","81.0","58.46","244.37","337.31","289.15","401.31","138.79"
"910","2018","15","Jharkhand","Santhal Paragana / Dumka","1413.1","148.98","90.06","137.61","93.73","58.46","234.35","385.52","240.02","313.79","130.73"
"910","2019","15","Jharkhand","Santhal Paragana / Dumka","1413.1","148.98","91.84","93.44","82.55","59.0","214.53","408.57","206.51","331.38","160.47"
"910","2020","15","Jharkhand","Santhal Paragana / Dumka","1413.1","148.98","92.24","127.69","78.89","59.26","218.04","381.08","279.26","366.27","131.16"
"911","2000","2","Bihar","Shahabad (now part of Bhojpur district)","1137.51","179.76","45.43","129.24","3.77","0.41","10.43","36.05","727.51","953.08","131.01"
"911","2001","2","Bihar","Shahabad (now part of Bhojpur district)","1137.51","179.76","45.43","129.82","3.77","0.4","10.42","29.99","732.65","971.21","132.56"
"911","2002","2","Bihar","Shahabad (now part of Bhojpur district)","1137.51","179.76","45.41","130.16","3.75","0.38","10.37","29.98","732.02","930.64","127.13"
"911","2003","2","Bihar","Shahabad (now part of Bhojpur district)","1137.51","179.76","45.39","130.32","3.73","0.37","10.32","29.54","732.23","940.36","128.42"
"911","2004","2","Bihar","Shahabad (now part of Bhojpur district)","1137.51","179.76","45.38","130.46","3.73","0.36","10.79","33.77","727.32","875.64","120.39"
"911","2005","2","Bihar","Shahabad (now part of Bhojpur district)","1137.51","179.76","45.37","130.59","3.71","0.35","9.14","30.2","732.3","916.07","125.09"
"911","2006","2","Bihar","Shahabad (now part of Bhojpur district)","1137.51","179.76","45.35","130.62","3.71","0.34","9.1","18.92","743.56","966.55","129.99"
"911","2007","2","Bihar","Shahabad (now part of Bhojpur district)","1137.51","179.76","45.07","131.33","3.81","0.33","9.05","21.31","740.71","980.56","132.38"
"911","2008","2","Bihar","Shahabad (now part of Bhojpur district)","1137.51","179.76","45.03","132.54","4.27","0.33","4.15","25.36","739.83","958.48","129.55"
"911","2009","2","Bihar","Shahabad (now part of Bhojpur district)","1137.51","179.76","44.97","133.77","4.24","0.33","4.15","66.76","697.19","857.73","123.03"
"911","2010","2","Bihar","Shahabad (now part of Bhojpur district)","1137.51","179.76","44.97","134.34","4.24","0.33","4.15","37.84","725.51","925.55","127.57"
"911","2011","2","Bihar","Shahabad (now part of Bhojpur district)","1137.51","179.76","44.97","134.73","4.23","0.33","4.0","34.28","728.83","961.61","131.94"
"911","2012","2","Bihar","Shahabad (now part of Bhojpur district)","1137.51","179.76","44.97","135.15","4.23","0.32","3.98","34.22","728.49","965.01","132.47"
"911","2013","2","Bihar","Shahabad (now part of Bhojpur district)","1137.51","179.76","44.97","135.58","4.2","0.31","3.89","39.16","723.15","995.48","137.66"
"911","2014","2","Bihar","Shahabad (now part of Bhojpur district)","1137.51","179.76","44.97","136.27","4.18","0.3","3.72","47.02","714.76","985.16","137.83"
"911","2015","2","Bihar","Shahabad (now part of Bhojpur district)","1137.51","179.76","44.97","136.32","4.17","0.3","3.7","49.79","711.97","966.99","135.82"
"911","2016","2","Bihar","Shahabad (now part of Bhojpur district)","1137.51","177.76","44.97","141.36","4.16","0.29","3.7","45.97","710.78","957.94","134.77"
"911","2017","2","Bihar","Shahabad (now part of Bhojpur district)","1137.51","179.76","44.97","141.49","4.12","0.29","3.68","45.97","710.68","950.57","133.75"
"911","2018","2","Bihar","Shahabad (now part of Bhojpur district)","1137.51","179.76","44.97","136.32","4.11","0.27","3.66","30.46","726.18","980.88","135.07"
"911","2019","2","Bihar","Shahabad (now part of Bhojpur district)","1137.51","179.76","44.97","141.36","4.11","0.27","2.53","8.04","749.74","1059.12","141.26"
"911","2020","2","Bihar","Shahabad (now part of Bhojpur district)","1137.51","179.76","44.97","141.49","4.1","0.26","2.1","12.38","745.62","1090.0","146.19"
"912","2000","2","Bihar","Gaya","1228.18","154.84","59.89","184.87","5.67","3.17","27.32","201.55","577.7","783.26","135.58"
"912","2001","2","Bihar","Gaya","1228.18","160.02","59.89","185.15","5.67","3.16","27.32","188.47","606.72","821.63","135.42"
"912","2002","2","Bihar","Gaya","1228.18","160.02","59.89","184.42","5.64","3.12","26.27","165.52","609.63","837.44","137.37"
"912","2003","2","Bihar","Gaya","1229.18","161.02","60.86","185.6","6.62","4.1","27.23","162.65","614.99","846.32","137.62"
"912","2004","2","Bihar","Gaya","1229.18","161.02","60.86","185.72","6.59","4.08","30.19","222.76","550.92","588.94","106.9"
"912","2005","2","Bihar","Gaya","1229.18","161.02","60.84","185.85","6.59","4.08","28.96","226.37","548.32","592.15","107.99"
"912","2006","2","Bihar","Gaya","1229.18","161.02","60.84","185.88","6.58","4.05","24.08","157.24","622.31","832.53","133.78"
"912","2007","2","Bihar","Gaya","1229.18","161.02","60.66","186.52","6.58","4.05","23.99","168.47","610.67","815.4","133.53"
"912","2008","2","Bihar","Gaya","1229.18","161.02","60.64","187.97","6.51","3.78","17.17","171.77","613.66","796.35","129.77"
"912","2009","2","Bihar","Gaya","1229.18","161.02","60.64","189.06","6.5","3.78","17.15","287.03","497.31","622.62","125.2"
"912","2010","2","Bihar","Gaya","1229.18","161.02","60.64","190.02","6.49","3.78","17.15","296.83","486.55","600.09","123.34"
"912","2011","2","Bihar","Gaya","1229.18","161.02","60.64","190.47","6.48","3.76","17.06","218.05","565.0","784.7","138.88"
"912","2012","2","Bihar","Gaya","1229.18","161.02","60.64","194.38","6.45","3.74","17.1","217.92","561.16","859.39","153.15"
"912","2013","2","Bihar","Gaya","1229.18","161.02","60.64","194.58","6.44","3.74","16.88","271.78","507.24","706.5","139.28"
"912","2014","2","Bihar","Gaya","1229.18","161.02","60.64","194.29","6.4","3.69","16.79","189.88","589.56","784.38","133.04"
"912","2015","2","Bihar","Gaya","1229.18","161.02","60.64","194.44","6.35","3.68","16.76","201.97","577.39","752.17","130.27"
"912","2016","2","Bihar","Gaya","1229.18","160.02","60.64","194.56","6.35","3.67","16.74","184.78","594.49","784.55","131.97"
"912","2017","2","Bihar","Gaya","1229.18","161.02","60.64","194.41","6.34","3.64","16.71","185.64","593.81","779.89","131.34"
"912","2018","2","Bihar","Gaya","1229.19","161.01","60.64","194.44","6.33","3.62","16.7","202.19","577.26","773.28","133.96"
"912","2019","2","Bihar","Gaya","1229.19","161.01","60.64","194.56","6.33","3.62","16.93","224.11","553.94","716.95","129.43"
"912","2020","2","Bihar","Gaya","1229.19","161.01","60.64","194.41","6.33","3.62","38.85","182.88","573.25","745.63","130.07"
"913","2000","15","Jharkhand","Hazaribagh","-1.0","-1.0","-1.0","-1.0","-1.0","-1.0","-1.0","-1.0","-1.0","-1.0","-1.0"
"913","2001","15","Jharkhand","Hazaribagh","1796.23","729.44","116.91","152.73","41.64","26.02","175.0","302.95","224.38","284.59","126.83"
"913","2002","15","Jharkhand","Hazaribagh","1796.23","729.44","116.91","152.73","41.64","26.02","175.0","296.94","230.39","264.48","114.8"
"913","2003","15","Jharkhand","Hazaribagh","1796.23","729.44","116.91","152.73","41.64","26.02","218.76","268.2","215.38","263.7","122.43"
"913","2004","15","Jharkhand","Hazaribagh","1796.23","729.44","116.91","151.04","41.66","26.01","211.78","278.0","214.2","227.88","106.39"
"913","2005","15","Jharkhand","Hazaribagh","1796.23","729.44","116.91","27.04","41.66","26.01","240.18","275.48","188.12","216.46","115.06"
"913","2006","15","Jharkhand","Hazaribagh","1797.23","730.44","117.92","28.04","42.64","27.01","245.71","269.25","193.36","237.9","123.04"
"913","2007","15","Jharkhand","Hazaribagh","1797.24","730.44","117.92","151.03","39.27","27.01","225.85","275.57","209.96","251.14","119.62"
"913","2008","15","Jharkhand","Hazaribagh","1797.24","730.44","118.13","152.86","42.29","27.01","226.43","267.36","212.54","249.95","117.6"
"913","2009","15","Jharkhand","Hazaribagh","1797.24","730.44","118.13","152.5","42.29","27.01","253.84","318.09","134.78","164.4","121.98"
"913","2010","15","Jharkhand","Hazaribagh","1797.24","730.44","118.13","152.5","42.29","27.01","253.84","332.11","120.76","160.78","133.14"
"913","2011","15","Jharkhand","Hazaribagh","1603.61","680.75","92.39","115.35","39.59","26.66","198.69","293.32","163.79","210.27","128.38"
"913","2012","15","Jharkhand","Hazaribagh","1797.24","730.44","117.81","122.85","46.1","26.2","243.95","279.66","209.71","226.33","107.93"
"913","2013","15","Jharkhand","Hazaribagh","1797.24","730.44","118.26","123.11","45.98","25.79","233.12","327.49","171.69","251.12","146.27"
"913","2014","15","Jharkhand","Hazaribagh","1797.24","730.44","118.26","123.11","45.98","25.79","243.03","312.74","176.56","207.62","117.59"
"913","2015","15","Jharkhand","Hazaribagh","1797.24","730.44","124.41","121.69","46.16","25.9","231.8","330.79","164.42","295.27","179.58"
"913","2016","15","Jharkhand","Hazaribagh","1797.24","730.44","126.74","116.88","46.3","28.06","232.59","326.98","161.8","308.18","190.47"
"913","2017","15","Jharkhand","Hazaribagh","1797.23","730.45","126.54","121.21","45.86","29.21","244.82","254.77","222.11","294.95","132.79"
"913","2018","15","Jharkhand","Hazaribagh","1797.23","730.45","133.68","114.31","44.53","29.21","245.13","312.39","162.01","268.87","165.95"
"913","2019","15","Jharkhand","Hazaribagh","1797.23","730.45","130.09","118.13","45.87","28.6","245.71","309.96","163.09","285.71","175.19"
"913","2020","15","Jharkhand","Hazaribagh","1797.23","730.45","126.81","120.1","46.78","28.54","244.56","306.06","172.24","284.47","165.16"
"914","2000","15","Jharkhand","Dhanbad","-1.0","-1.0","-1.0","-1.0","-1.0","-1.0","-1.0","-1.0","-1.0","-1.0","-1.0"
"914","2001","15","Jharkhand","Dhanbad","299.53","43.41","40.55","63.84","14.17","2.18","33.57","65.9","32.3","52.87","163.7"
"914","2002","15","Jharkhand","Dhanbad","299.53","43.41","40.55","63.84","14.17","2.18","33.57","62.91","35.29","40.12","113.69"
"914","2003","15","Jharkhand","Dhanbad","299.53","43.41","40.55","63.84","14.17","2.18","35.46","61.9","34.4","46.76","135.93"
"914","2004","15","Jharkhand","Dhanbad","299.53","43.41","40.55","64.83","14.17","2.18","31.85","61.15","37.77","40.95","108.42"
"914","2005","15","Jharkhand","Dhanbad","299.53","43.41","40.55","6.61","14.17","2.18","35.46","61.86","33.45","33.45","100.0"
"914","2006","15","Jharkhand","Dhanbad","299.53","43.41","40.55","6.61","14.17","2.18","38.28","60.18","32.32","32.87","101.7"
"914","2007","15","Jharkhand","Dhanbad","299.53","43.41","40.55","64.7","14.46","2.18","32.57","59.5","38.55","41.2","106.86"
"914","2008","15","Jharkhand","Dhanbad","299.53","43.41","40.65","64.71","14.46","2.18","33.44","61.3","35.77","41.24","115.3"
"914","2009","15","Jharkhand","Dhanbad","299.53","43.41","40.65","64.73","14.46","2.18","35.06","76.38","19.05","20.47","107.45"
"914","2010","15","Jharkhand","Dhanbad","299.53","43.41","40.65","64.73","14.46","2.18","35.06","83.36","12.07","15.19","125.85"
"914","2011","15","Jharkhand","Dhanbad","299.53","43.41","45.89","65.04","14.86","2.08","45.73","64.21","14.37","25.75","179.22"
"914","2012","15","Jharkhand","Dhanbad","299.53","43.41","44.4","60.26","14.86","2.08","52.99","54.4","23.19","28.08","121.06"
"914","2013","15","Jharkhand","Dhanbad","299.53","43.41","44.4","58.77","14.86","2.08","61.02","45.78","25.26","27.1","107.26"
"914","2014","15","Jharkhand","Dhanbad","299.53","43.41","44.4","58.77","14.86","2.08","63.02","44.9","24.14","26.42","109.45"
"914","2015","15","Jharkhand","Dhanbad","299.53","43.41","43.42","58.4","15.09","2.08","67.67","48.18","17.45","20.57","117.93"
"914","2016","15","Jharkhand","Dhanbad","299.53","43.41","43.38","58.54","15.09","2.08","66.98","48.21","17.98","25.11","139.68"
"914","2017","15","Jharkhand","Dhanbad","299.53","43.41","41.11","58.89","17.6","7.52","60.09","46.03","19.14","23.84","124.58"
"914","2018","15","Jharkhand","Dhanbad","299.53","43.41","41.64","58.4","17.24","7.52","52.35","55.06","18.1","21.26","117.48"
"914","2019","15","Jharkhand","Dhanbad","299.53","43.41","45.69","58.54","18.02","7.52","61.22","45.85","14.0","22.71","162.16"
"914","2020","15","Jharkhand","Dhanbad","299.53","43.41","40.74","58.89","20.21","7.33","63.73","41.63","18.78","22.56","120.12"
"915","2000","15","Jharkhand","Palamau","-1.0","-1.0","-1.0","-1.0","-1.0","-1.0","-1.0","-1.0","-1.0","-1.0","-1.0"
"915","2001","15","Jharkhand","Palamau","1272.75","556.0","75.22","63.0","18.67","4.95","112.0","240.66","196.21","253.68","129.29"
"915","2002","15","Jharkhand","Palamau","1272.75","556.0","75.22","63.0","18.67","4.95","112.0","240.66","196.21","234.03","119.28"
"915","2003","15","Jharkhand","Palamau","1272.75","556.0","75.22","63.0","18.67","4.95","100.36","243.57","204.92","220.05","107.38"
"915","2004","15","Jharkhand","Palamau","1272.75","556.0","75.62","62.98","18.59","4.95","122.36","240.59","185.62","193.39","104.19"
"915","2005","15","Jharkhand","Palamau","1272.75","556.0","75.62","7.77","18.59","4.94","98.35","239.88","210.32","210.32","100.0"
"915","2006","15","Jharkhand","Palamau","1272.75","556.0","75.22","7.77","18.67","4.94","99.97","241.34","207.58","207.58","100.0"
"915","2007","15","Jharkhand","Palamau","1272.75","556.0","75.22","62.98","18.65","4.95","108.59","256.6","183.71","187.32","101.97"
"915","2008","15","Jharkhand","Palamau","1272.74","556.0","75.22","62.91","18.65","4.94","142.48","237.2","169.28","179.22","105.87"
"915","2009","15","Jharkhand","Palamau","1272.75","556.0","75.22","62.94","18.65","4.95","161.86","247.12","139.96","144.91","103.54"
"915","2010","15","Jharkhand","Palamau","1272.75","556.0","75.22","62.94","18.65","4.95","161.86","255.12","131.96","169.99","128.82"
"915","2011","15","Jharkhand","Palamau","1272.75","556.0","72.33","74.4","26.01","10.5","185.59","363.17","161.13","195.12","121.09"
"915","2012","15","Jharkhand","Palamau","1272.75","556.0","78.58","66.03","27.53","6.64","128.08","175.96","224.27","273.46","121.93"
"915","2013","15","Jharkhand","Palamau","1272.75","556.0","77.68","69.7","28.97","6.81","132.31","175.84","215.95","260.28","120.53"
"915","2014","15","Jharkhand","Palamau","1272.75","556.0","77.68","69.7","28.97","6.81","147.62","199.33","177.14","229.36","129.48"
"915","2015","15","Jharkhand","Palamau","1272.75","556.0","74.23","66.01","30.86","7.74","150.28","184.97","193.21","267.96","138.69"
"915","2016","15","Jharkhand","Palamau","1272.75","556.0","77.95","60.27","31.71","7.45","104.41","194.23","234.82","330.86","140.9"
"915","2017","15","Jharkhand","Palamau","1272.75","556.0","76.35","64.06","31.88","7.61","123.7","175.22","229.76","302.53","131.67"
"915","2018","15","Jharkhand","Palamau","1272.75","556.0","75.07","66.01","30.93","7.61","119.22","163.43","248.16","339.08","136.64"
"915","2019","15","Jharkhand","Palamau","1272.75","556.0","77.68","60.27","30.32","7.45","134.19","185.51","209.2","300.35","143.57"
"915","2020","15","Jharkhand","Palamau","1272.75","556.0","76.88","64.06","30.71","8.16","163.46","175.53","186.43","289.23","155.14"
"916","2000","15","Jharkhand","Ranchi","-1.0","-1.0","-1.0","-1.0","-1.0","-1.0","-1.0","-1.0","-1.0","-1.0","-1.0"
"916","2001","15","Jharkhand","Ranchi","1824.76","427.49","118.2","117.68","85.82","6.64","255.99","338.43","452.16","540.55","119.55"
"916","2002","15","Jharkhand","Ranchi","1824.76","427.49","118.2","117.68","85.82","6.64","255.99","330.43","460.16","553.6","120.31"
"916","2003","15","Jharkhand","Ranchi","1824.76","427.49","118.2","117.68","85.82","6.64","246.45","323.36","476.75","537.14","112.67"
"916","2004","15","Jharkhand","Ranchi","1824.76","427.49","118.2","116.8","120.46","6.64","258.07","298.39","456.36","527.19","115.52"
"916","2005","15","Jharkhand","Ranchi","1824.76","427.49","118.2","11.63","120.46","6.64","246.14","309.57","457.1","485.45","106.2"
"916","2006","15","Jharkhand","Ranchi","1825.77","428.49","119.2","12.63","86.82","7.64","247.0","328.68","464.06","538.36","116.01"
"916","2007","15","Jharkhand","Ranchi","1825.78","428.49","119.21","117.52","87.52","7.64","242.39","326.41","471.21","520.72","110.51"
"916","2008","15","Jharkhand","Ranchi","1825.77","428.49","123.44","118.3","87.7","7.64","244.38","331.92","458.56","548.15","119.54"
"916","2009","15","Jharkhand","Ranchi","1825.77","428.49","123.44","118.35","87.7","7.64","250.07","349.52","435.24","509.77","117.12"
"916","2010","15","Jharkhand","Ranchi","1825.77","428.49","123.44","118.35","87.7","7.64","250.07","403.52","381.24","425.93","111.72"
"916","2011","15","Jharkhand","Ranchi","1825.77","428.49","115.91","119.8","90.28","8.86","242.49","371.46","421.78","447.27","106.04"
"916","2012","15","Jharkhand","Ranchi","1825.77","428.49","119.71","119.13","86.52","8.64","260.77","366.04","407.89","481.02","117.93"
"916","2013","15","Jharkhand","Ranchi","1825.77","428.49","119.4","112.9","89.21","8.48","257.7","342.28","443.34","502.92","113.44"
"916","2014","15","Jharkhand","Ranchi","1825.77","428.49","119.4","112.9","89.21","8.48","292.55","317.39","433.38","464.54","107.19"
"916","2015","15","Jharkhand","Ranchi","1825.77","428.49","130.78","124.33","93.28","8.01","233.25","310.37","474.0","570.61","120.38"
"916","2016","15","Jharkhand","Ranchi","1825.77","428.49","116.08","106.71","95.41","8.12","218.15","314.33","509.72","752.14","147.56"
"916","2017","15","Jharkhand","Ranchi","1825.77","428.49","116.35","111.67","95.66","10.7","287.02","280.43","458.1","724.72","158.2"
"916","2018","15","Jharkhand","Ranchi","1825.77","428.49","111.72","124.25","90.66","10.7","297.07","320.49","395.13","613.0","155.14"
"916","2019","15","Jharkhand","Ranchi","1825.77","428.49","111.65","106.32","90.35","8.35","246.6","297.93","483.81","545.05","112.66"
"916","2020","15","Jharkhand","Ranchi","1825.77","428.49","116.15","111.56","127.73","8.37","241.49","298.19","457.83","559.75","122.26"
"917","2000","15","Jharkhand","Singhbhum","-1.0","-1.0","-1.0","-1.0","-1.0","-1.0","-1.0","-1.0","-1.0","-1.0","-1.0"
"917","2001","15","Jharkhand","Singhbhum","1361.7","332.16","127.65","212.15","89.75","6.66","126.4","183.08","271.94","307.25","112.98"
"917","2002","15","Jharkhand","Singhbhum","1361.7","332.16","127.65","212.15","89.75","6.66","126.4","183.08","271.94","295.39","108.62"
"917","2003","15","Jharkhand","Singhbhum","1361.7","332.16","127.65","212.15","89.75","6.66","119.26","182.6","279.56","295.06","105.54"
"917","2004","15","Jharkhand","Singhbhum","1361.7","332.16","127.65","209.91","90.02","6.66","129.92","179.02","274.45","283.81","103.41"
"917","2005","15","Jharkhand","Singhbhum","1361.7","332.16","127.65","13.68","89.75","6.66","119.1","172.42","289.92","301.53","104.0"
"917","2006","15","Jharkhand","Singhbhum","1361.7","332.16","127.65","13.68","89.75","6.66","118.92","165.59","296.93","305.32","102.83"
"917","2007","15","Jharkhand","Singhbhum","1361.7","332.16","127.65","212.52","89.97","6.66","115.82","161.14","303.87","320.33","105.42"
"917","2008","15","Jharkhand","Singhbhum","1361.7","332.16","127.68","217.57","89.97","6.66","125.89","148.19","301.66","380.89","126.26"
"917","2009","15","Jharkhand","Singhbhum","1361.7","332.16","127.68","217.77","89.97","6.66","144.91","176.17","254.45","257.56","101.22"
"917","2010","15","Jharkhand","Singhbhum","1361.7","332.16","127.68","217.77","89.97","6.66","144.91","235.17","195.45","204.23","104.49"
"917","2011","15","Jharkhand","Singhbhum","1361.7","332.15","121.21","220.4","85.54","8.16","132.9","207.04","240.73","277.76","115.38"
"917","2012","15","Jharkhand","Singhbhum","1361.7","332.16","122.03","208.57","89.57","8.9","127.28","200.95","258.76","291.93","112.82"
"917","2013","15","Jharkhand","Singhbhum","1361.7","332.16","118.58","206.03","88.75","9.51","128.06","201.8","263.15","296.24","112.57"
"917","2014","15","Jharkhand","Singhbhum","1361.7","332.16","118.58","206.03","88.75","9.51","136.01","205.72","251.26","285.65","113.69"
"917","2015","15","Jharkhand","Singhbhum","1361.7","332.16","119.93","208.97","90.64","11.78","145.5","201.83","235.29","287.82","122.33"
"917","2016","15","Jharkhand","Singhbhum","1361.7","332.16","122.38","211.98","89.66","12.99","146.98","225.03","202.94","239.65","118.09"
"917","2017","15","Jharkhand","Singhbhum","1361.7","332.15","123.76","213.74","96.11","13.48","144.28","191.71","225.54","285.54","126.6"
"917","2018","15","Jharkhand","Singhbhum","1361.7","332.15","127.31","208.97","102.98","13.44","138.12","189.73","217.15","268.47","123.63"
"917","2019","15","Jharkhand","Singhbhum","1361.7","332.15","127.26","211.98","101.53","19.67","134.87","191.5","214.82","274.39","127.73"
"917","2020","15","Jharkhand","Singhbhum","1361.7","332.15","127.23","213.74","101.43","19.95","136.46","189.69","213.94","280.82","131.26"